year,AOIARKHA_03_,AOIARKHA_06_,AOIARKHA_09_,AOIARKHA_12_,AOIARKHA_14_,AOIARKHA_15_,AOIARKHA_16_,AOIARKHA_17_,AOIARKHA_19_,AOIARKHA_20_
1680,0,0.9318558573722839
1681,0,0.5201603770256042
1682,0,0.391994446516037
1683,0,0.6309772729873657
1684,0,0.40689024329185486
1685,0,0.2660667300224304
1686,0,0.6936164498329163
1687,0,0.5613234639167786,0.23806244134902954
1688,0,0.22961433231830597,0.38326001167297363
1689,0,0.4362269639968872,0.6154165267944336
1690,0,0.37893134355545044,0.44528818130493164
1691,0,0.2762754559516907,0.9544712901115417
1692,0,0.6789465546607971,1.0877904891967773
1693,0,0.961613118648529,1.0741114616394043
1694,0,0.5193106532096863,1.2229453325271606
1695,0,1.1321231126785278,1.384567379951477
1696,0,0.1328219473361969,0.37563300132751465
1697,0,0.2416171133518219,0.6445364356040955
1698,0,0.15772758424282074,0.24001441895961761
1699,0,0.05731561779975891,0.14722701907157898
1700,0,0.34262341260910034,0.5934253931045532
1701,0,0.2893528938293457,0.6075819134712219
1702,0,0.06427362561225891,0.3121325373649597
1703,0,0.24510657787322998,0.5005658268928528
1704,0,0.30825620889663696,0.9830496907234192
1705,0,0.5609459280967712,1.9066476821899414
1706,0,0.4487594664096832,1.4367592334747314
1707,0,0.6912622451782227,1.2513667345046997
1708,0,0.6815220713615417,0.960856556892395
1709,0,1.1750986576080322,1.537893295288086,0,0.656352698802948
1710,0,1.3776963949203491,1.056424856185913,0,0.6016703248023987
1711,0,1.1853773593902588,0.6267966032028198,0,0.9354401230812073
1712,0,1.3279414176940918,1.069927453994751,0,1.6552802324295044
1713,0,1.454726219177246,1.0602244138717651,0,1.8526380062103271,2.6634485721588135
1714,0,0.6582754850387573,0.5542217493057251,0,0.5286678671836853,0.6145954132080078
1715,0,2.074741840362549,1.5865267515182495,0,1.1020002365112305,2.7131266593933105
1716,0,1.8336255550384521,1.1649054288864136,0,0.8374611139297485,3.2903337478637695
1717,0,1.473731279373169,1.2872756719589233,0,1.197330117225647,2.5875747203826904
1718,0,0.2229193150997162,0.2490435093641281,0,0.3642258942127228,0.24848155677318573
1719,0,1.2358781099319458,1.1683295965194702,0,1.002691626548767,2.185074806213379,0,0,0,2.7068030834198
1720,0,1.4864170551300049,0.7803182601928711,0,0.7058795690536499,2.6275932788848877,0,0,0,0.9500192999839783
1721,0,0.8646840453147888,0.550743579864502,0,0.8823022246360779,1.9057682752609253,0,0,0,0.8999906182289124
1722,0,0.856930136680603,1.0797247886657715,0,1.0416117906570435,1.5438282489776611,0,0,0,1.1305336952209473
1723,0,0.638183057308197,0.8128536939620972,0,0.9864200353622437,1.5048878192901611,0,0,0,1.3015495538711548
1724,0,0.6563289761543274,1.117562174797058,0,0.5872470736503601,1.320125699043274,0,0,0,1.4362088441848755
1725,0,0.9154323935508728,1.3769068717956543,0,1.2101250886917114,1.292672038078308,0,0,0,1.3783923387527466
1726,0,0.6675763726234436,1.2483211755752563,0,1.211800217628479,0.7623573541641235,0,0,0,0.8710181713104248
1727,0,1.8488316535949707,3.0689351558685303,0,1.9954262971878052,3.263850450515747,0,0,0,1.4798471927642822
1728,0,0.8184977769851685,0.800861120223999,0,0.7581839561462402,1.6140737533569336,0,0,0,0.6738516688346863
1729,0,1.8219643831253052,2.208871364593506,0,1.7128465175628662,3.3734333515167236,0,0,0,1.6418291330337524
1730,0,1.3768410682678223,2.3550033569335938,0,1.512578010559082,2.2021560668945312,0,0,0,1.3253663778305054
1731,0,0.9506770372390747,1.7066272497177124,0,1.3997561931610107,1.5370556116104126,0,0,0,1.134075403213501
1732,0,0.7862995862960815,0.9711878895759583,0,0.6893228888511658,0.8625863194465637,0,0,0,0.7275198101997375
1733,0,1.2261239290237427,1.4927642345428467,0,0.7725920081138611,1.3686283826828003,0,0,0,0.9639869928359985
1734,0,1.3434146642684937,1.8527696132659912,0,0.9347068071365356,1.5208898782730103,0,0,0,0.9751178622245789
1735,0,0.6580581665039062,0.9281097650527954,0,0.6672423481941223,0.5333815217018127,0,0,0,0.5971367359161377
1736,0,0.9156123995780945,1.2294723987579346,0,0.8253828883171082,1.1170458793640137,0,0,0,0.7908708453178406
1737,0,1.537367820739746,1.1716634035110474,0,0.6232481002807617,2.226761817932129,0,0,0,0.7282511591911316
1738,0,0.6261582374572754,0.5225430727005005,0,0.5459301471710205,0.49877044558525085,0,0,0,0.4779719412326813
1739,0,1.5674407482147217,0.9952658414840698,0,0.730840802192688,1.5577374696731567,0,0,0,0.672673761844635
1740,0,1.4079433679580688,0.8699462413787842,0,0.6062885522842407,1.488203763961792,0,0,0,0.7493795156478882
1741,0,1.3911164999008179,0.7750328779220581,0,0.6102617383003235,0.8191439509391785,0,0,0,0.7786350250244141
1742,0,0.4445202648639679,0.34438279271125793,0,0.07380205392837524,0.328207790851593,0,0,0,0.244400292634964
1743,0.000056106662668753415,1.3799610137939453,1.1993749141693115,0,0.4587733745574951,2.1712493896484375,0,0,0,0.8970274329185486
1744,0.000550527882296592,1.8789108991622925,1.7185587882995605,0,0.8694587349891663,3.2144086360931396,0.0014599952846765518,0,0,1.5096755027770996
1745,0.0024138218723237514,0.8967224955558777,0.6298590898513794,0,0.5948237776756287,2.3680458068847656,0.0008337874314747751,0,0,0.8323655128479004
1746,0.2082548290491104,1.8683321475982666,2.2288289070129395,0,1.079417109489441,2.449211359024048,0.011567763052880764,0,0,1.1058450937271118
1747,0.6021839380264282,2.6954996585845947,2.0194976329803467,0,1.2282589673995972,2.191897392272949,1.8027215003967285,0,0,1.1157212257385254
1748,2.229189395904541,2.076838970184326,1.4933091402053833,0,1.3540335893630981,2.5749738216400146,2.7389347553253174,0,0,1.1622720956802368
1749,1.659338355064392,2.2682440280914307,1.7071841955184937,0,1.1925679445266724,2.1247239112854004,1.9623236656188965,0,0,1.0220741033554077
1750,1.2773383855819702,1.4386804103851318,1.029541254043579,0,0.7243138551712036,1.471183180809021,1.468767523765564,0,0,0.8318359851837158
1751,1.24678635597229,1.2196201086044312,0.833777129650116,0,0.7436285018920898,1.2236002683639526,1.1640346050262451,0,0,0.7604499459266663
1752,2.011542320251465,2.119784116744995,1.2000430822372437,0,1.1151660680770874,1.8826987743377686,1.54635751247406,0,0,1.1967885494232178
1753,1.0254050493240356,1.2418668270111084,0.8312674164772034,0,0.620343804359436,1.1520136594772339,1.036999225616455,0,0,0.8978036046028137
1754,1.126570224761963,1.2063872814178467,0.5530255436897278,0,0.6429362893104553,1.1151314973831177,0.8180702328681946,0,0,0.7283194661140442
1755,1.3812341690063477,0.8411064743995667,0.3816973865032196,0,0.450138121843338,0.7329342365264893,0.5485737919807434,0,0,0.5947204232215881
1756,1.2605117559432983,1.3383311033248901,0.6003580689430237,0,0.7176481485366821,0.6968779563903809,0.8788679838180542,0,0,0.8466256260871887
1757,2.580375909805298,1.7910867929458618,1.5215003490447998,0,1.3054577112197876,2.636669158935547,1.9850490093231201,0,0,1.444750428199768
1758,1.789674997329712,1.1585545539855957,1.3411400318145752,0,1.1582082509994507,1.7470072507858276,1.730266809463501,0,0,1.143367886543274
1759,1.2449555397033691,1.3276928663253784,0.9557114839553833,0,0.8107303380966187,1.34420645236969,1.6507680416107178,0,0,0.7890642881393433
1760,0.4581468403339386,0.5564011931419373,0.10970522463321686,0,0.04864438623189926,0.26032301783561707,0.6683492660522461,0,0,0.20093227922916412
1761,0.7641555666923523,0.9387695789337158,0.3971194624900818,0.7480798363685608,0.31494325399398804,1.4350066184997559,1.2927852869033813,0,0,0.5235260128974915
1762,1.1359689235687256,0.9228813052177429,0.4329453110694885,1.755863070487976,0.34738659858703613,1.4392670392990112,0.8150836229324341,0,0,0.6784780621528625
1763,1.3655790090560913,1.1353665590286255,0.9753900766372681,3.462482213973999,0.4681608974933624,1.8001197576522827,1.089180827140808,0,0,0.8152480125427246
1764,1.2307627201080322,0.7098851799964905,0.7865363359451294,3.0014498233795166,0.6438450813293457,1.1248836517333984,0.8148442506790161,0,0,0.9887159466743469
1765,2.383948802947998,1.602555513381958,0.9911971092224121,3.5912134647369385,0.9104735851287842,1.7780237197875977,1.4893947839736938,0,0,1.1486879587173462
1766,1.8196543455123901,1.780281901359558,0.9443646669387817,3.8585612773895264,0.9956820011138916,2.311661958694458,1.2957648038864136,0,0,1.4157429933547974
1767,2.6406443119049072,2.082183361053467,1.4843180179595947,0.016572991386055946,1.0544369220733643,2.260852575302124,1.4905441999435425,0,0,1.665797472000122
1768,1.7057771682739258,1.3607620000839233,0.8892198801040649,1.663150429725647,0.7637349963188171,0.9362838864326477,1.110108733177185,0,0,1.1947568655014038
1769,2.128856897354126,2.2131731510162354,2.147751569747925,2.4879539012908936,1.4665709733963013,2.5013184547424316,1.6438103914260864,0,0,1.4520949125289917
1770,0.995253324508667,1.2477586269378662,0.9228772521018982,1.404832363128662,0.5542696714401245,0.727290153503418,0.9684712886810303,0,0,0.6036816835403442
1771,0.6046895980834961,0.5968688726425171,0.6664401292800903,1.0226753950119019,0.506618082523346,0.3620106875896454,0.2894408702850342,0,0,0.22267475724220276
1772,0.9626093506813049,0.9408699870109558,0.6968563199043274,1.7346014976501465,0.46374642848968506,0.6665617227554321,0.6660869121551514,0,0,0.6651613116264343
1773,0.5193162560462952,0.36009055376052856,0.19316783547401428,0.9772277474403381,0.21494635939598083,0.25517579913139343,0.4807535707950592,0,0,0.3894500434398651
1774,1.8734221458435059,1.4309759140014648,0.6987302303314209,1.2499743700027466,0.6568398475646973,1.245924711227417,1.6137725114822388,0,0,1.1585923433303833
1775,2.9225103855133057,1.805538296699524,0.7352624535560608,1.542070984840393,0.7308886051177979,1.589700698852539,2.133998155593872,0,0,1.8603880405426025
1776,1.9662095308303833,1.467607021331787,0.5815220475196838,1.7202317714691162,0.5748422741889954,0.5784204602241516,1.765212059020996,0,0,1.4236030578613281
1777,2.1650314331054688,1.6271026134490967,1.2291251420974731,2.6476097106933594,0.9317066073417664,1.6584833860397339,2.283480644226074,0,0,1.6417485475540161
1778,2.2281548976898193,1.4799333810806274,0.9986787438392639,2.301516056060791,0.7243089079856873,1.7117220163345337,2.1070706844329834,0,0,1.6280401945114136
1779,1.108674168586731,1.2242683172225952,0.6816646456718445,1.3890380859375,0.6173776388168335,0.32280221581459045,1.1566654443740845,0,0,0.8810669183731079
1780,1.0362728834152222,1.273983359336853,0.8648382425308228,1.2241075038909912,0.6049356460571289,1.095702052116394,1.081734538078308,0,0,1.0094425678253174
1781,1.0142803192138672,0.9263783693313599,0.4533846378326416,1.2616872787475586,0.34773093461990356,0.561514139175415,1.139104962348938,0,0,0.7452624440193176
1782,1.709233045578003,1.5592107772827148,1.0768096446990967,1.7317657470703125,0.7555661797523499,1.9605662822723389,1.7394838333129883,0,0,1.0929186344146729
1783,1.3803058862686157,1.1404165029525757,1.0683842897415161,1.5266691446304321,0.4918237328529358,0.652353823184967,1.3575140237808228,0,0,0.9673813581466675
1784,2.42848539352417,2.0823535919189453,1.9055355787277222,2.1976802349090576,0.757692813873291,1.9167473316192627,1.8750500679016113,0,0,1.4079622030258179
1785,1.8568105697631836,1.7517526149749756,1.8066413402557373,1.8803486824035645,1.3227940797805786,2.055333137512207,1.449169635772705,0,0,1.2658963203430176
1786,0.4752170741558075,0.6129609942436218,0.47231706976890564,1.1004703044891357,0.35148975253105164,0.45231443643569946,0.6703181266784668,0,0,0.3752225637435913
1787,2.0981154441833496,1.5091842412948608,1.6981312036514282,2.070913314819336,0.7942377328872681,2.7559444904327393,1.8962758779525757,0,0,1.3057526350021362
1788,1.0360203981399536,1.0604628324508667,1.0728302001953125,1.3649152517318726,0.28075385093688965,1.3196967840194702,1.4363582134246826,0,0,0.94968581199646
1789,1.377785325050354,1.3573437929153442,1.064693808555603,2.222003936767578,0.20716707408428192,1.6473286151885986,2.1603806018829346,0,0,1.0211385488510132
1790,2.4139370918273926,1.2907416820526123,1.1533371210098267,2.1213040351867676,0,2.162320852279663,2.612848997116089,0,0,1.3472583293914795
1791,0.8995177149772644,0.7435482740402222,1.0044894218444824,1.3176603317260742,0,1.21605384349823,2.098670721054077,0,0,0.7687292695045471
1792,1.1920781135559082,0.6912000775337219,1.1838866472244263,1.4480477571487427,0,1.2027041912078857,2.07646107673645,0,1.1477856636047363,0.6723149418830872
1793,1.867497205734253,1.522969365119934,1.953166127204895,2.214848518371582,0,2.491351842880249,2.6561543941497803,0,1.7627437114715576,1.0068011283874512
1794,3.6617510318756104,2.1757686138153076,2.6231162548065186,3.3699193000793457,0.45464929938316345,3.3225061893463135,2.2499492168426514,0,1.9533287286758423,1.8739053010940552
1795,1.7047096490859985,1.3258047103881836,1.4509307146072388,1.5996497869491577,0.33216121792793274,0.5884978771209717,1.2548115253448486,0,0.8703770637512207,0.6909298300743103
1796,1.9638464450836182,1.138407588005066,1.7022744417190552,2.498215913772583,0.7727665901184082,1.7342610359191895,1.3344610929489136,0,1.438570261001587,0.8792411088943481
1797,1.7300604581832886,1.1665465831756592,1.352736234664917,2.2998313903808594,0.687850296497345,1.3722574710845947,0.9404867887496948,0,1.237172245979309,1.0007914304733276
1798,0.579159677028656,0.48095738887786865,0.5883668661117554,1.462324857711792,0.3652123808860779,0.24813809990882874,0.19285191595554352,0,0.48212969303131104,0.4340159296989441
1799,0.9036731123924255,0.9483279585838318,0.9617840051651001,1.4075214862823486,0.6072739958763123,0.8971573114395142,0.18673698604106903,0,0.5901526808738708,0.8158770799636841
1800,0.42170265316963196,0.8724039196968079,0.6049837470054626,1.0945169925689697,0.2475728839635849,0.22483962774276733,0,0,0.4036974310874939,0.5823113918304443
1801,1.3783882856369019,1.6221837997436523,1.2917125225067139,1.7973624467849731,1.2796969413757324,1.3395837545394897,0,0,0.7534016966819763,0.9972930550575256
1802,1.6544241905212402,1.460903286933899,1.8844318389892578,1.8229490518569946,0.6664804816246033,1.3705369234085083,0,0,1.440870761871338,1.2382726669311523
1803,1.87466299533844,1.7214876413345337,0.956489086151123,1.474372148513794,0.6399460434913635,1.7880892753601074,0.030596312135457993,0,1.256988525390625,0.999404788017273
1804,1.3820416927337646,1.2851321697235107,1.0355972051620483,1.2610914707183838,0.3854541480541229,1.514319658279419,0.006412405986338854,0,0.790759801864624,1.1066832542419434
1805,2.214369535446167,1.3929986953735352,1.6547881364822388,2.057459592819214,0.6663391590118408,0.020842978730797768,0,0,1.04106605052948,1.4031072854995728
1806,3.682002544403076,1.7033047676086426,2.059406042098999,2.31643009185791,1.0295380353927612,1.5594117641448975,0,0,1.319632649421692,1.6073061227798462
1807,0.7471880912780762,0.27384132146835327,0.2338276356458664,0.7612200379371643,0.4852406084537506,0.022339966148138046,0,0,0.5745839476585388,0.4794750213623047
1808,1.3010181188583374,1.2313679456710815,1.5630598068237305,1.5354927778244019,0.7981031537055969,1.8467127084732056,0,0,1.4859479665756226,0.9554711580276489
1809,1.2092976570129395,1.135087490081787,0.9873296618461609,1.151504397392273,0.8234037756919861,0.014378105290234089,0,0,1.105705738067627,0.8011360168457031
1810,0.7824513912200928,0.637037992477417,0.633503258228302,0.8764748573303223,0.6184095144271851,0.253246009349823,0,0,0.9640765190124512,0.5304662585258484
1811,0.7537071108818054,0.8651779890060425,0.436042457818985,1.2817007303237915,0.3941192924976349,1.4647136926651,0.10604977607727051,0,0.7819045186042786,0.5651711821556091
1812,0.14029142260551453,0.16976183652877808,0.17575231194496155,1.3992053270339966,0.1370575875043869,0.032538093626499176,0.41965141892433167,0,0.2623075842857361,0.16430799663066864
1813,0.4978239834308624,0.43943485617637634,0.19413739442825317,1.4851521253585815,0.2097577452659607,1.049699068069458,0.7186064720153809,0,0.4897434711456299,0.29040008783340454
1814,0.7947717308998108,0.6617987155914307,0.5208432078361511,1.9115707874298096,0.40682291984558105,1.2110016345977783,1.1275990009307861,0,0.5626748204231262,0.48678240180015564
1815,0.491262823343277,0.42882245779037476,0.30642518401145935,1.2872685194015503,0.3150794804096222,0.5712552666664124,0.7383740544319153,0,0.23266765475273132,0.5317116379737854
1816,0.6118341088294983,0.7348249554634094,0.38511955738067627,1.5785495042800903,0.31257864832878113,0.7996196150779724,0.9815731644630432,0,0.6669151782989502,0.7315855026245117
1817,0.8809635639190674,1.0096969604492188,0.6616324782371521,2.1295204162597656,0.437818706035614,0.37741026282310486,1.040596604347229,0,1.399520993232727,0.7151100635528564
1818,1.6293576955795288,1.1445059776306152,0.7916727662086487,1.555859088897705,0.2882339358329773,0.330437570810318,1.244136929512024,0,2.1029064655303955,0.769798755645752
1819,0.7444666624069214,0.8051554560661316,0.5201976895332336,1.271124243736267,0.06397979706525803,0.5180743932723999,0.6990400552749634,0,0.5373684763908386,0.20359593629837036
1820,0.6899519562721252,0.6012324094772339,0.39936554431915283,0.6731501221656799,0.09948137402534485,0.10329318791627884,0.6994838118553162,0,0.44677117466926575,0.4466188848018646
1821,1.2449418306350708,1.142531156539917,0.9751300811767578,1.4776461124420166,0.39743614196777344,0.9148904085159302,1.4679518938064575,0,1.2834020853042603,0.6631104350090027
1822,1.7121315002441406,1.390967607498169,0.8127403855323792,1.402263879776001,0.34221595525741577,0.5098941326141357,1.45772385597229,0,1.627833604812622,0.956141471862793
1823,0.6176759004592896,0.8886763453483582,0.41972094774246216,0.7953360080718994,0.11776266992092133,0.0935603678226471,0.6097859740257263,0,1.0265864133834839,0.5179072618484497
1824,0.8298344612121582,0.7890802621841431,0.5826961994171143,0.7637735605239868,0.16051366925239563,0.0950838103890419,0.5649997591972351,0,1.1399548053741455,0.7208499908447266
1825,0.08970429748296738,0.1503477394580841,0.0001613330969121307,0.5522978901863098,0.041731227189302444,0.014814470894634724,0.05816565081477165,0,0.2398768961429596,0.05270641669631004
1826,0.5092401504516602,0.7531629204750061,0.35133349895477295,0.5306178331375122,0.14050987362861633,0.12302935868501663,0.4026913344860077,0,0.6901863813400269,0.5037046074867249
1827,1.0157949924468994,0.7849029302597046,0.5304552912712097,0.46751394867897034,0.273878812789917,0.1322513073682785,0.5907024145126343,0,0.42545536160469055,0.562811553478241
1828,1.982535481452942,1.4780972003936768,1.0607712268829346,1.0622565746307373,0.5691173076629639,0.5318254828453064,1.0571743249893188,0,1.595394253730774,1.061269760131836
1829,1.4409937858581543,1.1468604803085327,0.6414251327514648,0.7931369543075562,0.2896937429904938,0.4804703891277313,0.7592120170593262,0,1.142215371131897,0.6404152512550354
1830,0.7138636708259583,0.18739353120326996,0.1292608082294464,0.18562275171279907,0.15736693143844604,0.006243465002626181,0.12592682242393494,0,0.4579682946205139,0.33728307485580444
1831,1.4178848266601562,0.9365495443344116,0.5328155159950256,0.9672403335571289,0.526450514793396,0.2722392678260803,0.0037880379240959883,0,1.221941351890564,0.8372402787208557
1832,1.0008490085601807,0.6815419793128967,0.4488237798213959,0.7928681969642639,0.28982633352279663,0.8120071887969971,0.0028486575465649366,0,0.7460997104644775,0.5893499255180359
1833,0.3168155252933502,0.45535144209861755,0.0715634822845459,0.36914604902267456,0.1166652962565422,0.014254209585487843,0.001187375863082707,0,0.4185766875743866,0.3251323699951172
1834,0.9515692591667175,0.9369344711303711,0.9214032888412476,1.0811758041381836,0.6860997080802917,0.2593570053577423,0.003495562821626663,0.0281125009059906,1.4732283353805542,0.9108442068099976
1835,1.1810213327407837,1.3540047407150269,1.542022705078125,1.180433988571167,0.9588700532913208,0.6320886015892029,0.006088834255933762,0.14323760569095612,2.237736701965332,1.1990967988967896
1836,0.8412898182868958,0.7495301365852356,1.0689688920974731,1.096204161643982,0.49553099274635315,0.7329851388931274,0.004027928225696087,0.17829430103302002,1.4682037830352783,0.6384707689285278
1837,0.3872533440589905,0.2605753540992737,0.23265321552753448,0.557735800743103,0.15266020596027374,0.37740615010261536,0.0008730191038921475,0.11533338576555252,0.4330782890319824,0.22111865878105164
1838,0.47656020522117615,0.37020158767700195,0.4699820578098297,0.4133034646511078,0.33709874749183655,0.436795175075531,0.002172517590224743,0.329092800617218,0.8889485001564026,0.6504016518592834
1839,0.6970354914665222,0.5058543682098389,0.563095211982727,0.7320747375488281,0.3066594898700714,0.19667676091194153,0.002536229556426406,0.5221945643424988,0.9932061433792114,0.5149975419044495
1840,0.8407354950904846,0.8958086371421814,0.7612553834915161,0.636745035648346,0.43407121300697327,0.6154561042785645,0.007290603127330542,0.32344457507133484,1.5846538543701172,0.7177028656005859
1841,0.9339059591293335,0.4686567783355713,0.9481061100959778,0.9365546107292175,0.39259499311447144,0.6562663912773132,0.00823529064655304,0.2827118933200836,0,1.0580735206604004
1842,1.6737395524978638,0.5338042378425598,1.087064504623413,1.1788206100463867,0.626599133014679,0.515668511390686,0.010368609800934792,0.6621083617210388,0,1.1315369606018066
1843,1.8894246816635132,0.5817046165466309,0.5024896860122681,0.8402165174484253,0.4509428143501282,0.0005776006728410721,0.008750120177865028,1.0261048078536987,0,1.2083410024642944
1844,0.6254223585128784,0.4929737448692322,0.5344017744064331,0.5127449631690979,0.43772587180137634,0.00046498520532622933,0.5375606417655945,1.303804636001587,0,0.5315408110618591
1845,0.826008677482605,0.6135897040367126,0.7127416133880615,0.5669962763786316,0.5580923557281494,0.0002428140287520364,0.7397007346153259,1.4520457983016968,0,0.669426441192627
1846,0.9158435463905334,0.7446454763412476,0.9496554732322693,0.7426019906997681,0.5675617456436157,0.001106723677366972,0.9546532034873962,1.8614392280578613,0,0.7603665590286255
1847,0.7929819822311401,0.3364526331424713,0.32165080308914185,0.49017754197120667,0.2761165201663971,0.0005650146049447358,0.45720016956329346,0.9191988110542297,0,0.8536369800567627
1848,0.7116163969039917,0.7361703515052795,0.4111798405647278,0.7615887522697449,0.3834136426448822,0,0.6455615758895874,1.357994556427002,0,0.7960020899772644
1849,0.4397048056125641,0.23527169227600098,0.019800689071416855,1.027778148651123,0.12445220351219177,0.2319314330816269,0.11089707165956497,0.7550886273384094,0,0.3287372589111328
1850,0.9939460754394531,0.9421464800834656,0.7322548031806946,1.3012186288833618,0.520875871181488,0.8026760220527649,1.0273984670639038,0.9281141757965088,0,0.6941580176353455
1851,0.5761502981185913,0.5684621930122375,0.550466775894165,1.0729398727416992,0.23139895498752594,0.24469366669654846,0.3695099651813507,0.5162289142608643,0,0.5705995559692383
1852,1.030948281288147,1.130779504776001,1.3917649984359741,1.932703971862793,1.077765941619873,1.6064822673797607,1.0086811780929565,1.5899488925933838,0,1.4514470100402832
1853,0.9292477369308472,0.962074339389801,0.625931441783905,0.8621990084648132,0.7360317707061768,1.1988545656204224,0.5833946466445923,1.672805666923523,0,0.8330207467079163
1854,1.509229302406311,1.0681623220443726,0.8133136034011841,1.4332624673843384,2.0393989086151123,0.9958133697509766,0.6104959845542908,3.268181562423706,0.014189628884196281,1.2915318012237549
1855,2.7806763648986816,1.088206171989441,1.0314860343933105,1.1881041526794434,1.660356879234314,1.204939603805542,0.629324734210968,2.762925148010254,0.12179549038410187,0.8970757722854614
1856,1.5252711772918701,0.8644689917564392,0.5792703628540039,1.2855253219604492,1.309936761856079,1.3080106973648071,0.7442498803138733,2.366506814956665,0.1836644560098648,0.9868489503860474
1857,2.5155954360961914,0.8623683452606201,1.020899772644043,2.5156493186950684,2.133847951889038,1.4651215076446533,1.6366571187973022,2.330518960952759,0,1.3409650325775146
1858,1.295387625694275,0.8019431233406067,0.9707977771759033,2.2155754566192627,0.998837947845459,1.267673373222351,0.8995751142501831,1.8866246938705444,0.6330922245979309,1.1859420537948608
1859,0.9619188904762268,0.7933598160743713,0.7654204964637756,1.4415826797485352,1.52899169921875,0.5512269139289856,1.7215057611465454,1.5531636476516724,1.652560830116272,0.926156759262085
1860,1.7824046611785889,1.1886564493179321,1.0806260108947754,2.690948963165283,1.9070333242416382,1.3229035139083862,1.5178862810134888,2.6090219020843506,3.040785789489746,1.5997555255889893
1861,2.2301363945007324,1.2569007873535156,1.0726346969604492,2.4027180671691895,1.120857834815979,1.0887376070022583,1.6615277528762817,2.64982533454895,2.0232596397399902,1.1888262033462524
1862,1.5083794593811035,1.3092743158340454,0.8780816197395325,2.201460361480713,1.3141976594924927,0.7125696539878845,1.5836347341537476,2.616744041442871,1.9445359706878662,1.3915985822677612
1863,1.095057725906372,0.9808393120765686,0.9846065044403076,2.0884010791778564,1.1928833723068237,0.8882564306259155,1.1440662145614624,2.574695587158203,2.070164680480957,1.086549997329712
1864,1.421030879020691,1.303490161895752,1.1899265050888062,2.4542882442474365,1.7888209819793701,0.8040304183959961,0,2.2746622562408447,2.2364723682403564,0.7743581533432007
1865,2.445729970932007,1.2308073043823242,1.1798852682113647,3.039428472518921,2.0564000606536865,1.1733076572418213,1.498317837715149,2.7638275623321533,2.0605437755584717,1.545377492904663
1866,0.7099284529685974,0.4573203921318054,0.29390251636505127,1.1340899467468262,0.44829148054122925,0.2837008535861969,0.6277538537979126,0.852610170841217,0.3925614058971405,0.7174050807952881
1867,0.8847357630729675,0.2772807478904724,0.31475937366485596,1.3854926824569702,0.6140660047531128,0.5542693734169006,0.8697537779808044,1.2426881790161133,0.5755345225334167,0.6536296010017395
1868,2.619568347930908,1.0619179010391235,1.184493899345398,2.6657192707061768,1.5055115222930908,1.4296324253082275,2.320446729660034,2.3277480602264404,1.7566298246383667,1.6808278560638428
1869,0.728696882724762,0.37481164932250977,0.01520678959786892,0.7983687520027161,0.24756014347076416,0,0.514328122138977,0.7775951027870178,0.20951329171657562,0.29421305656433105
1870,1.5237720012664795,0.524726927280426,0.4960063695907593,0.6704168915748596,0.34050649404525757,1.0257453918457031,0.8486353754997253,0.8466273546218872,0.6238375902175903,0.5203226208686829
1871,2.482412099838257,0.7775859832763672,0.5811171531677246,1.5463424921035767,0.6021547317504883,1.306789755821228,1.1959857940673828,1.4454554319381714,0.9902212619781494,0.7916936874389648
1872,2.566967248916626,1.176049828529358,0.7151703238487244,1.8519186973571777,0.7621415853500366,1.7154322862625122,1.7682026624679565,2.680115222930908,1.0808629989624023,1.0702720880508423
1873,0.7060652375221252,0.5877379179000854,0.32444852590560913,1.1206556558609009,0.3839491605758667,0.4452855587005615,0.6904421448707581,1.3511321544647217,0.40747639536857605,0.45151472091674805
1874,0.5133150219917297,0.5407732129096985,0.01912272535264492,1.1457396745681763,0.13255031406879425,0.38202518224716187,0.6862698793411255,1.0255557298660278,0.301723450422287,0.45400911569595337
1875,1.8237828016281128,0.6539574861526489,0.6694815754890442,2.180109977722168,0.2500072717666626,1.357932209968567,1.2580617666244507,1.672152042388916,0.8352059721946716,1.0078316926956177
1876,1.1177852153778076,0.6558345556259155,0.2812720537185669,1.4397456645965576,0.3590063154697418,0.691974937915802,0.7661412954330444,1.4536809921264648,0.5616992712020874,0.6709840893745422
1877,1.9811885356903076,0.8027358055114746,0.7177255153656006,3.1038460731506348,1.016329050064087,1.474686622619629,1.752406358718872,2.8023736476898193,1.1589452028274536,1.5473556518554688
1878,0.8432499170303345,1.3907675743103027,0.6167483925819397,2.491614580154419,0.9391324520111084,2.3063724040985107,2.013152837753296,3.4947509765625,1.493709683418274,1.5800045728683472
1879,2.764418601989746,1.306536078453064,0.4984944462776184,2.540926694869995,1.0272488594055176,1.7694063186645508,1.9635632038116455,2.856187343597412,1.3637981414794922,1.5369906425476074
1880,3.124612808227539,0.8957118988037109,0.36649394035339355,2.844205141067505,0.7464908361434937,2.7355101108551025,2.1118369102478027,2.893462657928467,1.273719072341919,1.585649847984314
1881,2.5485668182373047,0.8438296318054199,0.2349315881729126,2.400053024291992,0.44887274503707886,0.9744307398796082,1.4157241582870483,1.8020910024642944,0.5948949456214905,1.1957308053970337
1882,2.6388912200927734,0.658683717250824,0.3972969055175781,2.6334128379821777,0.5804889798164368,1.0235273838043213,1.3130797147750854,1.7499316930770874,0.7820563316345215,1.1439777612686157
1883,2.2158894538879395,0.6799753308296204,0.29847878217697144,2.6190903186798096,0.8473621606826782,1.4533405303955078,1.789535641670227,2.926907777786255,1.1307377815246582,1.314192295074463
1884,0.6213775277137756,0.30948302149772644,0.10537843406200409,0.6193409562110901,0.028012201189994812,0.45186474919319153,0.4541023075580597,1.3082075119018555,0.36863166093826294,0.3802088499069214
1885,0.5701090097427368,0.1181122362613678,0.03194635361433029,0,0.05038009583950043,0.22146227955818176,0.4222182333469391,1.3908724784851074,0.21546265482902527,0.2881806790828705
1886,0.6582135558128357,0.5659719109535217,0.1348656266927719,0,0.4814399182796478,0.7598512172698975,0.8767037391662598,2.087397575378418,0.5922428965568542,0.6341935992240906
1887,0.9316957592964172,0.5042166113853455,0.21240952610969543,0,0.8090270161628723,1.3994535207748413,1.6417865753173828,3.0064797401428223,0.8194424510002136,1.225555181503296
1888,1.0784398317337036,0.4262620806694031,0.8576463460922241,0,0.6904536485671997,1.304297924041748,1.241105079650879,3.205929756164551,0.7469854950904846,1.157785415649414
1889,1.0202422142028809,0.326878160238266,0,0,0.45374026894569397,0.9774444103240967,0.5353263020515442,1.5886566638946533,0.37246647477149963,0.939988374710083
1890,0.6937174797058105,0.35995233058929443,0,0,0.38823169469833374,1.2530148029327393,1.0213274955749512,1.5752713680267334,0.5212716460227966,1.1492719650268555
1891,1.2188295125961304,0.8832010626792908,0,0,1.1659221649169922,2.5990819931030273,1.983964443206787,3.290010690689087,0.645186185836792,2.1842103004455566
1892,1.3846780061721802,1.3103476762771606,0,0,1.388568639755249,2.602644205093384,2.377523183822632,3.816159963607788,0.009698154404759407,2.783348321914673
1893,0.8849813342094421,1.1267772912979126,0,0,0.6992121934890747,2.2344517707824707,2.0444295406341553,2.184297800064087,0.007265046704560518,1.338272213935852
1894,1.460021734237671,1.0980379581451416,0,0,1.129745602607727,2.415310859680176,2.796549081802368,2.98488450050354,0.7617152333259583,1.4509185552597046
1895,0.6445177793502808,1.197792887687683,0,0,0.6733763217926025,0.4666873514652252,1.331795573234558,2.3392539024353027,1.3980591297149658,0.8829817771911621
1896,1.0538448095321655,1.3014076948165894,0,0,0.8651586771011353,2.4245314598083496,2.2858097553253174,3.6369502544403076,1.8975262641906738,0.9880685210227966
1897,1.2337299585342407,1.235278844833374,0,0,1.1426386833190918,2.7917277812957764,1.852211356163025,4.394045352935791,1.9342628717422485,0.953318178653717
1898,0.5064950585365295,0.9587677717208862,0,0,0.28464120626449585,1.0951268672943115,0.9922186136245728,2.239464044570923,1.3514816761016846,0.42654848098754883
1899,0.8049073815345764,0.5074350833892822,0,0,0.3549366891384125,0.4969015419483185,0.9117130637168884,1.9935451745986938,1.228216528892517,0.37615326046943665
1900,1.0023835897445679,0.4738483726978302,0,0,0.5102261900901794,1.064133644104004,0.7504047751426697,0.6979694366455078,0.9970647692680359,0.39162757992744446
1901,0.7004465460777283,0.7601622939109802,0,0,0.4466557204723358,1.2604827880859375,1.6106908321380615,1.4963674545288086,1.590123176574707,0.7044938802719116
1902,0.7455350160598755,0.5561932921409607,0,0,0.4290790259838104,1.9629627466201782,1.560323715209961,1.6177244186401367,1.5128370523452759,0.7782953977584839
1903,1.239938735961914,0.6159942746162415,0,0,0.40517282485961914,1.2876451015472412,1.4928901195526123,1.4390368461608887,1.0232840776443481,0.5575144290924072
1904,1.3473248481750488,0.8221700191497803,0,0,0.31755247712135315,1.888371467590332,1.29313063621521,1.1542229652404785,0.8512611389160156,0.36942750215530396
1905,1.0274802446365356,0.48703715205192566,0,0.5341697335243225,0.28545889258384705,0.7087066173553467,0.8578048348426819,0.8243330121040344,0.7573606967926025,0.31121939420700073
1906,1.0168715715408325,0.5706771612167358,0,0.7411108016967773,0.4976665675640106,0.9158589839935303,0.9918694496154785,1.3046048879623413,1.0153769254684448,0.6050277948379517
1907,1.1478245258331299,0.47815611958503723,0,0.7527525424957275,0.4253668487071991,1.1416634321212769,0.832495391368866,1.255592942237854,0.8995661735534668,0.5044685006141663
1908,2.358180046081543,1.3851697444915771,0,1.5938719511032104,1.1064704656600952,1.9337495565414429,1.194572925567627,2.5117712020874023,2.353044033050537,0.884437084197998
1909,1.4812372922897339,0.3379104733467102,0,0.7969213128089905,0.642278790473938,0.5125279426574707,0.5938127636909485,2.467883825302124,1.4036628007888794,0.6729363799095154
1910,1.0551482439041138,0.8467892408370972,0,0.388611376285553,0.7693272829055786,1.5555294752120972,0.7506932020187378,2.510258197784424,0.786189615726471,0.5776538848876953
1911,1.3375842571258545,0.7694064378738403,0,0.6928520798683167,0.4862527847290039,1.702603816986084,0.5709599852561951,1.3607929944992065,0.5723118782043457,0.3982810974121094
1912,0.4159405529499054,0.26190420985221863,0,0.27476558089256287,0.23108825087547302,0.29133814573287964,0.21344998478889465,1.2521581649780273,0.24127820134162903,0.45302143692970276
1913,0.8005930185317993,0.48017367720603943,0,0.4565756022930145,0.2906528413295746,0.7541601657867432,0.5640714168548584,1.166913628578186,0.4024147391319275,0.34660136699676514
1914,2.6384024620056152,1.2353172302246094,0,1.1335585117340088,1.058007001876831,2.311598300933838,1.0660667419433594,2.2313735485076904,0.8271214365959167,0.8765228390693665
1915,1.879780650138855,1.4711685180664062,0,0.4668528139591217,0.6463459730148315,1.110905647277832,0.6509900689125061,2.1484439373016357,0.695787787437439,0.8846521973609924
1916,2.2177836894989014,1.4619026184082031,0,1.1031347513198853,0.9285099506378174,1.6004981994628906,0.7302500605583191,2.7510249614715576,0.8273971676826477,0.9972890615463257
1917,1.5158313512802124,1.171109676361084,0,0.8432086706161499,1.116744041442871,1.6883758306503296,0.8397809863090515,2.614375114440918,0.40386924147605896,0.9381479024887085
1918,1.6937788724899292,1.6067304611206055,0,1.2924460172653198,1.6088733673095703,1.5422701835632324,1.1860157251358032,2.5759377479553223,0.7517106533050537,0.9260324835777283
1919,1.6577938795089722,1.326702356338501,0,1.1210315227508545,1.0144977569580078,1.6259936094284058,0.9537525773048401,2.6180858612060547,0.6690953969955444,0.7617434859275818
1920,2.4007411003112793,1.3711357116699219,0,1.3590093851089478,1.2884700298309326,1.7754007577896118,1.1248116493225098,2.8315632343292236,0.7274433374404907,0.8943010568618774
1921,1.1743853092193604,1.0124342441558838,0,1.013468623161316,1.1686115264892578,1.7203309535980225,0.5957641005516052,1.6980574131011963,0.4711691737174988,0.5901787877082825
1922,1.5202585458755493,1.2457674741744995,0,1.7201441526412964,1.800082802772522,1.6752933263778687,0.8041124939918518,2.026103973388672,0.5777603387832642,0.6707509756088257
1923,2.154844284057617,1.1580322980880737,0,1.604335904121399,1.6720366477966309,1.5268375873565674,0.877134382724762,2.342017650604248,0.8150110840797424,0.7734313011169434
1924,2.270397186279297,1.2501956224441528,0,1.394720196723938,2.0904088020324707,1.3485980033874512,0.6593512296676636,2.7073662281036377,0.7474079132080078,0.9882917404174805
1925,1.2865638732910156,0.6513603329658508,0,1.1972628831863403,1.3370904922485352,1.1927334070205688,0.37228870391845703,1.6326197385787964,0.6372406482696533,0.5539901256561279
1926,1.5230647325515747,1.057364583015442,0,1.6036967039108276,1.5714552402496338,1.3315036296844482,0.6807563304901123,3.1762495040893555,1.3689682483673096,0.729495644569397
1927,0.9139773845672607,0.6836642026901245,0,1.0632222890853882,0.9001400470733643,0.7346529960632324,0.40779224038124084,1.6688485145568848,0.6296598315238953,0.5174157023429871
1928,1.7128528356552124,1.147046446800232,0,1.388649582862854,1.6019705533981323,1.730257511138916,1.4407048225402832,2.6829898357391357,1.5272010564804077,0.7667521238327026
1929,2.197993755340576,1.099460482597351,0,1.0489146709442139,1.1134788990020752,1.7601149082183838,0.9349380135536194,1.585413932800293,1.266106367111206,0.8908942937850952
1930,1.559876799583435,1.0778729915618896,0,1.7253944873809814,1.4050722122192383,2.318073272705078,1.3065506219863892,1.9927581548690796,1.4243186712265015,1.024854063987732
1931,0.43783295154571533,0.7695945501327515,0,0.4928478002548218,0.550180971622467,0.3226065933704376,0.5158953070640564,0.995287299156189,0.5944929122924805,0.4716525971889496
1932,0.0014227185165509582,1.0264191627502441,0,1.6237727403640747,1.258043885231018,0.003935113083571196,0.9568840265274048,1.8002794981002808,1.154074788093567,0.5566689372062683
1933,0.002943218220025301,1.0494625568389893,0,1.8185175657272339,1.0585620403289795,0.000743368873372674,1.3955761194229126,2.1043426990509033,1.2774698734283447,0.6699930429458618
1934,0.002254376420751214,1.0542901754379272,0,1.797441840171814,1.2133511304855347,0.00047477439511567354,1.3742674589157104,2.2557356357574463,1.2457106113433838,0.6960927248001099
1935,0.0026003774255514145,0.9543390274047852,0,1.256220817565918,1.2032443284988403,0.0033900283742696047,1.5836728811264038,3.0650634765625,1.5120149850845337,0.5281164646148682
1936,0.0031775005627423525,1.2498756647109985,0,1.2169684171676636,2.692148208618164,1.0911198854446411,1.8709707260131836,3.966341018676758,1.9115062952041626,0.6599207520484924
1937,0.012025075033307076,1.1386559009552002,0,1.145076036453247,1.3699519634246826,1.1740823984146118,1.688513159751892,3.4123737812042236,1.2879016399383545,0.6811830997467041
1938,0.9921131730079651,1.1951565742492676,0,1.5137540102005005,1.921590805053711,1.4338208436965942,1.8141770362854004,3.3343729972839355,1.2055187225341797,0.6497145295143127
1939,1.9935208559036255,1.339842677116394,0,1.6678295135498047,1.575831651687622,2.417311429977417,2.2211756706237793,3.649080514907837,2.362457036972046,1.009406328201294
1940,1.6995418071746826,1.4473716020584106,0,1.8234689235687256,1.4731806516647339,1.7812057733535767,2.179539442062378,3.457056760787964,2.2053518295288086,0.8862887620925903
1941,2.1272225379943848,1.679398775100708,0.34273025393486023,1.4915026426315308,1.5701284408569336,2.1278345584869385,2.6390538215637207,0.7743393778800964,2.8459036350250244,2.403566360473633
1942,1.5408016443252563,1.0830914974212646,0.5702049136161804,1.518577218055725,0.95147305727005,1.4776238203048706,2.3877718448638916,4.130275726318359,5.412180423736572,1.0473262071609497
1943,2.413125514984131,1.208673357963562,0.6575466394424438,1.6960748434066772,1.3541383743286133,1.3875044584274292,2.029479742050171,4.360228538513184,3.7495617866516113,1.528282880783081
1944,1.8566484451293945,1.1027504205703735,0.3152809143066406,1.3681756258010864,1.289759635925293,1.1482948064804077,1.2827292680740356,2.9439308643341064,1.2786459922790527,1.028771162033081
1945,2.445974111557007,1.4491877555847168,0.5481539368629456,1.9395968914031982,1.274253249168396,2.0240237712860107,2.203411340713501,4.174746513366699,1.8800634145736694,1.3352030515670776
1946,1.4249720573425293,1.227137565612793,0.5001753568649292,1.8000004291534424,1.5207964181900024,1.9622557163238525,1.6315866708755493,2.417205572128296,2.0510740280151367,1.0119317770004272
1947,0.5387694239616394,0.3739791214466095,0.04798652231693268,1.2939871549606323,0.21689726412296295,0.4998074471950531,0.7416043877601624,0.6517513990402222,0.7269344925880432,0.2612953782081604
1948,1.5836296081542969,1.051264762878418,0.4838133156299591,2.070011615753174,1.58196222782135,1.9896365404129028,2.158418893814087,3.0576107501983643,1.1198394298553467,0.5959717631340027
1949,0.5883528590202332,0.332854300737381,0.14687781035900116,1.5218775272369385,0.6140304803848267,1.75998055934906,1.198492169380188,0.9669773578643799,0.9402109384536743,0.32539209723472595
1950,0.8321394920349121,0.6142973303794861,0.18541879951953888,1.7932791709899902,0.7544863820075989,1.032838225364685,1.0671736001968384,1.5795598030090332,0.6272147297859192,0.5366589426994324
1951,0.9168283939361572,0.8360123634338379,0.2197079360485077,2.459505081176758,1.3370521068572998,1.542240858078003,1.345971703529358,1.4324606657028198,1.0370198488235474,0.536713182926178
1952,1.0333852767944336,0.7639523148536682,0.4048260450363159,1.6373538970947266,0.6992297172546387,0.9205526113510132,1.0798815488815308,1.4644997119903564,0.715320885181427,0.5639266967773438
1953,1.204822301864624,1.0513455867767334,0.6234042644500732,2.4463584423065186,1.4386227130889893,1.7201895713806152,2.0008063316345215,2.5422520637512207,1.3010014295578003,0.652560293674469
1954,0.6860876083374023,0.7925201654434204,0.2826618254184723,0.7320565581321716,0.5053458213806152,0.9158762097358704,1.0042952299118042,1.5354739427566528,0.8090732097625732,0.32811427116394043
1955,0.5317370891571045,0.4952224791049957,0.527586042881012,0.5547258257865906,0.48911038041114807,0,1.4687998294830322,1.850960612297058,1.305194616317749,0.2606589198112488
1956,0.7448445558547974,0.43086928129196167,0.4008747637271881,1.3954668045043945,0.46507275104522705,0,1.0976614952087402,1.214234471321106,1.3660818338394165,0.37672674655914307
1957,0.7630197405815125,0.6200722455978394,0.3822205662727356,1.3405216932296753,0.6474339962005615,0,1.0753014087677002,1.2995500564575195,1.7995600700378418,0.408626526594162
1958,0.7345592975616455,0.44875019788742065,0.47626543045043945,1.2341032028198242,0.5531429648399353,0,0.6481098532676697,0.8583294749259949,2.008965015411377,0.2967689633369446
1959,0.6899415254592896,0.7611589431762695,0.5551767349243164,0.9616010189056396,0.4633726477622986,0,1.3715823888778687,1.5085660219192505,1.3393733501434326,0.47994211316108704
1960,0.7591302990913391,0.4711439907550812,0.5092290043830872,0.9839503765106201,0.8209196329116821,0,0.8804317116737366,1.890519618988037,1.1779767274856567,0.4583873152732849
1961,0.7149918675422668,0.49302369356155396,0.39113113284111023,0.9364458918571472,0.7272550463676453,0,0.8988417387008667,2.0685410499572754,1.1843717098236084,0.28383976221084595
1962,0.7124663591384888,0.7008865475654602,0.20021897554397583,0.7934319376945496,0.7454184293746948,0,0.6811965107917786,1.5773190259933472,0.5672127604484558,0.3623671531677246
1963,0.4231303930282593,0.39068081974983215,0.22828179597854614,0.6418130397796631,0.41687989234924316,0,0.5259333848953247,1.1858947277069092,0.4995410442352295,0.23078882694244385
1964,0.6269909739494324,0.636894702911377,0.5154419541358948,0.5508841276168823,0.87679523229599,0,0.9735831618309021,1.7767654657363892,1.2293130159378052,0.4803604483604431
1965,0.5634786486625671,0.4456607699394226,0.5862336158752441,0.2464916706085205,0.5331577658653259,0,0.45223426818847656,1.3022270202636719,1.1611741781234741,0.3193567097187042
1966,0.8554635047912598,0.7738686800003052,0.5580421686172485,0.4563218355178833,0.8105666637420654,0,0.9167485237121582,1.6703150272369385,1.470672607421875,0.6566650867462158
1967,0.8687896132469177,0.8477571606636047,0.7566673159599304,0.37307998538017273,0.9193310141563416,0,1.4745947122573853,1.9392952919006348,1.992914080619812,0.6292818784713745
1968,0.8302293419837952,0.43024784326553345,0.47877946496009827,0.2839539349079132,0.4611804187297821,0,0.8886590600013733,1.2796361446380615,1.0129129886627197,0.4179763197898865
1969,0.6676453351974487,0.45445510745048523,0.6596308350563049,0.24626262485980988,0.7273947596549988,0,1.297415852546692,1.404792308807373,1.8927782773971558,0.5380843877792358
1970,0.7342671155929565,0.3305005431175232,0.6132557392120361,0.32415294647216797,1.034791111946106,0,1.0596108436584473,1.633137583732605,1.4779763221740723,0.6070200800895691
1971,0.33521363139152527,0.09207743406295776,0.18765397369861603,0.0689454898238182,0.36800751090049744,0,0.3647262156009674,0.7622320055961609,0.4532468914985657,0.12247355282306671
1972,0.6650022864341736,0.08322934061288834,0.4440356194972992,0.027989281341433525,0.5987840890884399,0,0.845757246017456,1.841856598854065,1.2304046154022217,0.3442830741405487
1973,0.49606794118881226,0.312813937664032,0.3341294825077057,0.2608577609062195,0.17155314981937408,0,0.4250907003879547,0.6221268773078918,0.7094839215278625,0.11526705324649811
1974,0.15632188320159912,0.23118829727172852,0.2869929075241089,0.1497347056865692,0.03846800699830055,0,0.02919703722000122,0.4180911183357239,0.20334626734256744,0.09663944691419601
1975,0.4537579119205475,0.5443379282951355,0.37860816717147827,0.3531154990196228,0.5806741118431091,0,0.7180289626121521,1.085049033164978,0.6296319365501404,0.40140408277511597
1976,0.814375102519989,0.4423762261867523,0.4573536515235901,0.26646849513053894,0.5767204761505127,0,0.7599595189094543,1.4797803163528442,0.8120922446250916,0.49614417552948
1977,0.30310681462287903,0.22784459590911865,0.16342931985855103,0.08558745682239532,0.0839342325925827,0,0.31862592697143555,0.76784747838974,0.34919822216033936,0.15863364934921265
1978,0.6071874499320984,0.38648828864097595,0.4516618251800537,0.2515964210033417,0.48429763317108154,0,0.6424496173858643,1.2177655696868896,0.8006385564804077,0.4102843105792999
1979,0.6999324560165405,0.4836428761482239,0.7462862730026245,0.22901062667369843,0.6604143977165222,0,0.9930155873298645,1.8206168413162231,1.3813800811767578,0.7066096663475037
1980,0.19888994097709656,0.0672537162899971,0.22775797545909882,0.05943434685468674,0.07566697150468826,0,0.02589869685471058,0.1747928261756897,0.2595258951187134,0.2154715657234192
1981,0.5677489042282104,0.635344922542572,0.28993648290634155,0.3454599976539612,0.4062543213367462,0,0.668612003326416,0.836909294128418,0.6994872689247131,0.5766751170158386
1982,0.6182122230529785,0.5018954277038574,0.4941657781600952,0.20696265995502472,0.5584237575531006,0,0.7170183062553406,1.3952475786209106,0.846957266330719,0.5354368686676025
1983,0.734639585018158,0.5346623659133911,0.5377514362335205,0.2552030086517334,0.47732388973236084,0,0.4319987893104553,1.3400959968566895,0.7176510095596313,0.5981104969978333
1984,0.9152321219444275,0.9948683977127075,0.8389651775360107,0.2913420796394348,0.7874308228492737,0,0.8552966713905334,2.1370675563812256,1.208164095878601,0.6380740404129028
1985,0.49925434589385986,0.26045364141464233,0.09480822831392288,0.12421579658985138,0.1554814577102661,0,0.14553578197956085,1.0338962078094482,0.2739500403404236,0.3152236044406891
1986,0.5792615413665771,0.587269127368927,0.7028688192367554,0.34482020139694214,0.5716726779937744,0,0.5836116075515747,1.3290139436721802,0.7864205837249756,0.6064617037773132
1987,0.49622437357902527,0.5014182329177856,0.5761549472808838,0.11384495347738266,0.3210987150669098,0,0.199144184589386,0.8889360427856445,0.6489006876945496,0.5647898316383362
1988,0.8282371759414673,0.6147798895835876,0.43860357999801636,0.31078341603279114,0.4979380965232849,0,0.5326398611068726,1.6442025899887085,0.8083575963973999,0.6775270700454712
1989,0.17304441332817078,0.08773702383041382,0.05729704722762108,0.09149312973022461,0.024972423911094666,0,0.014687765389680862,0.1714228242635727,0.3976944088935852,0.09986346960067749
1990,1.1649668216705322,0.7071187496185303,0.6288425922393799,0.3774977922439575,0.772422730922699,0,0.7793769240379333,1.3864341974258423,0.9606907367706299,0.8928121328353882
1991,1.0375829935073853,0.7375783324241638,0.6919566988945007,0.3869052231311798,0.628058910369873,0,0.7470941543579102,1.5912647247314453,1.384446144104004,0.7354626655578613
1992,0.6135196685791016,0.4955184757709503,0.4806680679321289,0.25940078496932983,0.3370530903339386,0,0.30385884642601013,1.25843346118927,0.9956218600273132,0.6248732209205627
1993,0.3450544476509094,0.3883318603038788,0.3315572142601013,0.12891411781311035,0.17390544712543488,0,0.35378551483154297,0.9084603786468506,0.9001346230506897,0.25957754254341125
1994,0.7165416479110718,0.7455315589904785,0.6835715770721436,0.32083621621131897,0.5327425003051758,0,0.7476670145988464,1.4917267560958862,0.7014380693435669,0.72951740026474
1995,0.4869835078716278,0.5532061457633972,0.3464059829711914,0.14096291363239288,0.3262600004673004,0,0.33832353353500366,1.0423895120620728,0.45559778809547424,0.4141480028629303
1996,0.7660443782806396,0.8203299045562744,0.4756229519844055,0.3643557131290436,0.49855729937553406,0,0.5571680665016174,1.6056979894638062,0.6218251585960388,0.6073926091194153
1997,0.40756767988204956,0.7109129428863525,0.42864689230918884,0.18696726858615875,0.19526436924934387,0,0.41069296002388,1.2463889122009277,0.6923724412918091,0.4861350953578949
1998,0.8143678903579712,0.7177075743675232,0.6228248476982117,0.3478071987628937,0.5985927581787109,0,0.5189939141273499,1.0129295587539673,0.6040163636207581,0.5856101512908936
1999,0.4363233149051666,0.246713787317276,0.25852781534194946,0.1471823751926422,0.17752565443515778,0,0.021529706194996834,0.4421759247779846,0.3614865243434906,0.40097659826278687
2000,0.41502171754837036,0.29396894574165344,0.23291955888271332,0.1486532837152481,0.3152027428150177,0,0.24582995474338531,0.42033255100250244,0.31700754165649414,0.35347840189933777
2001,0.7216975092887878,0.6749467849731445,0.4970095753669739,0.44084981083869934,0.6406311392784119,0,0.6887901425361633,0.9239599108695984,0.6346063017845154,0.8448308110237122
2002,0.8313033580780029,0.5897286534309387,0.3917636573314667,0.28988730907440186,0.6926301121711731,0,0.5337653160095215,1.479102611541748,0.6354007124900818,0.711032509803772
2003,0.6548607349395752,0.5496760010719299,0.42873552441596985,0.2519810199737549,0.6957463622093201,0,0.36133304238319397,1.1359095573425293,0.9426649808883667,0.6575319766998291
2004,0.7500509023666382,0.491580605506897,0.526502251625061,0.31206589937210083,0.5436837077140808,0,0.19102981686592102,0.9598248600959778,0.8978860974311829,0.6762501001358032
2005,0.4446699321269989,0.3026730418205261,0.49254146218299866,0.22700344026088715,0.2888958752155304,0,0.2153327614068985,0.5877195000648499,0.6137905120849609,0.5003393888473511
2006,0.7137096524238586,0.2980165183544159,0.4200810194015503,0.40098288655281067,0.298936128616333,0,0.3759162425994873,0.7127120494842529,0.5152240991592407,0.6092348694801331
2007,0.6101509928703308,0.44945618510246277,0.4524986743927002,0.26282423734664917,0.12924115359783173,0,0.19757243990898132,0.8336637020111084,0.4658149778842926,0.6183750629425049
2008,0.6070913076400757,0.48992007970809937,0.42716291546821594,0.3209215998649597,0.3267509639263153,0,0.41452449560165405,0.9149435758590698,0.4627844989299774,0.5037695169448853
2009,0.882633626461029,0.5020849108695984,0.6275931596755981,0.367200642824173,0.4779766798019409,0,0.36667126417160034,0.9312101006507874,0.7148298621177673,0.6787493228912354
2010,0.6790189146995544,0.39455553889274597,0.43258729577064514,0.268320232629776,0.2647627890110016,0,0.35326361656188965,0.7501943111419678,0.5026275515556335,0.45487236976623535
2011,0.5620288848876953,0.2824932634830475,0.3091392517089844,0.2523345649242401,0.13047032058238983,0,0.09518181532621384,0.708720326423645,0.35669371485710144,0.24977406859397888
2012,0.9381988644599915,0.698771059513092,0.6804357171058655,0.40973764657974243,0.47434595227241516,0,0.45969507098197937,0.9664880633354187,0.917168378829956,0.7180085182189941
2013,0.7547010183334351,0.6634191274642944,0.7394179105758667,0.37417200207710266,0.3589099049568176,0,0.4001023769378662,0.9113748669624329,0.6668757796287537,0.5426967144012451
2014,0.9256356954574585,0.5590836405754089,0.6617951989173889,0.37446218729019165,0.403527170419693,0,0.3348255455493927,0.8444300293922424,0.716774046421051,0.6633512377738953
2015,0.5768138766288757,0.43506187200546265,26.807138442993164,0.28728747367858887,0.26432058215141296,-9999,0.29765281081199646,0.6880130171775818,0.6062489151954651,0.5145969390869141
2016,0.6512040495872498,0.4487636983394623,0.739082932472229,0.3173658549785614,0.3585403859615326,0,0.19780325889587402,0.7344153523445129,0.6577519774436951,0.6334922313690186
2017,0.5504612922668457,0.3067852556705475,0.6239956021308899,0.27889132499694824,0.23662583529949188,0,0.06906953454017639,0.6834304928779602,0.6026362776756287,0.5078312158584595
2018,0.7679227590560913,0.5718581676483154,0.808107316493988,0.39554363489151,0.48883795738220215,0,0.5290225148200989,1.0572326183319092,0.8747294545173645,0.6018233299255371
2019,0.8394401669502258,0.6124719381332397,0.8039077520370483,0.49749478697776794,0.6095355749130249,0,0.404487282037735,1.3923803567886353,1.2042335271835327,0.6436271071434021
2020,0.5924760699272156,0.7187628746032715,0.4741170108318329,0.3033849000930786,0.2821435034275055,0,0.09061580896377563,0.8691021203994751,0.8539162278175354,0.41324177384376526
2021,0.8210978507995605,0.7456432580947876,0.8435586094856262,0.33767440915107727,0.4599550664424896,0,0.2588707208633423,1.0239033699035645,0.8717758655548096,0.5322068929672241
2022,0.7097150683403015,0.7655327916145325,0.5804652571678162,0.339826375246048,0.3450848162174225,0,0.126046821475029,0.9940844178199768,0.8606900572776794,0.4922368824481964
2023,0,0.3174494206905365,0,0,0,0,0,0.6630129814147949