year,cTSRKHA_03_,cTSRKHA_06_,cTSRKHA_09_,cTSRKHA_12_,cTSRKHA_14_,cTSRKHA_15_,cTSRKHA_16_,cTSRKHA_17_,cTSRKHA_19_,cTSRKHA_20_
1680,0,1.7025158405303955
1681,0,1.3365954160690308
1682,0,1.1533989906311035
1683,0,0.9827216267585754
1684,0,0.8562695980072021
1685,0,0.868145763874054
1686,0,0.7368199229240417
1687,0,0.9020359516143799,0.7523590922355652
1688,0,1.071455478668213,0.827316164970398
1689,0,1.0744211673736572,1.0524985790252686
1690,0,1.14278244972229,0.859640896320343
1691,0,1.0258426666259766,1.497511386871338
1692,0,0.7707045674324036,0.9954665303230286
1693,0,1.227074384689331,0.9595142602920532
1694,0,1.1317089796066284,1.4193695783615112
1695,0,0.8039925694465637,1.2026811838150024
1696,0,0.8625864386558533,1.1593687534332275
1697,0,0.7688496708869934,0.9528365135192871
1698,0,0.805047869682312,0.8699750900268555
1699,0,0.9867693185806274,1.0735054016113281
1700,0,0.9516452550888062,1.2664711475372314
1701,0,1.2047967910766602,1.1840919256210327
1702,0,0.8704858422279358,1.0078037977218628
1703,0,1.2368062734603882,1.0860146284103394
1704,0,1.2971583604812622,1.0586711168289185
1705,0,0.9287353754043579,1.3264527320861816
1706,0,0.9926528930664062,1.138995885848999
1707,0,1.52118980884552,1.223125696182251
1708,0,1.5796035528182983,1.4840863943099976
1709,0,1.0566800832748413,1.2307085990905762,0,1.06572425365448
1710,0,1.4128423929214478,1.1967802047729492,0,0.847388744354248
1711,0,1.4687684774398804,1.459716796875,0,0.9676352739334106
1712,0,0.7619678378105164,0.9747119545936584,0,0.717450737953186
1713,0,1.1492303609848022,1.417351484298706,0,0.9911026954650879,1.0811370611190796
1714,0,1.3012466430664062,1.3650894165039062,0,0.7352226376533508,1.0087374448776245
1715,0,1.0970038175582886,1.531126618385315,0,0.8176013231277466,1.0078442096710205
1716,0,1.349785566329956,1.5149794816970825,0,0.7007604837417603,1.0601481199264526
1717,0,1.096993327140808,2.0963327884674072,0,0.8242332935333252,0.8496473431587219
1718,0,0.9617900252342224,1.3339396715164185,0,0.880963146686554,0.780441164970398
1719,0,1.3428077697753906,1.429568886756897,0,0.8883330225944519,1.1361006498336792,0,0,0,1.6597524881362915
1720,0,1.870837688446045,1.6808761358261108,0,0.8840401768684387,1.1873277425765991,0,0,0,1.1788939237594604
1721,0,1.0508912801742554,1.4217736721038818,0,1.2080121040344238,0.8709368109703064,0,0,0,1.2869280576705933
1722,0,1.1092253923416138,1.3710510730743408,0,0.8718210458755493,1.0484341382980347,0,0,0,1.2276241779327393
1723,0,1.1523293256759644,1.0304319858551025,0,0.8097779154777527,0.9638577103614807,0,0,0,1.1195443868637085
1724,0,1.6928752660751343,1.1662960052490234,0,0.9942306280136108,1.0829285383224487,0,0,0,1.452529788017273
1725,0,1.2371082305908203,1.2558104991912842,0,1.0985000133514404,1.0784392356872559,0,0,0,1.3761224746704102
1726,0,1.4795279502868652,1.3749526739120483,0,1.0430657863616943,1.178868055343628,0,0,0,1.4513510465621948
1727,0,1.4115437269210815,1.6268779039382935,0,0.9425970315933228,1.0765131711959839,0,0,0,1.4178019762039185
1728,0,1.5344202518463135,1.502763271331787,0,0.9496379494667053,1.534184455871582,0,0,0,1.6329997777938843
1729,0,1.0897611379623413,1.1836624145507812,0,0.9165526628494263,0.9885383248329163,0,0,0,1.4330379962921143
1730,0,1.1715092658996582,1.1770131587982178,0,0.9954062700271606,1.184432029724121,0,0,0,1.6408857107162476
1731,0,0.6310277581214905,0.6326442956924438,0,0.5612846612930298,0.6088799238204956,0,0,0,0.8424907326698303
1732,0,0.978915810585022,0.8642581105232239,0,0.7041494250297546,0.812262773513794,0,0,0,1.188480257987976
1733,0,1.4344536066055298,0.890185534954071,0,0.7185137271881104,1.4156936407089233,0,0,0,1.4425389766693115
1734,0,1.51220703125,1.2412890195846558,0,1.0485018491744995,1.8907277584075928,0,0,0,2.0992329120635986
1735,0,1.6532150506973267,1.3200446367263794,0,0.9396223425865173,1.2079837322235107,0,0,0,1.6858466863632202
1736,0,1.2345107793807983,0.913408637046814,0,0.8613006472587585,1.4071407318115234,0,0,0,1.5677599906921387
1737,0,1.2663542032241821,1.0168925523757935,0,0.8127824068069458,1.9781837463378906,0,0,0,1.6392686367034912
1738,0,0.8477262258529663,0.8417763710021973,0,0.7816367745399475,0.6762828826904297,0,0,0,1.2608568668365479
1739,0,1.1362308263778687,0.8921077847480774,0,0.6263521313667297,1.621431827545166,0,0,0,1.6952311992645264
1740,-999,1.541597843170166,1.0968456268310547,0,0.8530498743057251,1.4220337867736816,0,0,0,1.9516957998275757
1741,-999,0.8515879511833191,0.7836428284645081,0,0.7373443245887756,0.683066725730896,0,0,0,1.5981671810150146
1742,-999,1.2121222019195557,0.9122604727745056,0,1.4225424528121948,0.8899790048599243,0,0,0,1.098693609237671
1743,-999,1.2784035205841064,1.288043737411499,0,0.7931244373321533,1.8085585832595825,0,0,0,2.0130386352539062
1744,-999,1.8610339164733887,1.3965681791305542,0,0.7562879323959351,2.1658401489257812,-999,0,0,2.4475953578948975
1745,-999,1.5810781717300415,1.597266435623169,0,0.7771552801132202,1.3016688823699951,-999,0,0,1.5110470056533813
1746,1.1153388023376465,0.959324836730957,1.3201714754104614,0,0.7515363097190857,1.1707227230072021,0.7843734622001648,0,0,1.8481214046478271
1747,0.7662523984909058,2.1293318271636963,1.4228674173355103,0,0.6073259115219116,2.528134822845459,0.9909458756446838,0,0,2.875875234603882
1748,0.9838660955429077,0.9279221892356873,1.567344069480896,0,0.7520925998687744,0.9895349740982056,0.9089008569717407,0,0,1.5343303680419922
1749,1.2687828540802002,0.9357702136039734,1.6239076852798462,0,0.892997682094574,0.8857707381248474,1.0419816970825195,0,0,1.863439679145813
1750,1.1247605085372925,1.6213349103927612,2.360745906829834,0,0.7271228432655334,1.303850531578064,1.405091404914856,0,0,2.49116587638855
1751,1.3408106565475464,1.06631600856781,1.331629991531372,0,0.9086827635765076,0.8789976239204407,1.0706844329833984,0,0,1.6184790134429932
1752,1.647046446800232,1.4487653970718384,1.6169856786727905,0,0.867215633392334,1.5189292430877686,1.1186463832855225,0,0,2.3943634033203125
1753,1.21376371383667,1.8914425373077393,2.18080997467041,0,0.8993917107582092,1.511148452758789,1.3404550552368164,0,0,2.025636672973633
1754,0.990958571434021,0.925637423992157,1.1360788345336914,0,0.7495373487472534,0.8615418672561646,0.9460068345069885,0,0,1.1496355533599854
1755,1.1368738412857056,0.9018455743789673,1.0589953660964966,0,0.9545539617538452,0.8606265783309937,0.91948002576828,0,0,1.475209355354309
1756,1.0031532049179077,0.6786574721336365,1.2159916162490845,0,0.789061963558197,1.0334123373031616,1.0204601287841797,0,0,1.6143721342086792
1757,1.6160740852355957,1.4325637817382812,1.9085500240325928,0,1.0090665817260742,1.8059399127960205,1.822917103767395,0,0,2.519197940826416
1758,1.4248857498168945,0.890092670917511,1.2317103147506714,0,0.8965896964073181,1.0124611854553223,1.1164289712905884,0,0,1.9378776550292969
1759,1.2897967100143433,1.5986673831939697,1.7006607055664062,0,1.0829455852508545,1.3421002626419067,1.5043587684631348,0,0,2.0625126361846924
1760,0.8796913623809814,1.5403406620025635,1.4118354320526123,0,1.462034821510315,0.782733142375946,1.2145624160766602,0,0,1.1411534547805786
1761,0.9514970183372498,1.8384393453598022,1.616533637046814,1.339859962463379,0.8331243991851807,1.6518346071243286,1.2673559188842773,0,0,2.1399450302124023
1762,1.4181793928146362,1.8375197649002075,1.2312698364257812,1.2890737056732178,1.0521115064620972,1.6056777238845825,1.3399755954742432,0,0,2.178480625152588
1763,1.6669310331344604,1.8842551708221436,2.1446473598480225,1.2101869583129883,0.7377076745033264,1.4778934717178345,1.4659918546676636,0,0,2.6923229694366455
1764,1.0435569286346436,0.9369747638702393,1.4544777870178223,0.6363498568534851,0.7755356431007385,0.9123280048370361,1.0458475351333618,0,0,1.5165003538131714
1765,1.2619035243988037,1.7166438102722168,1.456528663635254,0.9467082619667053,0.7406469583511353,1.702354907989502,1.7486958503723145,0,0,2.291708469390869
1766,1.945245623588562,1.6288468837738037,1.7791385650634766,1.7364693880081177,1.178084135055542,1.2507051229476929,1.6928491592407227,0,0,2.464622974395752
1767,1.4256235361099243,1.4944545030593872,1.243617296218872,0.7182391881942749,0.9679312109947205,1.2375684976577759,1.277228593826294,0,0,2.530285596847534
1768,1.316530466079712,1.326164722442627,1.3274179697036743,0.859872579574585,1.004892349243164,1.317732572555542,1.2210164070129395,0,0,1.9587268829345703
1769,1.1227097511291504,1.055212378501892,1.241769552230835,0.6946921944618225,0.8034021258354187,1.0383191108703613,1.3234466314315796,0,0,1.8950895071029663
1770,1.3467981815338135,1.5857434272766113,1.3500487804412842,0.9778426885604858,1.1209142208099365,1.5213260650634766,1.7205573320388794,0,0,2.218707799911499
1771,0.9940924644470215,0.7118352055549622,0.9434980154037476,0.6217476725578308,0.9671135544776917,0.7361294031143188,0.796419084072113,0,0,0.8868101239204407
1772,1.062309980392456,0.7587834000587463,1.1027138233184814,0.7049117684364319,0.8739154934883118,0.7332479953765869,0.9935987591743469,0,0,1.4745690822601318
1773,0.7611393928527832,0.7256590127944946,0.8742622137069702,0.5403489470481873,0.6914603114128113,0.6477867364883423,0.8001283407211304,0,0,0.8513291478157043
1774,1.2958265542984009,0.971032977104187,0.9826916456222534,0.6988382339477539,0.9342347979545593,0.9538373947143555,1.1324635744094849,0,0,1.677441954612732
1775,1.4356013536453247,1.1769921779632568,1.3916842937469482,0.9130787253379822,0.9653840661048889,1.308205485343933,1.5545662641525269,0,0,2.365424156188965
1776,0.9398776888847351,0.8874545097351074,1.1901811361312866,0.8233218789100647,0.8985580801963806,1.1540470123291016,1.1113791465759277,0,0,2.089766025543213
1777,1.147862195968628,0.863142192363739,1.0820280313491821,0.7889738082885742,1.0002342462539673,1.0460399389266968,1.278558611869812,0,0,2.1106009483337402
1778,1.1715784072875977,1.0228266716003418,1.2662816047668457,0.9373053908348083,1.2499408721923828,1.4842123985290527,1.4981917142868042,0,0,2.2494430541992188
1779,1.08211350440979,1.0167077779769897,0.9641300439834595,0.8001944422721863,0.807099461555481,1.3385722637176514,1.1466432809829712,0,0,1.7601877450942993
1780,0.8266081809997559,0.6548357009887695,0.8127101063728333,0.6509836912155151,0.6864877343177795,0.8137082457542419,0.8810210824012756,0,0,1.3312170505523682
1781,1.0375301837921143,1.0007758140563965,1.0154228210449219,0.7722075581550598,0.906133770942688,1.1771214008331299,1.3164187669754028,0,0,1.356306791305542
1782,1.2651358842849731,1.0302144289016724,1.3474602699279785,0.9353194236755371,1.1668720245361328,1.0671228170394897,1.168231725692749,0,0,1.6090067625045776
1783,0.7771812081336975,0.6767301559448242,0.769369900226593,0.5604953169822693,0.7193814516067505,0.6035053133964539,0.8763829469680786,0,0,0.9765981435775757
1784,1.6538349390029907,1.1550365686416626,1.410134196281433,1.04917573928833,0.8113098740577698,1.700676679611206,1.6615406274795532,0,0,2.1989758014678955
1785,1.4628098011016846,0.9101685881614685,1.4345006942749023,1.0832808017730713,0.9242914915084839,1.5097768306732178,1.4628593921661377,0,0,2.214906692504883
1786,0.8792335987091064,1.0491670370101929,1.0825597047805786,0.8285312056541443,0.804678201675415,1.0047297477722168,1.2929173707962036,0,0,1.1101911067962646
1787,1.0097895860671997,1.0181533098220825,0.7204824686050415,0.711077094078064,0.7713947892189026,1.1669132709503174,1.2290652990341187,0,0,1.4999421834945679
1788,1.0732090473175049,0.9508519768714905,0.7308914065361023,0.703525722026825,0.6982246041297913,1.0344932079315186,1.1086195707321167,0,0,1.153091549873352
1789,1.2411478757858276,1.1402597427368164,0.8453581929206848,0.9545494914054871,0.7425029873847961,1.4522658586502075,1.4466767311096191,0,0,1.7476832866668701
1790,1.0008618831634521,0.8616264462471008,0.8065646886825562,1.012495994567871,0,1.1113454103469849,0.9670437574386597,0,0,1.6046767234802246
1791,1.2083669900894165,1.353614091873169,1.1620301008224487,1.2928287982940674,0,1.715580940246582,1.2752714157104492,0,0,2.125849485397339
1792,1.1825904846191406,0.935248851776123,1.0116688013076782,1.016229271888733,0,1.365298867225647,1.0355209112167358,0,0.853309690952301,1.980595588684082
1793,1.365053415298462,1.1673591136932373,1.1319401264190674,0.947319746017456,0,1.8714334964752197,1.2753149271011353,0,0.7591167688369751,2.038447618484497
1794,1.1480883359909058,1.3123688697814941,1.182743787765503,0.991249144077301,0.8292970061302185,2.001207113265991,1.081394910812378,0,0.7506890296936035,2.0099501609802246
1795,1.0237785577774048,1.030112624168396,1.047201156616211,0.8992539048194885,0.6667256355285645,0.9833273887634277,0.8049384951591492,0,0.8223676085472107,1.3832511901855469
1796,0.9204908013343811,0.8849107027053833,0.9676018953323364,0.7369431853294373,0.621981680393219,1.1482980251312256,0.7929307818412781,0,0.6824483275413513,1.4704627990722656
1797,0.902672290802002,0.8230478167533875,0.85366290807724,0.5601680278778076,0.56271892786026,1.2465672492980957,0.6536270976066589,0,0.7293797135353088,1.1127078533172607
1798,0.9047107696533203,0.7588066458702087,0.9227851033210754,0.6121764183044434,0.5741503834724426,0.8802502751350403,1.0419702529907227,0,0.8343397378921509,1.3185144662857056
1799,0.8691520094871521,0.7288808226585388,0.7912726402282715,0.5521522164344788,0.5194198489189148,0.8776389956474304,0.48535168170928955,0,0.7482384443283081,1.1322543621063232
1800,1.0441701412200928,1.1989399194717407,0.9934971332550049,0.8197072148323059,0.6414890289306641,0.9301079511642456,-999,0,1.1573503017425537,1.4199860095977783
1801,0.9780909419059753,0.7609198689460754,0.8565285205841064,0.6143482327461243,0.5725170969963074,1.0851167440414429,-999,0,0.9692620038986206,1.559066891670227
1802,0.8957571387290955,0.7459200620651245,0.8542751669883728,0.5530925989151001,0.6932886838912964,0.9621433615684509,-999,0,0.7638561129570007,1.1618562936782837
1803,1.0090458393096924,1.108381748199463,0.7514116168022156,0.9209074974060059,0.625115156173706,1.3445701599121094,-999,0,0.8647906184196472,1.6167186498641968
1804,1.467276930809021,1.2609614133834839,1.071142554283142,0.7715376019477844,0.7655701637268066,1.5342768430709839,-999,0,0.9620946645736694,1.9350439310073853
1805,1.16195809841156,1.0861672163009644,1.0281277894973755,0.8018877506256104,0.6931120157241821,0.7886183857917786,-999,0,0.8747169375419617,1.5214831829071045
1806,1.3800475597381592,1.473657250404358,1.0468332767486572,0.9903635382652283,0.6908844709396362,1.2895056009292603,-999,0,1.1179872751235962,1.9951943159103394
1807,1.2263764142990112,0.9090979695320129,1.208577036857605,0.6542146801948547,1.1439379453659058,0.887095034122467,-999,0,0.7453379034996033,1.5332053899765015
1808,1.4115554094314575,1.0736193656921387,1.0552456378936768,0.9559033513069153,0.8447018265724182,1.4366172552108765,-999,0,0.8385656476020813,1.776186466217041
1809,0.9535174369812012,0.682076632976532,0.9858099222183228,0.552071213722229,0.8525367975234985,1.6169984340667725,-999,0,0.7153188586235046,0.9981847405433655
1810,1.014939546585083,1.07143235206604,0.7874842286109924,1.1066064834594727,0.751509428024292,0.989877462387085,-999,0,1.0612738132476807,1.7206529378890991
1811,1.5562611818313599,1.5435107946395874,0.6194775104522705,1.6450575590133667,0.7876677513122559,1.1438668966293335,-999,0,1.2270989418029785,2.1561615467071533
1812,0.7430424690246582,0.67275470495224,0.983002245426178,1.7754390239715576,1.1792255640029907,2.3312997817993164,0.6208270192146301,0,0.6715071797370911,1.088898777961731
1813,0.8702991604804993,0.6617614030838013,0.794867753982544,1.3640421628952026,0.9276522994041443,0.8973971605300903,0.5890709757804871,0,0.7318785786628723,1.0440231561660767
1814,0.9871158003807068,0.9738252758979797,0.735550582408905,1.5178099870681763,0.8320735692977905,1.035244345664978,0.6319169402122498,0,0.8966012597084045,1.602533221244812
1815,1.1074857711791992,0.881384015083313,0.9228176474571228,1.3000463247299194,0.9164572358131409,1.525123119354248,0.5608940720558167,0,0.7006267309188843,1.3324824571609497
1816,1.2751673460006714,0.9900566339492798,1.046126365661621,1.5181094408035278,0.9949360489845276,0.7716985940933228,0.8950445652008057,0,1.1015630960464478,1.6281288862228394
1817,1.0033525228500366,0.7640714645385742,0.9647528529167175,1.457663655281067,0.9123474955558777,0.9844722747802734,0.7283930778503418,0,0.9969232082366943,1.2533979415893555
1818,1.262792706489563,1.2380236387252808,1.0900787115097046,1.1273823976516724,0.7520396113395691,0.9769349098205566,0.6010078191757202,0,1.0108015537261963,2.126432180404663
1819,1.1966251134872437,0.8822180032730103,1.2589268684387207,0.8833333849906921,1.4570114612579346,0.9752162098884583,0.7190779447555542,0,1.1193286180496216,1.298776626586914
1820,1.0461572408676147,0.7975100874900818,0.9101409316062927,1.4582453966140747,1.2123719453811646,1.1670150756835938,0.5838831067085266,0,1.0012612342834473,1.310897707939148
1821,1.2484623193740845,1.1203827857971191,0.942781925201416,1.1111143827438354,0.8312507271766663,0.7166413068771362,0.5414808392524719,0,1.1657512187957764,1.8047442436218262
1822,0.9297803640365601,1.2260189056396484,1.0358651876449585,0.9314665794372559,0.9014778733253479,0.6405202746391296,0.5632380843162537,0,1.1019619703292847,2.113679885864258
1823,1.3026847839355469,1.260563850402832,1.4076839685440063,1.294338345527649,1.916186809539795,1.020275592803955,0.5947580933570862,0,1.4138137102127075,2.23211932182312
1824,0.9142393469810486,0.7927311062812805,0.944507896900177,1.4435499906539917,0.901020348072052,1.5972954034805298,1.513572335243225,0,0.8880487084388733,1.3713390827178955
1825,0.7550708651542664,0.5112524032592773,-999,1.575465202331543,1.5068515539169312,1.33381986618042,0.660342276096344,0,0.8211945295333862,1.3034660816192627
1826,0.9347112774848938,0.705467939376831,0.8877748847007751,0.7517396211624146,1.1641055345535278,1.088960886001587,0.5048681497573853,0,1.1290885210037231,1.4274858236312866
1827,0.7179250717163086,0.8105393648147583,0.8230912089347839,0.844636082649231,0.875199556350708,0.8502230048179626,0.5856341123580933,0,0.7648687958717346,1.409288763999939
1828,1.3774263858795166,1.3886048793792725,1.14598548412323,0.9805026650428772,1.0839413404464722,0.6592490673065186,0.4954262375831604,0,0.8631999492645264,1.8773616552352905
1829,1.0749682188034058,0.9513013362884521,0.8784142136573792,0.6444081664085388,1.0363280773162842,0.6716462969779968,0.49693724513053894,0,0.8549016118049622,1.2879666090011597
1830,1.3030024766921997,1.2938156127929688,1.1340945959091187,0.7914589047431946,1.4572046995162964,0.35928258299827576,0.5573403835296631,0,1.168619990348816,1.4524799585342407
1831,1.1429555416107178,1.2837556600570679,0.9908241033554077,0.9143937230110168,0.93504399061203,0.778629720211029,-999,0,0.9383556842803955,1.7866542339324951
1832,0.985478401184082,0.8012537956237793,0.9375541806221008,0.6103297472000122,0.991411030292511,0.49722781777381897,-999,0,0.8947315812110901,1.1950169801712036
1833,0.6857987642288208,0.8509028553962708,1.4987152814865112,0.6053090691566467,1.2077805995941162,-999,-999,0,0.8994561433792114,1.107522964477539
1834,1.0496242046356201,1.0477254390716553,1.1325180530548096,0.9232633709907532,1.0483278036117554,0.6894354224205017,-999,1.2487026453018188,1.0206257104873657,1.7391293048858643
1835,1.057321548461914,1.099932074546814,0.9975563883781433,0.9022012948989868,0.9107233881950378,0.5586370825767517,-999,0.9127982258796692,0.8728464841842651,1.6392360925674438
1836,1.271819829940796,1.2797386646270752,1.2011276483535767,1.0481925010681152,1.2675668001174927,0.5231234431266785,-999,0.8374322652816772,1.100236415863037,2.008455753326416
1837,0.5589574575424194,0.5021946430206299,0.7247819900512695,0.4824342131614685,1.0063635110855103,0.5566539168357849,-999,0.8203162550926208,0.779906690120697,0.8690125942230225
1838,0.7991155385971069,0.726967990398407,1.0974061489105225,0.9234327673912048,0.9985364675521851,0.6692453026771545,-999,1.0293056964874268,1.259796142578125,1.6276339292526245
1839,0.8050190806388855,0.8438461422920227,0.9287458062171936,0.7039770483970642,0.8496526479721069,0.6249104738235474,0.47130125761032104,0.9920375943183899,0.9931730031967163,1.1693778038024902
1840,1.1958192586898804,1.1379077434539795,0.946682870388031,0.9116185307502747,1.0020813941955566,0.5358933806419373,0.3617093861103058,0.7854349613189697,1.0162007808685303,1.7357144355773926
1841,1.6502937078475952,1.3587324619293213,0.9620335698127747,1.1883000135421753,0.7142342925071716,0.46567705273628235,0.34921085834503174,1.1374871730804443,-999,2.3478434085845947
1842,1.193988561630249,1.223632574081421,0.9073331356048584,0.7665068507194519,0.9375806450843811,0.4948520362377167,0.30435243248939514,1.1877001523971558,-999,1.3864631652832031
1843,1.3385275602340698,0.8347650766372681,1.2977946996688843,0.7554497718811035,1.254002571105957,-999,-999,1.121631145477295,-999,1.636496901512146
1844,1.0719724893569946,0.8679913878440857,1.0577332973480225,0.7168235182762146,0.9313908219337463,-999,0.5306356549263,1.542830467224121,-999,1.2359551191329956
1845,1.2347922325134277,0.9663111567497253,1.2863638401031494,0.7926230430603027,1.1286426782608032,-999,0.4866522252559662,1.7367440462112427,-999,1.535245418548584
1846,1.3746967315673828,1.6376686096191406,1.202499508857727,1.0338928699493408,0.9759798049926758,-999,0.4643722176551819,1.8387964963912964,-999,1.6473859548568726
1847,0.7292651534080505,0.6258276700973511,0.8955711126327515,0.4978514015674591,0.9025583863258362,-999,0.5247693657875061,1.1451570987701416,-999,1.0048460960388184
1848,1.2596205472946167,1.1719622611999512,1.0782577991485596,0.8487374186515808,0.9402197599411011,0,0.6034726500511169,1.1034409999847412,-999,1.6527559757232666
1849,0.6551051139831543,0.5472310185432434,0.6623778343200684,1.7224316596984863,1.0810445547103882,0.873306393623352,1.0051521062850952,0.6916478276252747,-999,1.0775913000106812
1850,0.8063185214996338,0.7328972220420837,0.7280786633491516,1.2451084852218628,0.902608335018158,0.6867120862007141,0.4453926086425781,0.6401131749153137,-999,1.5151973962783813
1851,0.9488978385925293,1.0312868356704712,1.079641342163086,1.000044345855713,0.8999830484390259,0.6954425573348999,0.5151878595352173,0.6780366897583008,-999,1.689760684967041
1852,1.182265043258667,1.3426913022994995,0.9977325797080994,1.556026577949524,0.9911935925483704,1.5571045875549316,0.49315664172172546,1.0316855907440186,-999,2.1843419075012207
1853,1.5285985469818115,2.286787509918213,0.9533315896987915,0.947576105594635,0.870644748210907,1.9391510486602783,0.4967486560344696,0.9758250713348389,-999,2.2973833084106445
1854,0.9904653429985046,1.4299057722091675,1.440866470336914,0.7371140122413635,0.98467618227005,1.7901999950408936,0.44884195923805237,0.6359748244285583,1.6089740991592407,1.6575124263763428
1855,1.039609432220459,1.581546425819397,1.219875454902649,0.9173723459243774,1.17400062084198,1.6813298463821411,0.45088687539100647,0.9307012557983398,1.4717351198196411,1.93543541431427
1856,1.4530184268951416,1.8771086931228638,1.068699598312378,1.4308061599731445,0.9440021514892578,2.279498338699341,0.42687809467315674,0.8668941259384155,0.9067474007606506,2.3431596755981445
1857,0.9027386903762817,1.3898950815200806,1.2213276624679565,0.6449881792068481,0.8781277537345886,1.608455777168274,0.781750500202179,0.6921298503875732,-999,1.71160888671875
1858,1.0384548902511597,1.1664117574691772,0.9028571248054504,0.8566479682922363,0.7601810693740845,1.5274717807769775,0.3560020625591278,0.8673670291900635,1.1575993299484253,1.1933486461639404
1859,1.4646177291870117,1.1080960035324097,1.1980558633804321,1.1917412281036377,1.1078977584838867,1.3557884693145752,1.1945629119873047,1.0366445779800415,1.3466870784759521,1.5278892517089844
1860,1.5276691913604736,1.587427020072937,1.0341367721557617,1.2276291847229004,1.167353868484497,2.1625781059265137,1.054345965385437,1.0158960819244385,1.0596126317977905,2.107006311416626
1861,1.2704017162322998,1.3372900485992432,1.0428414344787598,1.037057876586914,0.7048639059066772,1.731400728225708,0.8978354334831238,0.7796285152435303,0.9800647497177124,0.9347119331359863
1862,1.2110296487808228,1.3858884572982788,0.8867457509040833,0.9571362733840942,1.0550163984298706,1.5325249433517456,0.6504298448562622,0.8853493332862854,1.0347093343734741,0.8430219888687134
1863,2.013118028640747,1.9346567392349243,1.5801478624343872,1.3105305433273315,1.1315397024154663,2.53338360786438,0.7624550461769104,1.0567885637283325,1.3266891241073608,0.8266113996505737
1864,1.1068042516708374,1.4348455667495728,1.1600362062454224,0.9727219939231873,0.9445274472236633,1.9290579557418823,0,0.8999229669570923,0.9320211410522461,0.6935268640518188
1865,1.609971284866333,1.7288596630096436,1.1154844760894775,1.3327265977859497,1.264723300933838,2.598004102706909,1.5161422491073608,0.9532724022865295,1.0128705501556396,0.9074610471725464
1866,0.8323805928230286,1.106580376625061,0.8841228485107422,0.845479428768158,0.896247148513794,1.0887633562088013,1.1663180589675903,0.7762861251831055,0.661626935005188,0.695236086845398
1867,0.8315321803092957,0.8256855607032776,0.7618600130081177,0.9540804624557495,0.8530105352401733,1.1432147026062012,1.2258176803588867,0.8052578568458557,0.7003880739212036,1.41681706905365
1868,1.2216440439224243,1.4742252826690674,0.8521537780761719,1.0642704963684082,0.8288251161575317,1.5233482122421265,1.1597464084625244,0.787914514541626,0.8721673488616943,0.9431052207946777
1869,0.5790423154830933,0.5493022203445435,0.6112343668937683,0.5493152141571045,0.7287249565124512,0,0.7862725853919983,0.5420191287994385,0.5239609479904175,0.6153161525726318
1870,1.2242075204849243,1.0755847692489624,0.8720956444740295,1.0394771099090576,1.0458441972732544,0.8598504066467285,1.235582709312439,0.8834235072135925,1.0784835815429688,1.1491347551345825
1871,1.0991017818450928,1.6302175521850586,0.8972906470298767,0.8903754949569702,0.9053696393966675,1.1626296043395996,1.2506687641143799,0.9565699696540833,0.8495708107948303,1.046229600906372
1872,1.0849257707595825,1.367768406867981,1.249394178390503,1.0564087629318237,1.2033517360687256,1.3900700807571411,1.3348904848098755,1.0289363861083984,0.9121901392936707,1.1245851516723633
1873,1.2968707084655762,1.2741001844406128,0.7021732926368713,1.1226850748062134,1.0091484785079956,0.9906538724899292,1.4626578092575073,1.0255223512649536,0.9293307065963745,1.248703122138977
1874,0.7383624911308289,1.1296799182891846,0.5936061143875122,1.2526664733886719,1.1666237115859985,0.7692909240722656,0.9951109290122986,0.8230520486831665,0.6722594499588013,1.0395532846450806
1875,1.1493070125579834,1.4687814712524414,0.8180952072143555,1.615756869316101,0.8979445099830627,1.732421636581421,1.1200257539749146,1.1481776237487793,0.5949240922927856,1.726161241531372
1876,1.2668304443359375,1.4460901021957397,0.8153476119041443,1.5751845836639404,1.0070455074310303,1.3406617641448975,1.3400006294250488,1.0745006799697876,0.9848139882087708,1.3566792011260986
1877,1.0082979202270508,1.460766315460205,0.8029992580413818,1.7218286991119385,0.9995212554931641,1.5831243991851807,1.3962452411651611,0.9698030352592468,0.7083887457847595,1.8539371490478516
1878,2.976999521255493,2.162627696990967,0.9307433366775513,1.8598740100860596,0.7957345247268677,1.8564093112945557,1.1704339981079102,1.2727670669555664,0.669461190700531,2.148134231567383
1879,0.8402339816093445,1.1571943759918213,1.130955457687378,1.3117144107818604,0.9763027429580688,1.4448391199111938,1.2576059103012085,0.8937543034553528,0.5331907272338867,1.882739543914795
1880,2.1110498905181885,1.4939604997634888,0.8760727047920227,1.0816659927368164,0.9158688187599182,1.7417078018188477,1.2877036333084106,1.2488776445388794,0.5704403519630432,2.5948755741119385
1881,1.8568899631500244,1.283573865890503,1.227091908454895,1.252018928527832,1.1156671047210693,1.4828225374221802,1.6774839162826538,1.1733739376068115,0.5092428922653198,2.330538511276245
1882,1.274288535118103,0.9786445498466492,0.869952380657196,1.1661494970321655,0.8065852522850037,1.1807546615600586,1.0851887464523315,0.9501913785934448,0.5907751321792603,1.7260085344314575
1883,1.501222848892212,1.2682769298553467,1.2348037958145142,0.8615050911903381,1.0052738189697266,1.2417961359024048,1.0734317302703857,1.0322593450546265,0.5025351643562317,2.0746963024139404
1884,0.9581129550933838,0.6863511800765991,0.7949643731117249,0.5386847853660583,1.2231545448303223,0.6320996284484863,0.8362342715263367,0.7187480330467224,0.5398683547973633,0.9023838043212891
1885,0.8656179904937744,0.6096385717391968,0.9698964953422546,0,1.3509790897369385,0.610578715801239,0.8269128799438477,0.7153722047805786,0.7018011212348938,0.7669379115104675
1886,1.356546401977539,0.8067610263824463,0.8704767823219299,0,0.8584240674972534,0.8175256252288818,1.1012297868728638,0.9704952239990234,0.6179629564285278,1.4507025480270386
1887,1.2556068897247314,1.1905577182769775,0.6457936763763428,0,0.9359169006347656,1.3749233484268188,1.0661661624908447,1.2780792713165283,0.5040757656097412,2.0212693214416504
1888,1.5519052743911743,1.145969033241272,0.7746767401695251,0,0.7962478399276733,1.5404891967773438,1.0199655294418335,1.2895129919052124,0.5700554847717285,2.4824836254119873
1889,1.4306334257125854,1.0798687934875488,0,0,1.2492913007736206,0.97731614112854,1.3640265464782715,0.8839666843414307,0.6290385127067566,2.208486795425415
1890,1.6101127862930298,1.1738108396530151,0,0,0.8595440983772278,1.2800465822219849,1.1080313920974731,0.8485608100891113,0.46901771426200867,1.9411998987197876
1891,1.6571757793426514,1.3151447772979736,0,0,0.9752314686775208,1.234900951385498,1.1237074136734009,0.7977803349494934,0.47200390696525574,2.1962125301361084
1892,2.082425355911255,1.532924771308899,0,0,1.4106457233428955,1.6461299657821655,1.5239930152893066,1.0329614877700806,-999,2.4201889038085938
1893,1.7556252479553223,1.6253913640975952,0,0,0.7945159673690796,1.5593013763427734,1.3909201622009277,1.1112818717956543,0.6211909055709839,2.2582085132598877
1894,2.275362730026245,2.129014492034912,0,0,0.9616705775260925,1.7884247303009033,1.3747235536575317,1.376076579093933,0.9095200300216675,2.6364805698394775
1895,1.4659514427185059,1.8334087133407593,0,0,0.8480186462402344,1.1178888082504272,1.061918020248413,1.1529595851898193,1.1000157594680786,2.5147929191589355
1896,2.002845525741577,1.8644100427627563,0,0,0.8978477120399475,1.5452851057052612,1.1342687606811523,1.2228015661239624,0.630601704120636,2.182805061340332
1897,2.4198555946350098,2.202890157699585,0,0,0.8672389388084412,1.7465001344680786,0.8420099020004272,1.275166630744934,0.5701115131378174,2.95534348487854
1898,1.5335118770599365,1.279014229774475,0,0,0.8553163409233093,1.1828374862670898,0.9720462560653687,1.0423768758773804,0.6735607981681824,1.291751742362976
1899,1.5433696508407593,1.6133705377578735,0,0,0.8072310090065002,1.015466570854187,0.8260268568992615,0.8790196180343628,0.6646127104759216,1.2319079637527466
1900,1.6940935850143433,1.1690549850463867,0,0,0.9402220249176025,0.8831433653831482,1.1972990036010742,1.0345693826675415,0.7795678973197937,1.5264827013015747
1901,1.5958153009414673,1.2810630798339844,0,0,0.8446189761161804,1.25355064868927,0.8910249471664429,0.876729428768158,0.5991771221160889,1.5743602514266968
1902,1.2482744455337524,0.9882234930992126,0,0,0.6976969242095947,1.0966637134552002,0.7466962337493896,0.7756011486053467,0.5768760442733765,1.2352982759475708
1903,1.138948678970337,1.4233155250549316,0,0,0.8924868106842041,1.3589191436767578,1.1000415086746216,1.1021316051483154,0.6212247014045715,1.6906969547271729
1904,1.6478153467178345,1.9198832511901855,0,0,0.8976008296012878,1.9909660816192627,1.012622356414795,1.3044328689575195,0.5940430164337158,1.610074520111084
1905,1.0981864929199219,1.1855565309524536,0,1.790998101234436,0.9026774764060974,1.383829951286316,1.00022292137146,0.9080503582954407,0.6987261176109314,1.3213523626327515
1906,1.218456745147705,1.1911625862121582,0,1.0931628942489624,0.8573322892189026,1.2661329507827759,0.7813180685043335,0.8295992612838745,0.5761688351631165,1.4833884239196777
1907,1.255426287651062,1.2296197414398193,0,0.9640681743621826,0.7606304287910461,1.0458259582519531,0.8050290942192078,0.8461369872093201,0.5497386455535889,1.4875869750976562
1908,1.520698070526123,1.8746918439865112,0,1.614560842514038,0.6227991580963135,1.678680181503296,0.7032399773597717,1.2191828489303589,0.5903457403182983,2.300333261489868
1909,1.4843521118164062,1.0422435998916626,0,0.9971451759338379,0.8880861401557922,1.1022299528121948,0.7956393957138062,1.4307005405426025,0.6269755363464355,2.6013107299804688
1910,1.6398431062698364,2.1750283241271973,0,1.2958381175994873,0.8541892170906067,1.6304678916931152,1.125247836112976,1.3510984182357788,0.7385328412055969,2.2840046882629395
1911,1.4574320316314697,1.8874154090881348,0,1.0218288898468018,0.7215901017189026,1.9956609010696411,0.8398362398147583,1.4633744955062866,0.5678865313529968,1.8093156814575195
1912,0.9013936519622803,0.7895484566688538,0,0.5433421730995178,0.6221226453781128,0.6744552850723267,0.6841229796409607,0.8403027057647705,0.6213708519935608,0.9025123715400696
1913,1.2036173343658447,0.9872256517410278,0,0.6509842276573181,0.767511785030365,1.0351566076278687,0.7906963229179382,0.8514242172241211,0.5347362160682678,2.6446871757507324
1914,1.8682754039764404,1.7913095951080322,0,1.1298459768295288,0.6263464689254761,1.861732006072998,0.5347350835800171,1.1952306032180786,0.5118551254272461,2.6667678356170654
1915,1.6771117448806763,1.7199960947036743,0,0.788131594657898,1.6423293352127075,1.3919867277145386,0.4633259177207947,1.3882533311843872,0.5519707798957825,2.234541177749634
1916,1.5285700559616089,0.6416489481925964,0,1.318047285079956,1.1313930749893188,1.7389553785324097,0.5668541193008423,1.3348724842071533,0.5495806336402893,2.459728956222534
1917,1.93168306350708,0.9247391819953918,0,1.3390363454818726,1.2576556205749512,2.0408573150634766,0.4996246099472046,1.5736281871795654,0.6438360810279846,2.781855821609497
1918,1.4853986501693726,0.7320841550827026,0,1.3171132802963257,0.8889998197555542,1.3170214891433716,0.7245269417762756,1.1369298696517944,0.6618821620941162,1.7355234622955322
1919,1.7985080480575562,0.824942409992218,0,1.1850653886795044,1.1854420900344849,1.7936930656433105,0.5096829533576965,1.1844866275787354,0.4867495894432068,2.7913804054260254
1920,1.5714253187179565,0.7325235605239868,0,1.7785124778747559,1.0175514221191406,1.3763264417648315,0.4784509837627411,1.1155210733413696,0.5205986499786377,2.206874370574951
1921,1.5276730060577393,0.9347754716873169,0,1.4346898794174194,1.1903659105300903,1.8402360677719116,0.5945798754692078,1.516741156578064,0.6047266125679016,2.3281807899475098
1922,1.918649673461914,1.0396517515182495,0,2.0761241912841797,1.3086187839508057,1.9417814016342163,0.5746151804924011,1.5391064882278442,0.534890353679657,2.7493202686309814
1923,1.5839389562606812,0.9905315041542053,0,1.4437655210494995,1.1852072477340698,1.5090361833572388,0.47710686922073364,1.3216429948806763,0.6014472842216492,1.978623390197754
1924,1.6134535074234009,1.2886320352554321,0,1.8081966638565063,1.0972638130187988,1.4744510650634766,0.5549302101135254,1.6039881706237793,0.5553939938545227,2.6382110118865967
1925,1.250110149383545,1.0631898641586304,0,1.1312509775161743,0.9243981838226318,1.2138283252716064,0.6169093251228333,1.0018137693405151,0.5348116159439087,1.5247299671173096
1926,1.4889135360717773,1.2805581092834473,0,1.5727744102478027,1.0528028011322021,1.2752259969711304,0.6103435754776001,1.215053677558899,0.5514498353004456,2.265374183654785
1927,1.2307043075561523,0.9896347522735596,0,1.1058940887451172,0.8660368323326111,0.9524103999137878,0.8645954728126526,1.0392850637435913,0.6868727207183838,1.3407061100006104
1928,1.6300935745239258,1.3738971948623657,0,1.3730131387710571,1.2435786724090576,1.2049572467803955,0.610745906829834,1.2061461210250854,0.75095134973526,2.1151680946350098
1929,1.3185151815414429,1.4367729425430298,0,1.1871321201324463,1.0634859800338745,1.363895297050476,0.6776753067970276,1.3468362092971802,0.7925628423690796,2.747755289077759
1930,1.025718092918396,1.2745431661605835,0,1.5352786779403687,1.0404481887817383,1.0293772220611572,0.8603692650794983,1.2147765159606934,0.8625760078430176,1.6670887470245361
1931,1.008811354637146,0.9515615701675415,0,0.7656081914901733,0.9107493162155151,0.7179259061813354,0.7482660412788391,1.1628464460372925,0.5676839351654053,1.3937739133834839
1932,-999,1.6595360040664673,0,1.8671574592590332,1.7131843566894531,0.38533157110214233,1.289310336112976,1.7052040100097656,0.6613261103630066,1.9362497329711914
1933,-999,1.553987979888916,0,1.6052055358886719,1.2052890062332153,-999,1.1761656999588013,1.2581443786621094,0.7167438268661499,2.319239616394043
1934,-999,1.522375226020813,0,1.4495970010757446,1.2571613788604736,-999,1.327144980430603,1.6000711917877197,0.8674640655517578,2.0270795822143555
1935,-999,1.8248037099838257,0,1.2369569540023804,1.2829996347427368,-999,1.4682157039642334,1.7094650268554688,0.9232589602470398,2.9499313831329346
1936,-999,1.6455962657928467,0,1.148767113685608,1.0779458284378052,1.4075515270233154,1.4086862802505493,1.5657200813293457,1.057402491569519,2.2952539920806885
1937,0.5423297882080078,1.2119426727294922,0,1.027178168296814,1.3869478702545166,1.2240464687347412,1.4899084568023682,1.1732906103134155,0.7146453857421875,2.178428888320923
1938,1.26370108127594,1.6553072929382324,0,1.617214560508728,1.731873869895935,1.3760812282562256,1.3304837942123413,1.5048452615737915,1.3374793529510498,1.9458520412445068
1939,1.9857863187789917,1.8297122716903687,0,1.6520991325378418,1.6737580299377441,1.4526704549789429,1.3730907440185547,1.4377795457839966,1.5003490447998047,2.620770215988159
1940,1.4464415311813354,1.7827450037002563,0,1.8321589231491089,1.1246528625488281,1.097194790840149,1.1556180715560913,1.2755239009857178,1.630325436592102,2.259671688079834
1941,2.108755588531494,1.4726052284240723,1.2065730094909668,1.7057826519012451,0.9922299385070801,1.6603682041168213,1.6775821447372437,2.240954875946045,1.530006766319275,2.417811393737793
1942,1.4182326793670654,1.6278314590454102,1.462754249572754,1.9384009838104248,1.4434505701065063,1.4489072561264038,1.4078524112701416,1.0402237176895142,1.6992708444595337,2.0574402809143066
1943,1.7031879425048828,1.398688793182373,1.2682245969772339,2.4165852069854736,1.2199809551239014,1.484835147857666,1.2919747829437256,1.0716737508773804,1.347279667854309,1.622216820716858
1944,1.2296080589294434,1.1644452810287476,1.3904368877410889,1.725868821144104,0.8683066964149475,0.9237574338912964,1.089250922203064,0.9526041150093079,1.1562004089355469,1.1946709156036377
1945,1.5422965288162231,1.4877654314041138,1.0698283910751343,2.5743608474731445,0.7742433547973633,1.3127014636993408,1.3309216499328613,1.1954296827316284,1.4731149673461914,1.4647252559661865
1946,1.7029951810836792,1.563176155090332,1.0185805559158325,2.4536638259887695,1.0858161449432373,1.169439673423767,1.371745228767395,1.1286367177963257,1.4125324487686157,2.033115863800049
1947,1.439268946647644,1.066734790802002,1.636050820350647,2.3364930152893066,1.631066083908081,1.5703620910644531,2.266486406326294,1.066545009613037,1.2373263835906982,1.0000896453857422
1948,2.0315027236938477,1.4997920989990234,0.7913103103637695,2.706188678741455,1.5458168983459473,1.6640164852142334,1.7240129709243774,1.1493297815322876,1.8871129751205444,1.47003972530365
1949,1.4607470035552979,1.179621934890747,1.3507002592086792,2.5379886627197266,1.432345986366272,1.1009712219238281,1.3195401430130005,1.0349693298339844,1.3448801040649414,1.1072986125946045
1950,1.715838074684143,0.9515079855918884,0.9794579148292542,2.1879312992095947,1.0928854942321777,1.3512064218521118,1.125470757484436,0.9476070404052734,1.2186075448989868,0.9628896713256836
1951,1.726891279220581,1.1689013242721558,1.1160197257995605,2.423917531967163,1.0573062896728516,1.163391351699829,0.9265733957290649,0.9296734929084778,1.238103985786438,1.3297983407974243
1952,1.5145841836929321,1.164764642715454,0.9572241902351379,2.0545461177825928,0.9306616187095642,1.0619773864746094,0.9034518003463745,0.918348491191864,1.159075379371643,1.060984492301941
1953,2.306812047958374,1.5321483612060547,0.891136646270752,3.1183083057403564,1.8510805368423462,1.569959044456482,1.5253099203109741,1.5852775573730469,1.9309309720993042,1.6713918447494507
1954,1.6411211490631104,1.022302269935608,1.3021990060806274,1.8048967123031616,0.8494904637336731,1.191521167755127,0.9928392171859741,0.890763521194458,1.4875402450561523,0.8332380056381226
1955,1.4224039316177368,0.6504293084144592,0.8468566536903381,1.344622015953064,0.7431415915489197,0,0.8733628392219543,0.7419075965881348,1.4246031045913696,0.6700341105461121
1956,1.7642840147018433,0.9776732325553894,1.294363260269165,3.008518934249878,1.0794570446014404,0,1.371930718421936,1.1227303743362427,1.7075169086456299,1.102967619895935
1957,1.5935935974121094,1.2257306575775146,0.9172866344451904,3.022568702697754,1.0702273845672607,0,1.2733829021453857,1.0756957530975342,1.9926060438156128,1.3880717754364014
1958,1.5840903520584106,0.9419485330581665,1.6495319604873657,2.364515542984009,0.8349011540412903,0,0.7081847190856934,0.9720525145530701,1.3030240535736084,0.8777484893798828
1959,1.7644124031066895,0.95098876953125,1.0353026390075684,2.7959952354431152,0.7016915678977966,0,1.0440442562103271,1.250369668006897,0.9135118722915649,1.744104266166687
1960,1.4326566457748413,0.9407191872596741,1.484237790107727,1.893064260482788,1.0593218803405762,0,0.9739550948143005,0.9048564434051514,0.6729889512062073,1.2017173767089844
1961,1.384509801864624,0.8840712904930115,1.0830798149108887,1.7269587516784668,1.0610121488571167,0,0.9041804671287537,0.8345190286636353,0.6376142501831055,0.9938600659370422
1962,1.5471184253692627,1.000817894935608,1.0880850553512573,1.956417202949524,1.0544451475143433,0,1.0208970308303833,0.8315399885177612,0.5852397084236145,1.1181814670562744
1963,1.2179505825042725,1.0092501640319824,1.490713119506836,1.747796893119812,1.1612075567245483,0,1.3069278001785278,0.9102680087089539,1.1645839214324951,1.0956591367721558
1964,1.4545056819915771,0.8096845746040344,1.2374626398086548,1.490848422050476,1.1370562314987183,0,0.9960393309593201,0.9993537068367004,0.942420482635498,1.268936038017273
1965,1.282382607460022,0.9062613844871521,1.3913023471832275,1.108858346939087,1.3347080945968628,0,1.133646845817566,1.4427279233932495,1.5704830884933472,1.721063494682312
1966,1.4716899394989014,1.0590484142303467,1.5389763116836548,1.4670658111572266,1.5514402389526367,0,1.2590912580490112,0.9142490029335022,1.2374438047409058,1.6848063468933105
1967,1.6643508672714233,0.8052363991737366,1.3788352012634277,1.4565496444702148,0.920162558555603,0,1.1838725805282593,1.1243728399276733,1.3490039110183716,1.8044185638427734
1968,1.354264736175537,0.6849526762962341,1.346557378768921,0.8816618323326111,0.8964894413948059,0,0.9172020554542542,0.8473078012466431,1.1391454935073853,1.129701018333435
1969,1.373292088508606,0.8373274207115173,1.288061261177063,0.9475054740905762,0.8311139941215515,0,1.1739343404769897,1.0787618160247803,1.4680871963500977,1.8722515106201172
1970,1.5384076833724976,0.7752257585525513,1.4183008670806885,1.2331668138504028,1.1868642568588257,0,0.997702419757843,1.0999698638916016,1.3863557577133179,1.5724291801452637
1971,0.9671990275382996,1.126979947090149,1.3711154460906982,1.344521403312683,1.6705262660980225,0,1.2010183334350586,1.3877499103546143,1.1707758903503418,1.2115015983581543
1972,1.2034133672714233,1.4613302946090698,1.3746275901794434,1.2622953653335571,0.8253931403160095,0,0.8557593822479248,0.8806312084197998,1.0426658391952515,1.0098471641540527
1973,1.0435644388198853,0.7485011219978333,1.3098928928375244,0.8830074071884155,1.3120611906051636,0,0.9760425686836243,0.8794227838516235,1.0199207067489624,1.1080970764160156
1974,1.0838032960891724,0.9116829037666321,1.271069884300232,0.8586832284927368,1.4188039302825928,0,0.9667851328849792,1.0686320066452026,1.0466400384902954,1.1228352785110474
1975,0.9436663389205933,0.6741699576377869,1.2119603157043457,0.9209427833557129,0.8485109806060791,0,0.807234525680542,0.8449382781982422,1.1426316499710083,1.0882487297058105
1976,1.380803108215332,0.8014732599258423,1.286129117012024,1.0240031480789185,0.947907030582428,0,0.6861420273780823,0.8344882726669312,1.195327877998352,1.2778215408325195
1977,0.9398678541183472,0.7740707993507385,1.0344403982162476,0.860622763633728,1.222732663154602,0,0.7963839769363403,1.0872083902359009,0.8792766332626343,0.8655290007591248
1978,1.244719386100769,0.932318925857544,1.2729767560958862,0.8736761212348938,0.8017431497573853,0,0.7001338005065918,1.138162612915039,1.358161211013794,1.150771975517273
1979,1.546984076499939,0.7419089674949646,1.192223072052002,0.907569944858551,0.8506941199302673,0,0.8036512732505798,0.955528974533081,1.1105273962020874,1.352597951889038
1980,1.2605239152908325,1.5669084787368774,1.1993924379348755,1.6925784349441528,1.4166014194488525,0,1.0180459022521973,0.921942412853241,1.3055680990219116,1.1066087484359741
1981,1.2693122625350952,0.7213240265846252,1.1758064031600952,0.9106534719467163,0.9848370552062988,0,0.7290720343589783,0.9368782043457031,1.2745578289031982,1.4772906303405762
1982,1.4813311100006104,0.7597992420196533,1.266491174697876,0.7876085042953491,1.0180158615112305,0,0.7336681485176086,0.9157946705818176,1.1330031156539917,1.5444400310516357
1983,1.4826889038085938,0.8893634080886841,1.145782470703125,0.8278447389602661,0.9943884015083313,0,0.7075521945953369,0.9511163234710693,1.373579502105713,1.6954662799835205
1984,2.008971691131592,0.8286883234977722,1.6253865957260132,1.2913507223129272,1.1426042318344116,0,0.8673886060714722,1.2672380208969116,1.8407235145568848,1.84158456325531
1985,0.8732044100761414,0.7446305751800537,0.8973957896232605,0.7603754997253418,0.8025017976760864,0,0.5834000110626221,0.8103020191192627,0.6574032306671143,0.8321699500083923
1986,1.8274509906768799,1.0394340753555298,1.3716405630111694,1.3744429349899292,1.0397650003433228,0,1.0406476259231567,1.0680385828018188,1.3747339248657227,1.7410286664962769
1987,1.472602128982544,1.053636074066162,1.244998812675476,0.9470574855804443,1.3864026069641113,0,1.1270285844802856,1.053662896156311,1.0747300386428833,1.2941838502883911
1988,1.3053885698318481,0.9005829691886902,0.999565064907074,0.8745644092559814,1.041810393333435,0,0.8331983089447021,0.9081786274909973,1.0087006092071533,1.3010146617889404
1989,0.6800380945205688,1.3360916376113892,0.8221850395202637,0.6224400997161865,1.564242959022522,0,2.0624029636383057,0.6570655107498169,0.5644553303718567,0.5958922505378723
1990,1.7882379293441772,1.0341204404830933,0.9925457835197449,0.999617874622345,0.8795154094696045,0,0.791413426399231,0.9579233527183533,1.1992828845977783,1.6679357290267944
1991,1.6034349203109741,0.9719511866569519,1.2125983238220215,1.0517736673355103,1.0055210590362549,0,1.075059175491333,1.0624533891677856,1.494180679321289,1.3735644817352295
1992,1.3518437147140503,0.9566045999526978,1.1478694677352905,0.8843466639518738,1.0130150318145752,0,1.1469109058380127,1.1261359453201294,1.592050313949585,1.2636966705322266
1993,0.8917921185493469,0.5531191229820251,0.7045320272445679,0.7321056723594666,0.8434323072433472,0,0.7304328083992004,0.7268919348716736,0.8828190565109253,0.6836944818496704
1994,1.221909523010254,0.7758622765541077,1.16510808467865,0.937775194644928,0.9610232710838318,0,0.9243878722190857,0.8477262258529663,1.2728513479232788,1.0921796560287476
1995,1.2917181253433228,0.9692568778991699,1.0744165182113647,1.0971136093139648,1.0686347484588623,0,1.1666477918624878,1.2799856662750244,1.3354727029800415,1.3406598567962646
1996,1.3329724073410034,0.9792861342430115,0.9723854064941406,0.8815189599990845,0.8909696340560913,0,0.87754887342453,1.186522364616394,1.4012250900268555,1.3417469263076782
1997,1.3496789932250977,1.1898889541625977,1.3586283922195435,1.0990471839904785,1.7038521766662598,0,1.3479907512664795,1.4309334754943848,1.5473880767822266,1.5235438346862793
1998,1.0280324220657349,0.868404746055603,1.1129738092422485,1.106736183166504,0.8693802952766418,0,0.8401672840118408,0.9791984558105469,1.307421326637268,1.0493850708007812
1999,0.7601489424705505,1.059443712234497,1.0104429721832275,0.9147039651870728,1.1662846803665161,0,0.9542217254638672,0.87087082862854,1.1283092498779297,1.0510019063949585
2000,0.6503773927688599,0.674892008304596,0.8929653763771057,0.7864230871200562,0.9681450724601746,0,0.6628496646881104,0.8346996903419495,0.8561570644378662,0.6968382000923157
2001,0.9686736464500427,0.7673460245132446,0.8756895065307617,0.88982093334198,0.7339082956314087,0,0.8047837018966675,1.1168655157089233,1.3486328125,1.241154670715332
2002,1.0989768505096436,0.9363568425178528,1.0844005346298218,0.8637270331382751,0.9417397975921631,0,0.6895790100097656,1.2380633354187012,1.3154569864273071,1.5366106033325195
2003,1.0549341440200806,0.7936269640922546,1.0357731580734253,0.9787960052490234,1.1695001125335693,0,0.969041109085083,1.1811338663101196,1.3267091512680054,1.4882608652114868
2004,1.6330636739730835,1.0763826370239258,1.2412606477737427,1.0919036865234375,1.1757152080535889,0,1.1635836362838745,1.19269859790802,1.148020625114441,1.0970548391342163
2005,0.889878511428833,1.1571054458618164,1.2703609466552734,1.1746504306793213,1.1383134126663208,0,1.030144214630127,1.3820641040802002,1.4085171222686768,1.34507417678833
2006,1.0988085269927979,1.1626255512237549,1.1739709377288818,1.2798023223876953,0.8583362698554993,0,0.9470798373222351,1.1133559942245483,1.293149471282959,1.350121259689331
2007,1.1218403577804565,1.0939337015151978,1.2402039766311646,0.8635464906692505,1.6236858367919922,0,1.1007566452026367,1.1748942136764526,1.0022355318069458,1.256158471107483
2008,1.0219117403030396,0.9644919037818909,0.9499201774597168,1.023485541343689,0.747093141078949,0,0.7636197209358215,1.082572102546692,0.9581212997436523,1.0983774662017822
2009,0.9488193988800049,1.0341548919677734,1.1951267719268799,0.9240029454231262,0.8075925707817078,0,0.8278161883354187,1.2583367824554443,1.5520578622817993,1.4984248876571655
2010,1.2231178283691406,0.9104886651039124,1.163586139678955,0.7692610025405884,0.8055450320243835,0,0.8722440004348755,1.0278189182281494,1.1017318964004517,0.9748659133911133
2011,0.9619226455688477,0.7105377316474915,1.0164645910263062,0.8194538950920105,1.0478830337524414,0,1.035557746887207,1.049924373626709,0.9577154517173767,0.7635395526885986
2012,1.4818439483642578,0.9997342824935913,1.135091781616211,0.9095672369003296,0.7546267509460449,0,0.8088189363479614,1.2699459791183472,1.4893704652786255,1.526775598526001
2013,1.2040032148361206,1.1467763185501099,1.2563982009887695,1.0694198608398438,0.709634006023407,0,0.9507002830505371,1.1594347953796387,1.4479244947433472,1.446993350982666
2014,1.1309378147125244,0.999604344367981,1.3496439456939697,0.908825159072876,0.7953019738197327,0,0.9255399107933044,1.2025724649429321,1.1663182973861694,1.547373652458191
2015,0.8420640230178833,1.0091264247894287,1.3211346864700317,0.8730726838111877,0.8383338451385498,-9999,0.7512708306312561,1.24015212059021,0.9554983973503113,1.1210055351257324
2016,1.1751738786697388,1.2232125997543335,1.2685370445251465,0.9949852824211121,0.7857100367546082,0,0.9940317869186401,1.3518251180648804,1.3119852542877197,1.7440639734268188
2017,0.7775984406471252,0.864040195941925,1.093662142753601,1.1242315769195557,0.766075074672699,0,0.8344204425811768,1.2857481241226196,1.2385900020599365,1.4057321548461914
2018,1.0745782852172852,1.1135361194610596,1.2842481136322021,1.053257942199707,0.7153070569038391,0,0.9406928420066833,1.38033127784729,1.1348659992218018,1.4629794359207153
2019,1.0511592626571655,1.1731070280075073,1.3749712705612183,1.4780528545379639,0.7382152080535889,0,0.9277635812759399,1.6101198196411133,1.2880264520645142,1.542407751083374
2020,0.7506647109985352,1.3222923278808594,1.1106321811676025,1.032415509223938,0.7629700899124146,0,1.0621860027313232,1.096468448638916,1.4922670125961304,1.2042020559310913
2021,0.9283486008644104,1.0349410772323608,1.2684578895568848,1.1315730810165405,0.6604200601577759,0,0.7659662365913391,1.3338403701782227,1.0256024599075317,1.2035208940505981
2022,0.9120647311210632,1.0761665105819702,1.1531662940979004,1.1792404651641846,0.6283100247383118,0,0.7574388980865479,1.1631680727005005,1.0931607484817505,1.3399502038955688
2023,0,0.3127244710922241,0,0,0,0,0,0.47249487042427063