year,CWTriKHA_03_,CWTriKHA_06_,CWTriKHA_09_,CWTriKHA_12_,CWTriKHA_14_,CWTriKHA_15_,CWTriKHA_16_,CWTriKHA_17_,CWTriKHA_19_,CWTriKHA_20_
1680,0,3.332167387008667
1681,0,2.941300868988037
1682,0,2.7257080078125
1683,0,2.5675570964813232
1684,0,2.243776559829712
1685,0,2.2698659896850586
1686,0,2.2652409076690674
1687,0,2.4069221019744873,3.597181797027588
1688,0,2.5216352939605713,3.4646520614624023
1689,0,2.618032217025757,3.7919440269470215
1690,0,2.732926368713379,3.587123155593872
1691,0,2.512709617614746,4.317783832550049
1692,0,2.377797842025757,3.8201029300689697
1693,0,3.015244483947754,3.702899217605591
1694,0,2.9275448322296143,4.499448299407959
1695,0,2.514606237411499,3.911489486694336
1696,0,2.3780481815338135,3.6393895149230957
1697,0,2.3242695331573486,3.587131977081299
1698,0,2.3083786964416504,3.1470420360565186
1699,0,2.3832247257232666,3.3039557933807373
1700,0,2.4931228160858154,4.108733177185059
1701,0,2.905512571334839,3.898869276046753
1702,0,2.212125778198242,3.515773057937622
1703,0,2.971508026123047,3.747486114501953
1704,0,3.0163040161132812,3.801936149597168
1705,0,2.698981285095215,4.350356578826904
1706,0,2.738826036453247,4.122938632965088
1707,0,3.388085126876831,4.676894187927246
1708,0,3.5863893032073975,5.05106782913208
1709,0,3.0448198318481445,4.262301445007324,0,3.4913461208343506
1710,0,3.5107550621032715,4.1714324951171875,0,2.6864776611328125
1711,0,3.689523696899414,4.810597896575928,0,2.9980547428131104
1712,0,2.6441586017608643,3.889263391494751,0,2.935328245162964
1713,0,3.224778890609741,4.585599422454834,0,3.182300329208374,4.113734722137451
1714,0,3.41456937789917,4.483062267303467,0,2.6938867568969727,3.3065378665924072
1715,0,3.3765387535095215,4.867390155792236,0,3.007235050201416,3.969430446624756
1716,0,3.542562484741211,5.934879302978516,0,2.7112154960632324,3.9204893112182617
1717,0,3.2587621212005615,6.669869422912598,0,3.056788444519043,3.4251720905303955
1718,0,2.7034173011779785,5.830141544342041,0,3.1094205379486084,2.8094329833984375
1719,0,3.6696786880493164,5.523365020751953,0,3.201451301574707,3.935001850128174,0,0,0,4.585838317871094
1720,0,4.185487747192383,6.529466152191162,0,3.4065730571746826,3.9772822856903076,0,0,0,3.7894558906555176
1721,0,3.22598934173584,4.703922271728516,0,3.716853618621826,3.404681444168091,0,0,0,3.8255932331085205
1722,0,3.2957136631011963,4.510728359222412,0,3.0862014293670654,3.7828116416931152,0,0,0,3.857546806335449
1723,0,3.401163339614868,3.865217685699463,0,3.0573716163635254,3.5596530437469482,0,0,0,4.216198444366455
1724,0,4.2563934326171875,4.159279823303223,0,3.046609878540039,3.787914276123047,0,0,0,4.295170307159424
1725,0,3.723700761795044,4.65162992477417,0,3.8120744228363037,3.982586622238159,0,0,0,4.042881011962891
1726,0,3.9311201572418213,4.672938346862793,0,3.614732027053833,3.705587148666382,0,0,0,4.0567851066589355
1727,0,4.039714813232422,5.7027692794799805,0,3.3374369144439697,3.8878793716430664,0,0,0,4.171520233154297
1728,0,4.237400531768799,5.274911403656006,0,3.4778635501861572,4.867841720581055,0,0,0,4.0905537605285645
1729,0,3.4926154613494873,4.456540107727051,0,3.500248432159424,3.80086088180542,0,0,0,4.025465488433838
1730,0,3.7490296363830566,4.656905174255371,0,3.4491586685180664,4.4065775871276855,0,0,0,4.306204319000244
1731,0,2.487551212310791,3.0562636852264404,0,2.4978997707366943,2.429987907409668,0,0,0,3.306049346923828
1732,0,3.267770528793335,3.561162233352661,0,2.7959234714508057,3.0885226726531982,0,0,0,3.7446534633636475
1733,0,3.940070867538452,3.7230989933013916,0,2.9058735370635986,4.0043134689331055,0,0,0,3.9064903259277344
1734,0,4.480975151062012,4.544000625610352,0,3.5232479572296143,5.155646800994873,0,0,0,4.886966705322266
1735,0,4.521847724914551,4.886469841003418,0,3.405874729156494,3.865368366241455,0,0,0,4.408552169799805
1736,0,3.775193452835083,3.763425350189209,0,3.333911418914795,4.523636341094971,0,0,0,4.268423557281494
1737,0,3.866755962371826,4.083250045776367,0,3.1710946559906006,4.991560935974121,0,0,0,3.926847457885742
1738,0,3.2097604274749756,3.3844876289367676,0,2.997039794921875,2.634413480758667,0,0,0,3.5391809940338135
1739,0,3.689077138900757,3.8853697776794434,0,2.8122098445892334,4.260490894317627,0,0,0,4.267141342163086
1740,-999,4.680319309234619,4.299278259277344,0,3.258063554763794,4.398484230041504,0,0,0,4.487308025360107
1741,-999,3.215388774871826,3.7258427143096924,0,3.0851023197174072,2.763317108154297,0,0,0,4.554721355438232
1742,-999,3.5807721614837646,3.8900201320648193,0,4.1691389083862305,3.2065999507904053,0,0,0,3.2321672439575195
1743,-999,4.1492743492126465,4.421527862548828,0,3.0377888679504395,5.12882137298584,0,0,0,4.823266983032227
1744,-999,5.655048370361328,5.524408340454102,0,3.0773751735687256,5.108240604400635,-999,0,0,5.410096645355225
1745,-999,4.950033664703369,4.90968656539917,0,3.290414333343506,4.408513069152832,-999,0,0,4.050962924957275
1746,4.137660980224609,3.385510206222534,3.9626007080078125,0,3.164321184158325,3.6198172569274902,2.761500835418701,0,0,4.626585483551025
1747,3.1700799465179443,5.3599042892456055,4.64799165725708,0,2.8188605308532715,5.196423530578613,3.481279134750366,0,0,5.056466579437256
1748,3.6599791049957275,3.8965981006622314,4.963254928588867,0,3.222633123397827,3.7724504470825195,4.010113716125488,0,0,4.147282600402832
1749,4.0918989181518555,3.6536436080932617,5.009991645812988,0,3.4058048725128174,3.679563045501709,3.809591770172119,0,0,4.385317802429199
1750,3.8168177604675293,4.823198318481445,6.307312965393066,0,2.9235692024230957,4.313351631164551,4.480586528778076,0,0,4.925686359405518
1751,4.368166923522949,3.8314926624298096,4.511914253234863,0,3.52707576751709,3.6153435707092285,4.079104423522949,0,0,4.283607482910156
1752,5.047317981719971,4.607785701751709,5.030145645141602,0,3.3553764820098877,4.645623683929443,3.8460726737976074,0,0,5.357710838317871
1753,4.159548759460449,5.117018699645996,5.337324619293213,0,3.372898578643799,4.396509647369385,4.242862224578857,0,0,4.602470397949219
1754,3.55334734916687,3.614621877670288,3.642902135848999,0,3.105630874633789,3.8864386081695557,3.6326751708984375,0,0,3.668566942214966
1755,4.032904624938965,3.6360368728637695,3.977271795272827,0,3.5306785106658936,3.324993371963501,3.5639841556549072,0,0,3.962130308151245
1756,3.678966760635376,3.322321653366089,4.2227091789245605,0,3.2359583377838135,4.0721588134765625,3.9112370014190674,0,0,4.352290153503418
1757,4.881834983825684,4.459146022796631,5.381734371185303,0,3.588984966278076,5.140192985534668,5.431724548339844,0,0,5.403369426727295
1758,4.712283611297607,4.089463710784912,4.732785224914551,0,3.5461959838867188,4.144551753997803,4.03688383102417,0,0,5.044846057891846
1759,4.38431978225708,4.605108261108398,4.960467338562012,0,3.839872360229492,5.055947303771973,4.895920753479004,0,0,5.08432149887085
1760,3.4471435546875,4.354468822479248,3.9080121517181396,0,3.8621792793273926,2.9238486289978027,3.9689817428588867,0,0,3.313143014907837
1761,3.919398307800293,4.893702507019043,4.220585823059082,3.4896628856658936,2.983168601989746,4.758615016937256,4.042708396911621,0,0,4.60267448425293
1762,4.743824481964111,5.099573612213135,4.258957862854004,3.7101778984069824,3.8393232822418213,5.021538734436035,4.451111316680908,0,0,4.8720622062683105
1763,4.95241641998291,5.125710487365723,5.921623229980469,3.523286819458008,3.333112955093384,4.842082500457764,4.547031402587891,0,0,5.431576728820801
1764,4.145062446594238,3.4619510173797607,5.049664497375488,2.5226776599884033,3.2737033367156982,4.040075302124023,4.283833026885986,0,0,4.4480061531066895
1765,4.029251575469971,5.14200496673584,5.130978584289551,3.0976345539093018,3.248234987258911,5.648348331451416,5.894659996032715,0,0,4.89216423034668
1766,5.582431793212891,5.22313928604126,6.121298313140869,4.9764180183410645,3.8985061645507812,5.05737829208374,5.302633762359619,0,0,5.5087666511535645
1767,4.593900680541992,4.876004219055176,4.5033860206604,2.737128496170044,3.6779558658599854,4.836234092712402,4.31115198135376,0,0,5.6255059242248535
1768,4.7279582023620605,4.6844282150268555,5.025608062744141,3.144714117050171,3.796048164367676,5.042435646057129,4.306308746337891,0,0,4.969871997833252
1769,4.045557975769043,4.030874729156494,4.556491851806641,2.768498420715332,3.390174388885498,4.257879257202148,4.381986618041992,0,0,4.612820625305176
1770,4.495565891265869,4.930135250091553,4.7177252769470215,3.1919186115264893,3.7610270977020264,4.89914608001709,4.903808116912842,0,0,4.9762654304504395
1771,3.58241605758667,2.946756601333618,3.9190399646759033,2.4751620292663574,3.587533712387085,3.0940122604370117,3.2072010040283203,0,0,3.0496764183044434
1772,4.138418674468994,3.2639975547790527,4.51221227645874,2.8285598754882812,3.5704643726348877,3.4393465518951416,3.7290358543395996,0,0,4.2838945388793945
1773,3.3563644886016846,2.8483214378356934,3.7689473628997803,2.3051981925964355,2.976355791091919,3.138887882232666,3.167914628982544,0,0,3.081361770629883
1774,4.634832382202148,3.8144233226776123,4.225007057189941,2.7773752212524414,3.8670494556427,4.0109405517578125,4.1703925132751465,0,0,4.54442834854126
1775,5.047633647918701,4.236776351928711,4.931889533996582,3.2218449115753174,3.7829701900482178,4.8713250160217285,4.848045825958252,0,0,5.262396812438965
1776,3.8289265632629395,3.6528635025024414,4.751599311828613,3.112434148788452,3.6472549438476562,4.298262596130371,3.9723477363586426,0,0,4.943215847015381
1777,4.171656131744385,3.5148866176605225,4.178462982177734,3.2031853199005127,3.797786235809326,4.3870744705200195,4.439685821533203,0,0,4.959566593170166
1778,4.551723957061768,3.9641919136047363,4.582640171051025,3.3842310905456543,4.215595722198486,5.5224409103393555,4.969809055328369,0,0,5.435281753540039
1779,4.19891881942749,3.8505377769470215,4.074084281921387,3.123225688934326,3.4420206546783447,4.254016399383545,3.971667766571045,0,0,4.7442121505737305
1780,3.405357599258423,3.0158517360687256,3.59425950050354,2.7473769187927246,3.0856430530548096,3.592381238937378,3.655320644378662,0,0,4.156413555145264
1781,3.9133787155151367,3.904127359390259,4.07164192199707,3.027733325958252,3.4863409996032715,4.449533939361572,4.473531246185303,0,0,4.033110618591309
1782,4.589958667755127,4.263904571533203,4.5501179695129395,3.5073249340057373,4.138163089752197,4.341772556304932,4.167270183563232,0,0,4.411378860473633
1783,3.351538896560669,3.0614733695983887,3.547943353652954,2.497481346130371,3.316749334335327,3.1966874599456787,3.719297170639038,0,0,3.6781797409057617
1784,4.8340373039245605,4.231216907501221,4.609699249267578,3.544205904006958,3.6271731853485107,5.4599761962890625,5.370504379272461,0,0,4.975486755371094
1785,4.734321594238281,3.925691843032837,4.895445823669434,3.783501148223877,3.703676700592041,4.976790428161621,4.963631629943848,0,0,5.240216255187988
1786,3.2192728519439697,3.6788148880004883,3.7818217277526855,3.111172676086426,3.3789074420928955,4.012370586395264,4.1171112060546875,0,0,3.7980692386627197
1787,3.78261399269104,4.020102500915527,3.6311609745025635,2.9567325115203857,3.4122164249420166,4.424272537231445,4.337501049041748,0,0,4.4850592613220215
1788,3.9924681186676025,3.8472537994384766,3.618467330932617,2.9744820594787598,3.1354570388793945,4.360506534576416,4.1118011474609375,0,0,4.008998870849609
1789,4.299449920654297,4.4064483642578125,3.933756113052368,3.813647508621216,3.338792085647583,5.47775936126709,5.114598274230957,0,0,4.786523342132568
1790,3.798281192779541,3.7278618812561035,3.672806739807129,3.8802528381347656,0,4.7602691650390625,3.883962631225586,0,0,4.529146194458008
1791,3.9131197929382324,4.276296615600586,3.986778974533081,3.9443066120147705,0,5.544058799743652,4.162717342376709,0,0,4.852558612823486
1792,4.062649250030518,3.4452078342437744,4.1478681564331055,3.6296348571777344,0,5.263885974884033,4.077793121337891,0,2.937398672103882,5.149964809417725
1793,4.554670810699463,3.984487771987915,3.940631866455078,3.5686745643615723,0,6.1698431968688965,4.303618907928467,0,2.8187272548675537,5.239683151245117
1794,4.26451301574707,4.643529415130615,4.4698262214660645,3.6929922103881836,3.8345224857330322,6.500316143035889,4.150576114654541,0,2.8169894218444824,5.433300971984863
1795,3.767622470855713,4.06681489944458,4.299540996551514,3.4270548820495605,3.462320566177368,3.9977669715881348,3.7153067588806152,0,2.943448543548584,4.58760929107666
1796,3.816498279571533,3.75266170501709,4.458996772766113,3.301281690597534,4.250565528869629,4.759308338165283,3.8188400268554688,0,2.770029067993164,4.739771366119385
1797,3.642976760864258,3.6077005863189697,4.0321784019470215,2.7849183082580566,3.9014644622802734,5.058032989501953,3.740267276763916,0,2.864722728729248,4.2102532386779785
1798,3.325430154800415,2.8490076065063477,3.9561610221862793,2.737060785293579,3.3930206298828125,3.5933351516723633,4.358945846557617,0,2.9976227283477783,4.3877081871032715
1799,3.4376742839813232,3.163034200668335,3.777336597442627,2.7491137981414795,3.473010778427124,3.9735474586486816,3.3862144947052,0,2.7787394523620605,4.277451038360596
1800,3.4127752780914307,4.170884132385254,4.216460227966309,3.106247901916504,3.397150993347168,3.775057077407837,-999,0,3.4605376720428467,4.654567718505859
1801,3.731484889984131,3.201443672180176,4.0191473960876465,2.7524638175964355,3.4537322521209717,4.550854206085205,-999,0,3.1510543823242188,4.7103190422058105
1802,3.643733263015747,3.3494930267333984,4.0358805656433105,2.7092125415802,3.9565629959106445,4.468663215637207,-999,0,2.894584894180298,4.341930866241455
1803,3.866593599319458,4.120873928070068,3.508969783782959,3.423304796218872,3.5440821647644043,5.328339576721191,-999,0,2.967062473297119,4.711625576019287
1804,4.925832271575928,4.489583492279053,4.400902271270752,3.2196266651153564,3.8726859092712402,5.6772141456604,-999,0,3.2199459075927734,5.356569766998291
1805,4.558629035949707,4.402767181396484,4.383596420288086,3.413694381713867,3.858243942260742,3.1160879135131836,-999,0,3.2099437713623047,5.013298034667969
1806,4.675765514373779,4.748158931732178,4.040795803070068,3.6041252613067627,3.753117799758911,5.253774166107178,-999,0,3.579988479614258,5.351339817047119
1807,3.968488931655884,3.6337296962738037,4.684755802154541,2.9316232204437256,4.371809959411621,3.368873357772827,-999,0,2.8122899532318115,4.766711711883545
1808,4.655965328216553,4.075338363647461,4.323232650756836,3.665564775466919,3.919377326965332,5.04313850402832,-999,0,3.067493200302124,5.092003345489502
1809,3.7358431816101074,3.320211887359619,4.399552345275879,2.617223024368286,3.9102063179016113,4.52825927734375,-999,0,2.7834887504577637,3.8806400299072266
1810,3.719027042388916,3.723694324493408,3.834029197692871,3.497016429901123,3.809756278991699,4.376701354980469,-999,0,3.4148216247558594,4.559750556945801
1811,4.732819080352783,4.828083515167236,3.764143466949463,5.235742568969727,3.8636865615844727,4.634085178375244,-999,0,4.107845783233643,5.320448875427246
1812,2.8260655403137207,3.0779128074645996,4.012195110321045,5.234504222869873,4.34026575088501,6.694083213806152,3.9664785861968994,0,2.8534789085388184,4.0432257652282715
1813,3.566018581390381,3.388300895690918,3.8651039600372314,4.7158427238464355,4.051433086395264,4.043343544006348,4.563860893249512,0,2.973325490951538,4.098450183868408
1814,3.811372995376587,3.9737777709960938,3.8912770748138428,4.5821099281311035,4.134041786193848,4.204152584075928,4.544442176818848,0,3.5409536361694336,4.789413928985596
1815,4.056904315948486,3.636354446411133,4.202939510345459,4.517648220062256,4.0312581062316895,4.750995635986328,3.797513484954834,0,2.767791271209717,4.463047981262207
1816,4.1698689460754395,3.9063684940338135,4.2847418785095215,4.8248138427734375,4.087738037109375,3.729424238204956,4.537046432495117,0,3.792086601257324,4.786556243896484
1817,3.831535816192627,3.4848077297210693,4.313785552978516,4.740672588348389,4.0763020515441895,3.9541196823120117,4.3528289794921875,0,3.7935054302215576,4.302488327026367
1818,4.420605659484863,4.063092231750488,4.242981910705566,3.769171953201294,3.665559768676758,4.122269630432129,3.928375005722046,0,3.729804277420044,5.600293159484863
1819,4.005451202392578,3.6918060779571533,4.6123199462890625,3.8290512561798096,4.061408996582031,3.982278823852539,4.225535869598389,0,3.864532709121704,4.051001071929932
1820,3.7623744010925293,3.4320437908172607,4.228488445281982,4.569697856903076,3.883756399154663,4.181029796600342,3.629423141479492,0,3.8191826343536377,4.328494548797607
1821,4.0910515785217285,4.122509479522705,4.290878772735596,4.4556660652160645,3.962331533432007,3.6704609394073486,3.884887218475342,0,4.14185094833374,4.4777727127075195
1822,3.562655448913574,4.318211555480957,4.19229793548584,3.9572646617889404,3.852074146270752,3.673222780227661,3.89207124710083,0,3.9387614727020264,5.1544694900512695
1823,4.401518821716309,4.475257873535156,4.955037593841553,4.421870708465576,4.952919960021973,4.2459211349487305,4.19846248626709,0,4.224454402923584,5.079335689544678
1824,3.8957414627075195,3.6481330394744873,4.078926086425781,4.21328592300415,4.114110946655273,5.365530490875244,5.026481628417969,0,3.284701347351074,4.7378973960876465
1825,2.9794514179229736,2.5451552867889404,-999,5.246507167816162,5.53660249710083,6.052816390991211,3.114098072052002,0,3.070467948913574,3.381753921508789
1826,3.6411592960357666,3.266453504562378,3.817389726638794,3.2731003761291504,4.4382781982421875,4.090202331542969,3.2668707370758057,0,3.8130087852478027,4.485243797302246
1827,3.4880032539367676,3.489262342453003,3.8384108543395996,3.423152446746826,4.006270408630371,4.031193256378174,3.9637768268585205,0,2.989389419555664,4.475028038024902
1828,5.1810102462768555,4.475989818572998,4.648759365081787,3.944403886795044,4.41421365737915,3.9555790424346924,3.695204257965088,0,3.465073347091675,5.156983375549316
1829,4.17015266418457,3.91790509223938,4.042473316192627,2.9629197120666504,4.081739902496338,3.99039888381958,3.6364877223968506,0,3.4067392349243164,4.3877668380737305
1830,4.237140655517578,3.821950912475586,4.341784477233887,2.7447240352630615,4.575892925262451,-999,2.7201175689697266,0,3.7579708099365234,4.2096638679504395
1831,4.243472576141357,4.2999091148376465,4.188534259796143,3.7246453762054443,4.138195991516113,3.911832809448242,-999,0,3.5456416606903076,4.754741191864014
1832,4.093334197998047,3.5253279209136963,4.124602317810059,2.764995574951172,4.14683723449707,3.5012810230255127,-999,0,3.434302568435669,4.091771125793457
1833,2.943267583847046,3.3813118934631348,4.13670539855957,2.7120847702026367,3.9023070335388184,-999,-999,0,3.3440256118774414,3.7392845153808594
1834,4.198964595794678,3.9834232330322266,4.525588035583496,3.75559139251709,4.477513790130615,3.5839436054229736,-999,2.997258424758911,3.7831060886383057,4.770142555236816
1835,4.042287349700928,4.260756969451904,4.370694637298584,3.680452585220337,4.176101207733154,3.7261548042297363,-999,2.6213088035583496,3.473259687423706,4.864807605743408
1836,4.599298000335693,4.556746482849121,4.5625319480896,4.1764140129089355,4.493015766143799,4.073449611663818,-999,2.668912410736084,4.048797130584717,5.23529052734375
1837,2.7416088581085205,2.5872552394866943,3.312000036239624,2.2850801944732666,3.6436891555786133,4.177801609039307,-999,2.6121985912323,3.1784112453460693,3.3965156078338623
1838,3.1943907737731934,3.1534264087677,4.037895679473877,3.331508159637451,4.36323881149292,4.462982654571533,-999,2.78848934173584,4.017977237701416,4.500167369842529
1839,3.614466667175293,3.5704903602600098,4.019928932189941,3.022667169570923,4.048027992248535,4.0161004066467285,-999,3.0983502864837646,3.8828797340393066,4.115934371948242
1840,4.35540771484375,4.17575740814209,3.9242746829986572,3.687291383743286,4.433870315551758,4.576950550079346,-999,2.3768527507781982,4.033236026763916,4.680196285247803
1841,5.141754150390625,4.426372051239014,3.832416296005249,3.9954187870025635,3.886261224746704,3.730956554412842,-999,3.2750914096832275,-999,5.584990501403809
1842,4.4673566818237305,4.152590274810791,4.173924446105957,3.6603987216949463,4.325015544891357,4.049727916717529,-999,3.35512113571167,-999,4.583103179931641
1843,4.9697065353393555,3.5225906372070312,4.445588111877441,3.2562813758850098,4.81281852722168,-999,-999,3.3410065174102783,-999,5.098882675170898
1844,4.052428722381592,3.6722426414489746,4.327798843383789,3.135972023010254,4.265549659729004,-999,3.6590733528137207,4.013511657714844,-999,3.8949289321899414
1845,4.38123083114624,3.7989590167999268,4.652671813964844,3.1847031116485596,4.4170002937316895,-999,3.486999988555908,4.277338027954102,-999,4.446952819824219
1846,4.795292377471924,5.069674968719482,4.586694240570068,3.9244542121887207,4.272412300109863,-999,4.3174262046813965,4.553843975067139,-999,4.695775032043457
1847,3.2270772457122803,2.733670711517334,3.7656772136688232,2.3329007625579834,4.103375434875488,-999,3.648730516433716,3.37721848487854,-999,3.844949245452881
1848,4.358023166656494,3.7803146839141846,3.9113051891326904,3.2582035064697266,4.035116672515869,0,3.7201902866363525,3.2196123600006104,-999,4.782148838043213
1849,2.886904001235962,2.428283214569092,2.612732410430908,5.145201206207275,3.7892746925354004,3.2191381454467773,3.718595027923584,2.3287222385406494,-999,3.5676844120025635
1850,3.6291048526763916,3.1452527046203613,3.7134432792663574,4.196603298187256,4.212280750274658,3.36130690574646,3.7680253982543945,2.3628854751586914,-999,4.574861526489258
1851,3.741689443588257,3.696946382522583,4.311792373657227,3.781526565551758,4.183943748474121,3.041804790496826,3.7358176708221436,2.3345072269439697,-999,4.715336799621582
1852,4.257176399230957,4.457639694213867,4.092658042907715,4.507528781890869,4.2867913246154785,4.975312232971191,3.5701353549957275,3.2422170639038086,-999,5.3904500007629395
1853,4.680205821990967,5.678025722503662,4.041634559631348,3.2112603187561035,4.391067028045654,5.664771556854248,3.9218084812164307,3.0038223266601562,-999,5.136789321899414
1854,4.080522537231445,5.109584808349609,5.072232723236084,3.417562961578369,4.304924011230469,5.619915962219238,3.461185932159424,2.5355517864227295,6.038328647613525,5.092708110809326
1855,3.7761058807373047,5.429024696350098,4.758203029632568,3.955125570297241,4.711238384246826,5.7044358253479,3.5346171855926514,3.0658323764801025,5.253676414489746,5.026371002197266
1856,4.440684795379639,5.648129463195801,4.349071502685547,4.134451389312744,4.3887248039245605,6.452731609344482,3.0394163131713867,2.906362771987915,4.419097900390625,5.396119594573975
1857,3.8556137084960938,5.034639358520508,4.7730512619018555,3.1777024269104004,4.235442638397217,5.428877830505371,3.7997939586639404,2.6680362224578857,-999,5.062793731689453
1858,3.769375801086426,4.521241664886475,4.1697587966918945,3.60441517829895,3.977633476257324,4.7813639640808105,2.714780807495117,2.8484084606170654,4.28317403793335,4.071039199829102
1859,4.670266628265381,4.719089031219482,4.750711441040039,4.572260856628418,4.581821918487549,4.931380271911621,4.194206714630127,3.3594508171081543,5.215755939483643,4.3588151931762695
1860,5.13311243057251,5.365462779998779,4.322300910949707,4.580574989318848,4.590107440948486,6.239788055419922,4.05042839050293,3.4423649311065674,4.5395684242248535,5.280886173248291
1861,4.120384693145752,4.960009574890137,4.256505489349365,4.086493968963623,4.069197654724121,5.449526309967041,3.345555305480957,2.8112480640411377,4.2926201820373535,3.9503047466278076
1862,4.046008586883545,5.081704616546631,3.9542527198791504,3.9643096923828125,4.452263355255127,5.049106597900391,3.3496735095977783,3.1925387382507324,4.346944808959961,3.9258692264556885
1863,5.792494773864746,5.757399082183838,5.186163902282715,4.6049933433532715,4.6805853843688965,7.192987442016602,3.904940128326416,3.723615884780884,5.026041030883789,4.442009925842285
1864,4.317484378814697,5.195990562438965,4.569785118103027,4.2135910987854,4.350881576538086,5.904392242431641,0,3.2938992977142334,4.323042869567871,3.9875285625457764
1865,4.975238800048828,5.491113185882568,4.21478271484375,4.817188262939453,4.864748001098633,6.63381814956665,4.825677871704102,3.400810480117798,4.222840785980225,3.756321907043457
1866,3.3039968013763428,3.990288496017456,3.832012414932251,3.6212358474731445,4.057158946990967,4.095273971557617,4.356878280639648,2.8544461727142334,3.191917657852173,3.478039503097534
1867,3.531181573867798,3.0719611644744873,3.444782018661499,3.9024930000305176,3.9042184352874756,4.020169734954834,4.417425632476807,2.957469940185547,3.2113699913024902,4.067781448364258
1868,4.597367763519287,4.7827558517456055,3.995938777923584,4.214963436126709,4.046306133270264,5.005875587463379,4.4246134757995605,3.036686420440674,3.782075881958008,3.547650098800659
1869,2.8225278854370117,2.8652539253234863,3.1280601024627686,2.5605571269989014,3.6860504150390625,0,3.8811299800872803,2.1991262435913086,2.593353033065796,2.840627670288086
1870,4.545748233795166,4.1756978034973145,3.937359571456909,3.9303548336029053,4.182149887084961,3.968954563140869,4.721713066101074,3.2076942920684814,3.8548741340637207,3.730391263961792
1871,4.219023704528809,5.159531116485596,4.117089748382568,3.84908390045166,4.20352840423584,4.331296443939209,4.608029842376709,3.533862829208374,3.6376771926879883,3.510011911392212
1872,4.242067337036133,4.966691017150879,4.293078899383545,4.189036846160889,4.624978065490723,4.859745025634766,5.015282154083252,3.869117498397827,3.8828165531158447,3.681633234024048
1873,4.098827362060547,4.362011432647705,3.778196096420288,4.084750652313232,4.133464336395264,3.839216470718384,4.769649982452393,3.4735801219940186,3.7351462841033936,3.9461870193481445
1874,3.3452842235565186,4.243771076202393,4.168668746948242,4.633147239685059,4.0798234939575195,3.54292893409729,4.188773155212402,3.1952223777770996,3.0306551456451416,3.879033327102661
1875,3.917745590209961,4.937900543212891,4.001638412475586,5.165646553039551,4.094736099243164,5.08091402053833,4.465854644775391,3.652564525604248,3.350978374481201,4.414894104003906
1876,4.624544143676758,5.1969380378723145,3.8374032974243164,5.0732293128967285,4.62708854675293,4.927407264709473,4.704947471618652,3.8765971660614014,3.9350662231445312,4.445003986358643
1877,4.131847858428955,5.046367645263672,3.9558119773864746,5.616570949554443,4.277024269104004,5.481319904327393,4.918869495391846,3.7138760089874268,3.554074287414551,5.033061504364014
1878,7.594501495361328,6.3736772537231445,4.16775369644165,5.531352519989014,4.002874374389648,6.168069839477539,4.677118301391602,4.025983810424805,3.5696778297424316,5.487982749938965
1879,3.832310438156128,4.763266086578369,4.772614002227783,4.867686748504639,4.372255802154541,5.404414653778076,5.089656352996826,3.3764779567718506,3.4491536617279053,5.763141632080078
1880,5.88024377822876,5.083824634552002,4.106215476989746,4.18991231918335,4.185654163360596,5.596958160400391,5.031755447387695,3.906942367553711,3.3770761489868164,6.1007890701293945
1881,5.75093412399292,4.665860176086426,4.632948398590088,4.695889472961426,4.376558780670166,5.121505260467529,5.845024108886719,3.874232292175293,3.4655189514160156,5.605650424957275
1882,4.6806321144104,3.8430562019348145,4.054688453674316,4.6949567794799805,4.082100868225098,4.383033752441406,4.724250793457031,3.4210870265960693,3.9608449935913086,4.994722366333008
1883,5.193049907684326,4.9880523681640625,4.48691463470459,3.7208335399627686,4.331158638000488,4.776092052459717,4.672286510467529,3.7553982734680176,3.839703321456909,5.356527328491211
1884,3.7560532093048096,3.3960816860198975,3.6024885177612305,2.7966268062591553,3.615628480911255,2.933180093765259,3.9018592834472656,2.7181172370910645,3.658267021179199,3.3594486713409424
1885,3.5709052085876465,3.159055709838867,3.9239931106567383,0,4.473950386047363,2.946439266204834,3.8767452239990234,2.8074185848236084,3.952124834060669,3.079472064971924
1886,4.743472576141357,3.704759359359741,3.9431145191192627,0,4.003545761108398,3.6781866550445557,4.499124050140381,3.590162992477417,3.891775369644165,4.377133846282959
1887,4.549138069152832,4.356748104095459,3.7370073795318604,0,4.18646240234375,4.6950602531433105,4.2887959480285645,4.047117233276367,3.677792549133301,5.094225883483887
1888,4.794851303100586,4.576942443847656,3.83940052986145,0,3.8562536239624023,5.115972995758057,4.5979790687561035,4.287868976593018,3.902662515640259,5.6742658615112305
1889,4.9517340660095215,4.408698558807373,0,0,4.631364822387695,4.437096118927002,5.256976127624512,3.416834831237793,3.7917749881744385,5.469147682189941
1890,5.395871162414551,4.547044277191162,0,0,4.125061988830566,4.703798294067383,4.566404342651367,3.405810832977295,3.4209818840026855,5.233616352081299
1891,5.677307605743408,5.200289726257324,0,0,4.198195457458496,4.813500881195068,4.561108589172363,3.3239312171936035,3.9853532314300537,5.783679485321045
1892,6.272958755493164,5.380788326263428,0,0,4.908897876739502,5.788270950317383,5.3885817527771,3.960709810256958,-999,6.024576187133789
1893,5.418542861938477,5.203739643096924,0,0,3.776909351348877,5.006565093994141,5.036325931549072,3.987131118774414,-999,5.4067206382751465
1894,5.794414043426514,5.966371536254883,0,0,4.006170272827148,5.585554122924805,5.073116302490234,4.443308353424072,5.766201972961426,5.872381210327148
1895,4.870520114898682,5.578740119934082,0,0,3.9743478298187256,3.729154348373413,4.492152690887451,3.950307607650757,4.65523099899292,5.643641948699951
1896,5.886395454406738,5.897168159484863,0,0,4.170350074768066,5.167481899261475,4.626643657684326,4.331939220428467,4.291400909423828,5.660861968994141
1897,6.621695041656494,6.170379638671875,0,0,4.3195061683654785,5.699574947357178,3.959906816482544,4.5044989585876465,3.9769277572631836,6.045375347137451
1898,4.957714080810547,4.681888580322266,0,0,3.793048858642578,4.485930442810059,4.216195106506348,4.066044807434082,4.100578308105469,4.603612422943115
1899,4.82301664352417,5.094460487365723,0,0,3.997608184814453,3.6474318504333496,3.5148513317108154,3.496925115585327,3.6913015842437744,4.233458042144775
1900,5.597836971282959,4.199590682983398,0,0,4.431082248687744,3.9209060668945312,4.501132488250732,3.826019287109375,3.9635062217712402,5.15423583984375
1901,5.245785236358643,4.693453788757324,0,0,4.020936489105225,4.873998641967773,3.682859420776367,3.638411283493042,3.7438740730285645,5.1785078048706055
1902,4.49848747253418,4.044017791748047,0,0,3.905728578567505,4.706247329711914,3.4351134300231934,3.4952917098999023,3.4833009243011475,4.450963497161865
1903,4.692895889282227,4.753605842590332,0,0,4.327579975128174,5.129486560821533,4.120756149291992,4.062851428985596,3.892319679260254,4.5956878662109375
1904,5.450582504272461,5.431563854217529,0,0,4.039638042449951,5.868591785430908,3.531541585922241,4.297355651855469,3.978083372116089,4.615993022918701
1905,4.849361896514893,4.228606224060059,0,5.557788848876953,4.255369186401367,5.001134395599365,3.8600082397460938,3.711479425430298,4.121835231781006,4.1659932136535645
1906,4.641432285308838,4.294605255126953,0,4.054060935974121,4.13364839553833,4.416174411773682,3.3503074645996094,3.4805824756622314,3.647761344909668,4.317549228668213
1907,4.506336688995361,4.353126049041748,0,3.9586374759674072,3.9092020988464355,4.177216529846191,3.5805773735046387,3.6652233600616455,3.7916934490203857,4.6345343589782715
1908,5.142107963562012,5.236207485198975,0,4.824372291564941,3.862391948699951,5.47270393371582,3.35710072517395,4.129193305969238,3.857567548751831,5.328719139099121
1909,4.716288089752197,3.43050217628479,0,3.567958354949951,4.1389007568359375,3.810485363006592,3.2803823947906494,4.634345054626465,3.743950128555298,5.526641845703125
1910,5.130603790283203,6.119917392730713,0,4.009779930114746,4.2598795890808105,5.897695064544678,4.112086772918701,4.755935192108154,4.924375534057617,5.91840124130249
1911,4.965092182159424,5.1774210929870605,0,3.7993171215057373,3.803316831588745,6.050245761871338,3.491304636001587,4.797545909881592,3.7431206703186035,4.945681571960449
1912,3.720848560333252,3.1973307132720947,0,2.4493634700775146,3.6621322631835938,2.8668599128723145,2.9338743686676025,3.7504210472106934,3.4666383266448975,3.506178855895996
1913,4.273892879486084,4.09194803237915,0,2.8575124740600586,4.113757610321045,3.983051300048828,3.615307569503784,3.752984046936035,3.5224711894989014,6.093491077423096
1914,5.591054916381836,5.1723456382751465,0,3.7974069118499756,3.798121690750122,5.890211582183838,3.378324508666992,4.464662551879883,3.488372564315796,6.14734411239624
1915,4.946220397949219,4.694030284881592,0,3.057274341583252,4.24904203414917,4.526823997497559,2.8178658485412598,4.936959266662598,3.825244903564453,5.630466938018799
1916,4.9265851974487305,4.6965203285217285,0,4.375770568847656,3.854612350463867,5.499551296234131,3.1826694011688232,5.151814937591553,3.474915027618408,5.988527297973633
1917,5.7237114906311035,4.701315402984619,0,4.218784809112549,4.236014366149902,6.294493675231934,2.7940351963043213,5.524384498596191,4.083500862121582,5.801939487457275
1918,5.4754486083984375,4.444839000701904,0,4.649641990661621,3.778980016708374,5.115799427032471,3.7669789791107178,5.134560585021973,4.189475059509277,5.462411403656006
1919,5.477771282196045,4.282554626464844,0,4.17486572265625,4.067680358886719,5.554240703582764,3.2410709857940674,5.04911470413208,3.2551188468933105,6.322701454162598
1920,5.397034645080566,4.425246715545654,0,5.4453911781311035,4.0234456062316895,4.879788398742676,3.264129877090454,5.196720600128174,3.78037691116333,5.6710124015808105
1921,4.735891819000244,4.546653747558594,0,4.602499485015869,4.535466194152832,5.95388126373291,3.5517499446868896,5.502678394317627,3.5563805103302,5.560359001159668
1922,5.985357761383057,4.601729393005371,0,5.440812587738037,4.60990571975708,5.936981201171875,3.3324358463287354,5.984528541564941,3.7772228717803955,6.2512288093566895
1923,5.030667781829834,4.77216911315918,0,4.682736873626709,3.9240071773529053,4.944543838500977,3.016108751296997,5.394035816192627,3.8358383178710938,5.444900989532471
1924,5.400801658630371,5.007251262664795,0,4.979106426239014,4.4243316650390625,5.1209259033203125,3.926731824874878,5.821499347686768,3.798710823059082,6.205104827880859
1925,4.808243274688721,5.073522567749023,0,4.5179643630981445,4.054671287536621,4.811241626739502,4.2456135749816895,4.789455413818359,3.440086841583252,4.876681327819824
1926,4.836998462677002,5.03877592086792,0,4.820591449737549,4.057084560394287,4.859078884124756,3.8189759254455566,5.146033763885498,3.6688637733459473,5.616173267364502
1927,4.634250164031982,4.553394794464111,0,4.397038459777832,3.701706647872925,4.20786714553833,4.155075550079346,4.854695796966553,3.9077489376068115,4.381223201751709
1928,5.648928642272949,5.418965816497803,0,4.733456134796143,4.506018161773682,4.874576091766357,3.6917760372161865,5.2121734619140625,4.178238868713379,5.57731819152832
1929,5.0111541748046875,5.3802876472473145,0,3.8926429748535156,4.131937503814697,4.986311912536621,3.8641366958618164,5.329849720001221,4.112819671630859,5.988432884216309
1930,4.812248229980469,5.4385576248168945,0,5.304243087768555,4.144047260284424,4.498054027557373,4.40847110748291,5.345505714416504,4.608394145965576,5.375350475311279
1931,4.03550386428833,4.332157135009766,0,2.988546371459961,3.514049768447876,2.9571964740753174,3.704336166381836,4.750141620635986,3.1582400798797607,4.300155162811279
1932,-999,5.635585784912109,0,5.447102069854736,5.046249866485596,2.4927978515625,4.730985164642334,5.919484615325928,3.744828701019287,4.9408345222473145
1933,-999,5.600575923919678,0,5.3255462646484375,4.241767883300781,-999,4.708507537841797,5.508783340454102,3.836956739425659,5.732503414154053
1934,-999,5.477252006530762,0,4.782670021057129,4.496752738952637,-999,4.943236827850342,6.009557247161865,4.387714385986328,5.4366044998168945
1935,-999,5.717600345611572,0,4.318838596343994,4.501476764678955,-999,5.19017219543457,5.949650287628174,4.513969421386719,6.5004987716674805
1936,-999,5.6167521476745605,0,3.875822067260742,4.464893341064453,5.0249128341674805,5.18986701965332,5.7447710037231445,4.892035961151123,5.879997253417969
1937,2.128619909286499,4.775860786437988,0,3.748657464981079,4.573522567749023,4.485198020935059,4.959529876708984,5.194982528686523,3.908043146133423,5.70626974105835
1938,4.464043617248535,5.824606418609619,0,5.159508228302002,5.224603652954102,5.489281177520752,4.973090171813965,5.749436378479004,5.534957408905029,5.168796062469482
1939,5.574944972991943,5.956430435180664,0,5.253324508666992,5.177486896514893,5.754088878631592,5.1260504722595215,5.642609596252441,5.821050643920898,6.079204559326172
1940,4.8074469566345215,5.9863786697387695,0,5.7358856201171875,4.284241199493408,4.405370712280273,4.842296123504639,5.393912315368652,5.95664119720459,6.052590370178223
1941,5.98152494430542,5.177318572998047,5.82504415512085,4.839041233062744,4.08415412902832,5.30587911605835,5.185681343078613,6.511419773101807,4.866034984588623,5.890228271484375
1942,4.806793689727783,5.945974826812744,5.977546691894531,5.412998199462891,5.002373218536377,5.385660648345947,5.393389701843262,4.042635440826416,5.677547454833984,6.204215049743652
1943,5.251072406768799,5.476144790649414,5.361937999725342,5.599168300628662,4.451074600219727,5.199156761169434,5.258630275726318,4.46674108505249,4.861527919769287,5.135673522949219
1944,4.355358600616455,5.195201396942139,4.569553852081299,4.77589225769043,4.05946683883667,4.471708297729492,4.7943925857543945,4.323243618011475,4.309081077575684,4.5554304122924805
1945,4.486081123352051,5.443760871887207,4.298767566680908,5.708253860473633,3.935678243637085,4.403264045715332,4.704375267028809,4.588390827178955,4.836360454559326,4.233042240142822
1946,5.410858154296875,5.548758029937744,4.65838098526001,5.822758674621582,4.483041286468506,5.315466403961182,5.41555118560791,4.598647117614746,5.543558120727539,6.076394081115723
1947,4.286952972412109,4.157845973968506,4.540946006774902,5.567002296447754,4.808351039886475,5.54695463180542,6.367006778717041,3.8620145320892334,4.528850555419922,3.594287872314453
1948,5.39590311050415,5.1748857498168945,4.334990501403809,5.98253059387207,5.173906326293945,5.722807884216309,5.417149066925049,4.764660835266113,6.108140468597412,4.430360794067383
1949,4.345383644104004,4.569852828979492,4.710268497467041,5.8642191886901855,4.977054595947266,4.785281658172607,4.982938289642334,4.327157020568848,5.190025329589844,3.6414432525634766
1950,5.35153341293335,4.572994709014893,4.784603118896484,5.697175979614258,4.3858232498168945,5.206424713134766,4.553705215454102,4.252098083496094,4.489102840423584,3.6867997646331787
1951,5.628957748413086,5.241368770599365,4.140294075012207,5.889374256134033,4.577023506164551,4.763088226318359,4.222150802612305,4.118338584899902,4.815876483917236,4.395990371704102
1952,5.192268371582031,5.176258563995361,4.156863212585449,5.218766212463379,4.2373576164245605,4.393688678741455,4.176308631896973,4.138216972351074,4.483139991760254,4.1577959060668945
1953,6.124234676361084,5.443561553955078,4.232639789581299,6.181675910949707,5.6686577796936035,5.437698841094971,4.8090949058532715,5.312346458435059,6.211358070373535,4.3718671798706055
1954,5.0733842849731445,4.806190013885498,4.591836452484131,4.894051551818848,3.7068018913269043,4.4724602699279785,4.114952564239502,4.009335517883301,5.227149486541748,3.5374367237091064
1955,4.6010026931762695,3.9204070568084717,4.078762054443359,3.6298067569732666,3.6965181827545166,0,3.80389404296875,3.2280969619750977,5.141238212585449,3.0805697441101074
1956,5.274806499481201,4.4253315925598145,4.432416915893555,6.119478702545166,4.288319110870361,0,4.74240255355835,4.199038028717041,6.002702236175537,3.665788173675537
1957,5.428835868835449,5.061993598937988,4.289841651916504,6.318556308746338,4.439207077026367,0,4.451486110687256,4.520416259765625,6.304924011230469,4.5851287841796875
1958,5.496215343475342,4.6541266441345215,5.5075883865356445,5.494016170501709,3.759091377258301,0,3.5460033416748047,4.180968284606934,4.64838171005249,3.402958631515503
1959,5.8932719230651855,4.4684624671936035,4.224225997924805,5.748940944671631,3.7966527938842773,0,4.068030834197998,4.854356288909912,4.137333869934082,4.798524856567383
1960,5.161332130432129,4.6210808753967285,5.200306415557861,4.82955265045166,4.39028263092041,0,4.185244083404541,4.141818046569824,3.952773332595825,4.362961769104004
1961,5.095839023590088,4.356616020202637,3.955841302871704,4.648090362548828,4.468343734741211,0,4.105062961578369,4.012119293212891,3.989222288131714,4.020801544189453
1962,5.43547248840332,4.4288716316223145,4.189428329467773,4.906879901885986,3.9963600635528564,0,4.142487049102783,3.9320452213287354,3.842754364013672,4.269841194152832
1963,4.220562934875488,4.322791576385498,4.183780670166016,4.171724319458008,4.354142189025879,0,4.643672943115234,3.9991512298583984,4.154641151428223,4.047654151916504
1964,5.405539035797119,4.128414630889893,4.7630228996276855,4.068744659423828,4.680139541625977,0,4.191765785217285,4.387910842895508,3.7653982639312744,4.459167957305908
1965,4.321366786956787,4.06015682220459,4.684627532958984,3.3005881309509277,4.679625511169434,0,4.020246982574463,4.931927680969238,4.771693706512451,4.7278547286987305
1966,5.182424068450928,4.754704475402832,5.595666408538818,4.042769432067871,5.256040573120117,0,4.769495964050293,4.294989585876465,4.592101573944092,4.992067813873291
1967,5.339235782623291,4.132784843444824,4.245093822479248,3.6621224880218506,3.9615092277526855,0,4.122722625732422,4.690693378448486,4.6600117683410645,4.524936676025391
1968,4.9406609535217285,3.866163730621338,4.737353324890137,3.502570629119873,3.8863792419433594,0,3.766498327255249,3.985255002975464,4.011646747589111,3.9276604652404785
1969,4.7707839012146,4.211521625518799,4.424172401428223,3.505972146987915,4.04531192779541,0,4.1377363204956055,4.252567768096924,4.832945346832275,4.728206157684326
1970,5.220935821533203,3.9464964866638184,4.975552558898926,3.7741305828094482,4.610593795776367,0,4.279536247253418,4.889809608459473,4.657466888427734,4.9185872077941895
1971,3.5762500762939453,3.941685438156128,4.223316669464111,3.399522542953491,4.722662925720215,0,3.967283010482788,4.691162586212158,4.0611653327941895,3.959930419921875
1972,4.504589080810547,4.478666305541992,4.908793926239014,3.6336159706115723,3.887911081314087,0,3.693270444869995,3.9153215885162354,3.8136048316955566,3.9773154258728027
1973,4.300504207611084,4.046407699584961,4.381639003753662,3.15773606300354,4.330142498016357,0,3.718207597732544,3.6449666023254395,3.9613287448883057,3.904179573059082
1974,4.1152729988098145,3.8157105445861816,4.713294506072998,2.8734824657440186,4.6612443923950195,0,3.1020240783691406,3.924755811691284,3.67301869392395,3.821312665939331
1975,3.907754898071289,3.744854688644409,4.4889678955078125,3.5453312397003174,3.995290517807007,0,3.5486133098602295,3.925666570663452,4.114211082458496,4.283334255218506
1976,4.838252544403076,4.078733444213867,4.701061248779297,3.598778247833252,4.192261219024658,0,3.3613767623901367,4.078895568847656,4.261331558227539,4.564597129821777
1977,3.618654489517212,3.659458637237549,3.6792595386505127,2.794264554977417,3.755643129348755,0,3.263204574584961,4.062171459197998,3.7359955310821533,3.5593039989471436
1978,4.209362983703613,4.23328161239624,4.495838165283203,3.139641523361206,3.5901987552642822,0,3.3177621364593506,4.4245195388793945,4.451104164123535,4.109975337982178
1979,5.077363967895508,3.898998975753784,4.129444122314453,3.141092300415039,3.7806942462921143,0,3.5337207317352295,4.25097131729126,4.047538757324219,4.3407182693481445
1980,4.309699535369873,5.199803829193115,4.272091865539551,3.838433027267456,3.975619316101074,0,3.2324159145355225,3.2648468017578125,4.758904933929443,3.8920562267303467
1981,4.706936836242676,3.9104697704315186,4.115976810455322,3.568747043609619,3.8848650455474854,0,3.596342086791992,4.1762800216674805,4.451714992523193,4.775439739227295
1982,5.12723970413208,3.8904738426208496,4.277015686035156,3.2677559852600098,3.929652452468872,0,3.6529953479766846,4.395816802978516,4.307265281677246,5.001734733581543
1983,5.167929649353027,4.139397621154785,4.037003517150879,3.3811638355255127,4.027730464935303,0,3.351884126663208,4.2746124267578125,4.563112258911133,5.135817050933838
1984,6.229198932647705,4.115890979766846,4.926564693450928,3.866976022720337,4.083219528198242,0,3.5046167373657227,4.729005813598633,5.79109001159668,5.045969486236572
1985,3.7578024864196777,3.973869562149048,2.9418365955352783,2.7581002712249756,3.7355806827545166,0,2.6816298961639404,3.574831962585449,3.2495949268341064,3.648975372314453
1986,5.605062961578369,4.499828338623047,4.673829078674316,4.114471912384033,4.2570977210998535,0,3.980208158493042,4.509960174560547,4.624787330627441,4.770768165588379
1987,5.198142051696777,4.498891830444336,4.679699897766113,3.1476383209228516,4.895214080810547,0,4.059613227844238,4.488560199737549,4.546464443206787,4.773248195648193
1988,4.960485458374023,4.118508338928223,3.659747362136841,3.355483293533325,4.245599269866943,0,3.7704756259918213,4.178081512451172,4.201296329498291,4.715822696685791
1989,3.1211392879486084,4.185766696929932,2.594417095184326,2.388850212097168,4.41037130355835,0,5.802073955535889,2.582122564315796,2.5639798641204834,2.4242584705352783
1990,5.926180362701416,4.216395854949951,3.7115137577056885,3.4738898277282715,3.9148597717285156,0,3.4846036434173584,4.078281879425049,4.103627681732178,5.1952738761901855
1991,5.236373424530029,4.12092399597168,4.208225250244141,3.66961669921875,3.899686336517334,0,4.089558124542236,4.479733467102051,5.154281139373779,4.561033725738525
1992,4.582821369171143,4.178279399871826,4.0446696281433105,3.3784372806549072,3.905184745788574,0,4.076094627380371,4.436398506164551,5.437860012054443,4.317994117736816
1993,3.7460005283355713,3.2813830375671387,2.7426207065582275,2.7610585689544678,3.6612348556518555,0,3.365846633911133,3.546447992324829,3.777163028717041,3.1863818168640137
1994,4.845571041107178,3.785173177719116,4.084017276763916,3.4085073471069336,4.047621726989746,0,3.7784721851348877,3.7991127967834473,4.443145275115967,3.9361443519592285
1995,4.218576431274414,4.24874210357666,3.884040355682373,3.331247091293335,4.141098976135254,0,4.158791542053223,4.652288436889648,4.322914123535156,4.202402591705322
1996,4.8743486404418945,4.313488960266113,3.6397910118103027,3.369877338409424,3.892810821533203,0,3.8132128715515137,4.509600639343262,4.819251537322998,4.424108982086182
1997,4.490964412689209,4.723412036895752,4.344695091247559,3.6681454181671143,4.441620349884033,0,4.466883659362793,5.149693012237549,5.202815532684326,4.787332057952881
1998,4.020493984222412,4.232707500457764,3.7643892765045166,3.760322332382202,3.9325692653656006,0,3.6044528484344482,3.8081209659576416,4.3483428955078125,3.8121490478515625
1999,3.5146188735961914,4.533756732940674,3.6741409301757812,3.688157558441162,4.112649917602539,0,2.7075023651123047,3.42484712600708,4.1001482009887695,4.184542655944824
2000,3.1230039596557617,3.9999184608459473,3.4655585289001465,3.2699289321899414,4.082727432250977,0,3.247483015060425,3.477038860321045,3.285606622695923,3.097169876098633
2001,3.7284045219421387,3.9388515949249268,3.5631837844848633,3.626798391342163,3.571577787399292,0,3.5061960220336914,3.956756353378296,4.251658916473389,3.944673776626587
2002,4.087344646453857,4.0744709968566895,3.723414182662964,3.633545398712158,3.970393180847168,0,3.3178672790527344,4.495595455169678,3.8174641132354736,4.470362186431885
2003,3.897242784500122,4.169280529022217,3.857658863067627,3.939627170562744,4.2432379722595215,0,3.803687334060669,4.397894382476807,4.316094875335693,4.864630699157715
2004,5.381711959838867,4.687087535858154,4.553992748260498,3.8353569507598877,4.58561372756958,0,4.262395858764648,4.752524375915527,4.0347442626953125,4.517672538757324
2005,3.3698883056640625,4.572385787963867,4.434084415435791,4.011379241943359,3.9144515991210938,0,3.7685723304748535,4.59263801574707,4.3987812995910645,4.638898849487305
2006,4.344379901885986,4.755801677703857,4.109176158905029,3.785355567932129,3.5684964656829834,0,3.795206069946289,4.2435197830200195,4.3645920753479,4.6449198722839355
2007,3.883681535720825,4.589564323425293,4.2383222579956055,3.517991304397583,5.048755645751953,0,3.955005407333374,4.56027889251709,4.052306652069092,4.532619953155518
2008,4.155581951141357,4.312124252319336,3.611746311187744,3.71553111076355,3.4918487071990967,0,3.7113044261932373,4.269135475158691,3.9982001781463623,4.0937395095825195
2009,3.820695161819458,4.2552313804626465,4.051550388336182,3.5957558155059814,3.834366798400879,0,3.5771067142486572,4.485477924346924,4.965575695037842,4.647184371948242
2010,4.391426086425781,4.072515964508057,3.8004722595214844,3.0573997497558594,3.595306158065796,0,3.5238654613494873,4.080644130706787,4.061363697052002,3.9416017532348633
2011,3.968869686126709,3.622330665588379,3.3644638061523438,3.1244301795959473,3.9023265838623047,0,3.5697271823883057,4.062620162963867,3.5035455226898193,3.4776923656463623
2012,4.889870643615723,4.232672214508057,3.8489601612091064,3.7080676555633545,3.6141927242279053,0,3.322686195373535,4.695639610290527,4.655920028686523,4.775006294250488
2013,4.601992607116699,4.690460205078125,4.279755115509033,3.7022056579589844,3.5349040031433105,0,3.935350179672241,4.474719524383545,4.604323863983154,4.585059642791748
2014,4.325994491577148,4.237301349639893,4.248386383056641,3.4988837242126465,3.788140058517456,0,3.966144561767578,4.364670753479004,4.455599784851074,4.9104204177856445
2015,3.5944790840148926,4.239634990692139,4.7349724769592285,3.3681952953338623,4.064943790435791,-9999,3.5596227645874023,4.714082717895508,3.6529834270477295,4.084184169769287
2016,4.227352142333984,4.774296760559082,4.191629409790039,3.523221015930176,4.147693634033203,0,3.8511757850646973,4.585250377655029,4.632674694061279,5.210000038146973
2017,3.63326096534729,3.796383857727051,3.9503490924835205,3.4241483211517334,3.961030960083008,0,3.162823438644409,4.632998943328857,4.4065022468566895,4.806781768798828
2018,4.425436496734619,4.294761657714844,4.272326469421387,3.338406801223755,3.853856325149536,0,3.8755130767822266,4.9947829246521,4.389679908752441,5.149412631988525
2019,4.114699363708496,4.543797016143799,4.132120609283447,3.795644521713257,3.7952961921691895,0,4.105799198150635,5.282655715942383,4.377069473266602,5.001255512237549
2020,3.3984031677246094,4.611328125,4.029444217681885,3.189943313598633,3.6746878623962402,0,3.8131213188171387,3.9171535968780518,5.125601291656494,4.210700988769531
2021,4.082516193389893,4.111854076385498,4.458946704864502,3.5163471698760986,4.26259183883667,0,3.483243465423584,4.785290718078613,4.033086776733398,4.336574554443359
2022,4.024849891662598,4.437406539916992,4.0979437828063965,3.4394752979278564,4.110109806060791,0,3.300043821334839,4.5116353034973145,4.520127773284912,4.47675895690918
2023,0,3.13132905960083,0,0,0,0,0,2.708042860031128