year,CWTradKHA_03_,CWTradKHA_06_,CWTradKHA_09_,CWTradKHA_12_,CWTradKHA_14_,CWTradKHA_15_,CWTradKHA_16_,CWTradKHA_17_,CWTradKHA_19_,CWTradKHA_20_
1680,0,3.288771152496338
1681,0,2.9151649475097656
1682,0,2.7017788887023926
1683,0,2.5577433109283447
1684,0,2.2589004039764404
1685,0,2.249000310897827
1686,0,2.249868631362915
1687,0,2.3843369483947754,3.460789680480957
1688,0,2.5129287242889404,3.3803870677948
1689,0,2.6045327186584473,3.796403169631958
1690,0,2.7015280723571777,3.5835764408111572
1691,0,2.4889025688171387,4.332889556884766
1692,0,2.3799493312835693,3.867622137069702
1693,0,2.977368116378784,3.6777420043945312
1694,0,2.930565595626831,4.455321311950684
1695,0,2.494136333465576,3.938887596130371
1696,0,2.361697196960449,3.6114118099212646
1697,0,2.320291519165039,3.558454751968384
1698,0,2.283851146697998,3.0983221530914307
1699,0,2.364912509918213,3.3224844932556152
1700,0,2.4783318042755127,4.081045627593994
1701,0,2.8550503253936768,3.889639377593994
1702,0,2.2240190505981445,3.5135395526885986
1703,0,2.942599296569824,3.739884376525879
1704,0,2.9665205478668213,3.7779204845428467
1705,0,2.677183151245117,4.339353084564209
1706,0,2.7178046703338623,4.088222026824951
1707,0,3.3473687171936035,4.684994697570801
1708,0,3.566819906234741,5.116147994995117
1709,0,3.012892723083496,4.236146450042725,0,3.4728434085845947
1710,0,3.461379289627075,4.162252902984619,0,2.756103754043579
1711,0,3.6539089679718018,4.836021900177002,0,3.076533079147339
1712,0,2.6217663288116455,3.8090665340423584,0,2.932340383529663
1713,0,3.1736252307891846,4.611499786376953,0,3.257347345352173,4.0805792808532715
1714,0,3.385788679122925,4.477350234985352,0,2.703071117401123,3.2877044677734375
1715,0,3.3387632369995117,4.8632588386535645,0,2.9980409145355225,3.9333837032318115
1716,0,3.5028650760650635,5.931412220001221,0,2.7429399490356445,3.9104645252227783
1717,0,3.204493999481201,6.687234401702881,0,3.0673141479492188,3.3997366428375244
1718,0,2.7433407306671143,5.837880611419678,0,3.1187236309051514,2.7218315601348877
1719,0,3.600865125656128,5.54308557510376,0,3.2107040882110596,3.8951807022094727,0,0,0,3.418031692504883
1720,0,4.107030868530273,6.5114593505859375,0,3.3686835765838623,3.876957416534424,0,0,0,3.8348021507263184
1721,0,3.1946170330047607,4.655369758605957,0,3.717355251312256,3.322045087814331,0,0,0,3.8192062377929688
1722,0,3.2430033683776855,4.510765552520752,0,3.0996007919311523,3.692845344543457,0,0,0,3.8864221572875977
1723,0,3.3338253498077393,3.8664724826812744,0,3.078476905822754,3.5222580432891846,0,0,0,4.183874607086182
1724,0,4.184454441070557,4.111502170562744,0,3.0570695400238037,3.6690163612365723,0,0,0,4.2501983642578125
1725,0,3.6531143188476562,4.612331390380859,0,3.7482779026031494,3.874499559402466,0,0,0,4.0135297775268555
1726,0,3.866386651992798,4.722796440124512,0,3.6431894302368164,3.6619725227355957,0,0,0,3.9926681518554688
1727,0,3.949298620223999,5.672003746032715,0,3.3531606197357178,3.790956735610962,0,0,0,4.081270694732666
1728,0,4.149639129638672,5.310198783874512,0,3.4201924800872803,4.783607482910156,0,0,0,4.092928409576416
1729,0,3.4243783950805664,4.468955993652344,0,3.4626753330230713,3.7128968238830566,0,0,0,3.964658737182617
1730,0,3.680558681488037,4.629408836364746,0,3.411498785018921,4.316227912902832,0,0,0,4.25331974029541
1731,0,2.493847608566284,3.0537736415863037,0,2.500532627105713,2.5016896724700928,0,0,0,3.3288092613220215
1732,0,3.2393393516540527,3.574441909790039,0,2.765286445617676,3.072908401489258,0,0,0,3.6997106075286865
1733,0,3.908085823059082,3.7017130851745605,0,2.878586530685425,3.9046332836151123,0,0,0,3.898768424987793
1734,0,4.408468723297119,4.5580735206604,0,3.505713939666748,4.990374565124512,0,0,0,4.826409339904785
1735,0,4.368663787841797,4.943837642669678,0,3.423759698867798,3.826262950897217,0,0,0,4.330756187438965
1736,0,3.6979644298553467,3.79394268989563,0,3.3097119331359863,4.3210248947143555,0,0,0,4.270063400268555
1737,0,3.795419931411743,4.083974361419678,0,3.146254062652588,4.8469085693359375,0,0,0,3.881716251373291
1738,0,3.1922731399536133,3.3974273204803467,0,2.970028877258301,2.6221961975097656,0,0,0,3.4804277420043945
1739,0,3.6432294845581055,3.8941667079925537,0,2.80505108833313,4.192033767700195,0,0,0,4.2030792236328125
1740,-999,4.552118301391602,4.346991062164307,0,3.2858567237854004,4.26782751083374,0,0,0,4.434917449951172
1741,-999,3.209798574447632,3.7143256664276123,0,3.045952558517456,2.742011070251465,0,0,0,4.460575103759766
1742,-999,3.5697648525238037,3.9007961750030518,0,4.001894474029541,3.199570417404175,0,0,0,3.184113025665283
1743,-999,4.051909446716309,4.601873874664307,0,3.0689990520477295,5.0244951248168945,0,0,0,4.723688125610352
1744,-999,5.585268974304199,5.505992412567139,0,3.0762438774108887,4.965766906738281,-999,0,0,5.300375461578369
1745,-999,4.914515018463135,4.964148044586182,0,3.237823486328125,4.334158420562744,-999,0,0,4.033318996429443
1746,4.268304824829102,3.32669734954834,4.070584297180176,0,3.1147284507751465,3.5807044506073,2.945126533508301,0,0,4.547019958496094
1747,3.137942314147949,5.3062424659729,4.630864143371582,0,2.8039331436157227,5.123203277587891,3.45011305809021,0,0,5.004188060760498
1748,3.6878929138183594,3.8873074054718018,4.963769435882568,0,3.164403200149536,3.752936840057373,4.022485256195068,0,0,4.046158790588379
1749,4.057861328125,3.6192901134490967,4.979482173919678,0,3.331367254257202,3.637645721435547,3.8141162395477295,0,0,4.302858352661133
1750,3.8037056922912598,4.743686199188232,6.273544788360596,0,2.9125168323516846,4.34031343460083,4.442767143249512,0,0,4.835251808166504
1751,4.393939018249512,3.7869420051574707,4.5630364418029785,0,3.4518795013427734,3.5959181785583496,4.061332702636719,0,0,4.2396626472473145
1752,5.019718170166016,4.501778602600098,5.03702974319458,0,3.37823748588562,4.5954766273498535,3.877145767211914,0,0,5.26517391204834
1753,4.1473069190979,5.10261344909668,5.34826135635376,0,3.410794973373413,4.454407215118408,4.266992568969727,0,0,4.559531211853027
1754,3.625765085220337,3.6219887733459473,3.7355892658233643,0,3.0443665981292725,3.9101827144622803,3.588434934616089,0,0,3.6170177459716797
1755,3.981966495513916,3.670012950897217,3.944526195526123,0,3.480419397354126,3.4290900230407715,3.5034351348876953,0,0,3.8958587646484375
1756,3.6794233322143555,3.3456249237060547,4.239871978759766,0,3.220336675643921,4.059577465057373,3.8680872917175293,0,0,4.309544086456299
1757,4.8990159034729,4.399961471557617,5.391454219818115,0,3.5856773853302,5.206201076507568,5.464141368865967,0,0,5.340390205383301
1758,4.657146453857422,4.1082282066345215,4.7060089111328125,0,3.493556261062622,4.060770034790039,4.032420635223389,0,0,4.975314140319824
1759,4.367172718048096,4.553871154785156,4.9561333656311035,0,3.8637843132019043,4.992774963378906,4.863831520080566,0,0,4.971549034118652
1760,3.494050979614258,4.2995076179504395,3.8529775142669678,0,3.9370176792144775,2.9083375930786133,4.010995388031006,0,0,3.2973899841308594
1761,3.871095657348633,4.808193683624268,4.374146938323975,3.501903533935547,3.047175645828247,4.769973278045654,4.068514347076416,0,0,4.536909103393555
1762,4.7452826499938965,5.019079208374023,4.323599815368652,3.682736396789551,3.808002233505249,4.9243597984313965,4.454658508300781,0,0,4.803421497344971
1763,4.983029365539551,5.027003765106201,5.909805774688721,3.505314826965332,3.2349464893341064,4.8034491539001465,4.59597110748291,0,0,5.347097396850586
1764,4.117717742919922,3.4416277408599854,5.082215309143066,2.5007429122924805,3.2415804862976074,3.9540140628814697,4.20088005065918,0,0,4.354467391967773
1765,4.036867618560791,5.044454097747803,5.145670413970947,3.139834403991699,3.178283214569092,5.548172950744629,5.859074592590332,0,0,4.8237762451171875
1766,5.60804557800293,5.137640953063965,6.129945755004883,4.9722161293029785,3.870647430419922,4.915432453155518,5.301021099090576,0,0,5.404361248016357
1767,4.563575744628906,4.810617446899414,4.620721340179443,2.752089262008667,3.6564486026763916,4.749997138977051,4.289010524749756,0,0,5.534573554992676
1768,4.682269096374512,4.544483661651611,5.036048889160156,3.1508853435516357,3.8313865661621094,4.963482856750488,4.2883148193359375,0,0,4.855880260467529
1769,3.991948127746582,3.9462802410125732,4.607618808746338,2.74965238571167,3.363248586654663,4.189826011657715,4.390566349029541,0,0,4.545897006988525
1770,4.583240032196045,4.783143043518066,4.707035541534424,3.192765712738037,3.756969928741455,4.890731334686279,5.021000385284424,0,0,4.891708850860596
1771,3.5368213653564453,2.9426803588867188,3.9933316707611084,2.48006010055542,3.517267942428589,3.0774037837982178,3.1834676265716553,0,0,3.007056713104248
1772,4.049349784851074,3.2830991744995117,4.481963634490967,2.8130106925964355,3.5163533687591553,3.4463553428649902,3.7017030715942383,0,0,4.220166206359863
1773,3.298452854156494,2.8771378993988037,3.7553961277008057,2.3037376403808594,2.946471691131592,3.1548011302948,3.209834098815918,0,0,3.0854575634002686
1774,4.536770820617676,3.771007776260376,4.256805896759033,2.749760866165161,3.7700068950653076,3.9470808506011963,4.097860813140869,0,0,4.458193778991699
1775,4.989972114562988,4.194252014160156,5.02501106262207,3.209017276763916,3.720672845840454,4.805722236633301,4.833110332489014,0,0,5.210339546203613
1776,3.8084073066711426,3.5914719104766846,4.729543209075928,3.087705612182617,3.5837631225585938,4.2304487228393555,3.9655075073242188,0,0,4.90494441986084
1777,4.121459007263184,3.452638626098633,4.198790073394775,3.1724603176116943,3.7566897869110107,4.297807693481445,4.43524694442749,0,0,4.932652473449707
1778,4.495009422302246,3.8904216289520264,4.59877872467041,3.3417704105377197,4.2021379470825195,5.424814224243164,4.973140716552734,0,0,5.455811023712158
1779,4.18258810043335,3.7682414054870605,4.071253299713135,3.114713668823242,3.437753200531006,4.300449371337891,4.024442672729492,0,0,4.7704644203186035
1780,3.38936185836792,2.9903249740600586,3.614802837371826,2.7379815578460693,3.045405626296997,3.6252353191375732,3.615190029144287,0,0,4.136663913726807
1781,3.938821315765381,3.8131003379821777,4.060545444488525,3.0029406547546387,3.4458394050598145,4.397934436798096,4.470813751220703,0,0,4.028492450714111
1782,4.5184245109558105,4.193447589874268,4.65590763092041,3.430898427963257,4.106738567352295,4.275362014770508,4.12910270690918,0,0,4.445730686187744
1783,3.3018686771392822,3.050119161605835,3.6784396171569824,2.4857654571533203,3.253182888031006,3.166571855545044,3.7291014194488525,0,0,3.6317620277404785
1784,4.866367816925049,4.177814960479736,4.677401542663574,3.542448043823242,3.579596519470215,5.411325931549072,5.370071887969971,0,0,4.989219665527344
1785,4.63985538482666,3.8263773918151855,5.030930042266846,3.760112762451172,3.6850223541259766,5.008456707000732,4.9531073570251465,0,0,5.264326572418213
1786,3.1463232040405273,3.5983874797821045,3.823397159576416,3.132124900817871,3.327960252761841,4.059235095977783,4.190982341766357,0,0,3.78322172164917
1787,3.769650936126709,3.9303042888641357,3.6811399459838867,2.974743604660034,3.3768367767333984,4.43670654296875,4.327944278717041,0,0,4.50451135635376
1788,3.9380905628204346,3.8031961917877197,3.659435749053955,2.9351353645324707,3.142441987991333,4.365547180175781,4.1247878074646,0,0,4.017500877380371
1789,4.251983165740967,4.299476146697998,3.9424872398376465,3.760470151901245,3.338440179824829,5.432811260223389,5.096433162689209,0,0,4.766563892364502
1790,3.73978590965271,3.6568241119384766,3.7851078510284424,3.850811243057251,0,4.6916022300720215,3.8576982021331787,0,0,4.525901794433594
1791,3.908337116241455,4.207031726837158,4.129732608795166,3.9878756999969482,0,5.489046573638916,4.185420036315918,0,0,4.837336540222168
1792,4.033391952514648,3.3952767848968506,4.199884414672852,3.5560972690582275,0,5.223620414733887,4.1190619468688965,0,2.9223248958587646,5.155900001525879
1793,4.507297992706299,4.00253963470459,4.009092330932617,3.5789554119110107,0,6.112248420715332,4.350942134857178,0,2.8195621967315674,5.187388896942139
1794,4.145933151245117,4.543309211730957,4.508324146270752,3.6770272254943848,3.8669159412384033,6.4524312019348145,4.09266996383667,0,2.830538272857666,5.481924533843994
1795,3.7434747219085693,3.9731192588806152,4.31557559967041,3.410754680633545,3.5078835487365723,3.9685850143432617,3.731762170791626,0,2.9470784664154053,4.500298023223877
1796,3.7491891384124756,3.681856155395508,4.470255374908447,3.287412166595459,4.368081092834473,4.752365589141846,3.858058452606201,0,2.739262819290161,4.719356060028076
1797,3.5777781009674072,3.5344631671905518,4.045895576477051,2.736860513687134,3.8064024448394775,4.965463161468506,3.8100149631500244,0,2.829019546508789,4.1611127853393555
1798,3.327324628829956,2.931572198867798,4.008013725280762,2.692596673965454,3.2956113815307617,3.4678938388824463,4.21166467666626,0,2.9696338176727295,4.430734157562256
1799,3.399064779281616,3.1903955936431885,3.8109514713287354,2.6865904331207275,3.4739015102386475,4.042213439941406,3.6788105964660645,0,2.776339530944824,4.226527690887451
1800,3.4133424758911133,4.133238792419434,4.2241387367248535,3.0345299243927,3.4009056091308594,3.8653323650360107,-999,0,3.4992434978485107,4.632353782653809
1801,3.648315191268921,3.1483712196350098,4.007923126220703,2.689920425415039,3.579540729522705,4.530786037445068,-999,0,3.1372480392456055,4.61995792388916
1802,3.5762674808502197,3.3020548820495605,4.041029930114746,2.659540891647339,3.9847795963287354,4.436005592346191,-999,0,2.8796236515045166,4.341645240783691
1803,3.8441219329833984,3.9874672889709473,3.531769037246704,3.344848394393921,3.526921033859253,5.29868221282959,-999,0,2.9467384815216064,4.686034679412842
1804,4.873870372772217,4.370863437652588,4.451642990112305,3.192103147506714,3.8104135990142822,5.608283996582031,-999,0,3.206866502761841,5.377245903015137
1805,4.454752445220947,4.2716755867004395,4.437310695648193,3.310173988342285,3.9150822162628174,3.1376593112945557,-999,0,3.166741132736206,4.979162693023682
1806,4.599557399749756,4.641573429107666,4.131901264190674,3.592344284057617,3.7474000453948975,5.203837871551514,-999,0,3.575424909591675,5.266900539398193
1807,3.9383018016815186,3.6342616081237793,4.643583297729492,2.8464488983154297,4.344366073608398,3.586146354675293,-999,0,2.815849781036377,4.7743611335754395
1808,4.590505123138428,4.0239715576171875,4.3606061935424805,3.5568573474884033,3.9450371265411377,5.081806182861328,-999,0,3.0344080924987793,5.072155952453613
1809,3.670790672302246,3.283259391784668,4.3500590324401855,2.5576839447021484,3.9026246070861816,4.719258785247803,-999,0,2.754178762435913,3.854926824569702
1810,3.6517040729522705,3.7191402912139893,3.8270742893218994,3.5247974395751953,3.9059810638427734,4.347630500793457,-999,0,3.396643877029419,4.545470714569092
1811,4.758183479309082,4.828876972198486,3.825065851211548,5.299798011779785,3.987036943435669,4.603260040283203,-999,0,4.061737060546875,5.2975382804870605
1812,2.8217666149139404,3.023244619369507,3.9468624591827393,5.370792388916016,4.388495445251465,6.39629602432251,4.045998573303223,0,2.7699146270751953,4.09149694442749
1813,3.5348517894744873,3.3050761222839355,3.967952013015747,4.768817901611328,4.036741733551025,3.9785211086273193,4.5054779052734375,0,2.9328219890594482,4.132443904876709
1814,3.8036234378814697,3.856356620788574,3.889573097229004,4.768238067626953,4.0427727699279785,4.271123886108398,4.548009395599365,0,3.5275237560272217,4.749565124511719
1815,3.9648826122283936,3.6197354793548584,4.137003421783447,4.497325897216797,4.1810126304626465,4.926515579223633,3.9187891483306885,0,2.70676589012146,4.450361728668213
1816,4.1251630783081055,3.8257272243499756,4.267452716827393,4.872591972351074,4.205413341522217,3.7583463191986084,4.602697849273682,0,3.800490379333496,4.784492492675781
1817,3.814009428024292,3.4145450592041016,4.323794364929199,4.76024055480957,4.193032264709473,4.044009208679199,4.349917411804199,0,3.751884937286377,4.256353855133057
1818,4.381572246551514,4.000229358673096,4.334319591522217,3.798147439956665,3.7557806968688965,4.104659080505371,3.9815099239349365,0,3.712653160095215,5.549144268035889
1819,3.9866743087768555,3.663856029510498,4.646364212036133,3.854877471923828,4.176640033721924,4.087619781494141,4.307436466217041,0,3.816767692565918,4.056463718414307
1820,3.739527940750122,3.3990638256073,4.158078670501709,4.708095550537109,3.973134994506836,4.1193389892578125,3.5603325366973877,0,3.800231456756592,4.331784725189209
1821,4.067581653594971,4.070708274841309,4.350162982940674,4.454678058624268,3.9560635089874268,3.682164192199707,3.8659424781799316,0,4.116193771362305,4.545344829559326
1822,3.6280341148376465,4.28239107131958,4.207338809967041,3.946615695953369,3.944383382797241,3.6485557556152344,3.9174647331237793,0,3.9164462089538574,5.094577789306641
1823,4.4001784324646,4.385635852813721,5.034753799438477,4.445148468017578,5.058141231536865,4.3969221115112305,4.160736560821533,0,4.228954792022705,5.1023268699646
1824,3.8680191040039062,3.5952234268188477,4.116279602050781,4.396965026855469,4.075660705566406,5.441349029541016,5.062592506408691,0,3.26362681388855,4.717957019805908
1825,2.9448840618133545,2.5723094940185547,-999,5.2933430671691895,4.944982051849365,5.522778034210205,3.280597448348999,0,3.0337631702423096,3.5005764961242676
1826,3.6962428092956543,3.222263813018799,3.815499782562256,3.2577710151672363,4.396572589874268,4.173593521118164,3.5272552967071533,0,3.8364789485931396,4.4529218673706055
1827,3.411221742630005,3.4483187198638916,3.868626356124878,3.4003446102142334,4.068121433258057,4.05320405960083,3.941875696182251,0,2.9457638263702393,4.507647514343262
1828,5.08309268951416,4.390701770782471,4.663279056549072,3.8966941833496094,4.459808826446533,4.055840015411377,3.5920002460479736,0,3.433669328689575,5.138057231903076
1829,4.050992488861084,3.8839309215545654,4.035632133483887,2.9388866424560547,4.065364837646484,4.002140522003174,3.7407679557800293,0,3.3682541847229004,4.340156078338623
1830,4.279907703399658,3.83197283744812,4.304908275604248,2.721170425415039,4.604192733764648,3.1405866146087646,2.9651474952697754,0,3.7906622886657715,4.232339859008789
1831,4.144010066986084,4.24471378326416,4.193179130554199,3.6330509185791016,4.1236796379089355,3.847676992416382,-999,0,3.501192808151245,4.757505416870117
1832,3.9977364540100098,3.497455596923828,4.100188732147217,2.7626559734344482,4.154937744140625,3.51543927192688,-999,0,3.4474337100982666,4.155960559844971
1833,2.913891315460205,3.399249792098999,4.144104480743408,2.6917946338653564,3.8230371475219727,-999,-999,0,3.3715226650238037,3.865954875946045
1834,4.08096170425415,3.89037823677063,4.534281253814697,3.687584638595581,4.54684591293335,3.655747652053833,-999,3.0186638832092285,3.7540526390075684,4.79490852355957
1835,3.9875881671905518,4.195496082305908,4.364924907684326,3.5917184352874756,4.189713954925537,3.7124059200286865,-999,2.5576975345611572,3.4428346157073975,4.8924126625061035
1836,4.463354587554932,4.422893524169922,4.6080145835876465,4.091557025909424,4.585606575012207,4.049128532409668,-999,2.6199791431427,4.052786827087402,5.232778549194336
1837,2.7932326793670654,2.5665664672851562,3.2435383796691895,2.2911791801452637,3.728825807571411,4.135756969451904,-999,2.4857795238494873,3.1518683433532715,3.370404005050659
1838,3.194101572036743,3.1585376262664795,4.084084987640381,3.2769885063171387,4.339775085449219,4.423679828643799,-999,2.7495365142822266,4.024839878082275,4.548032760620117
1839,3.562723159790039,3.5253806114196777,4.014468193054199,3.022338628768921,3.9624502658843994,3.9398372173309326,-999,3.0315048694610596,3.8754756450653076,4.1120805740356445
1840,4.268610000610352,4.081995010375977,3.9093549251556396,3.6253457069396973,4.396231651306152,4.5096611976623535,-999,2.3503642082214355,4.056971549987793,4.651708126068115
1841,5.092395305633545,4.310369968414307,3.9415061473846436,4.068414688110352,3.8760879039764404,3.7678449153900146,-999,3.2271475791931152,-999,5.533895492553711
1842,4.340016841888428,4.135663032531738,4.164510250091553,3.5442886352539062,4.254002571105957,4.068152904510498,-999,3.3431806564331055,-999,4.5965375900268555
1843,4.843655109405518,3.5374834537506104,4.482978820800781,3.1536340713500977,4.759236812591553,-999,-999,3.291977882385254,-999,5.099380970001221
1844,3.963893175125122,3.5701208114624023,4.293883323669434,3.04915189743042,4.156949043273926,-999,3.6239254474639893,4.01686954498291,-999,3.9527828693389893
1845,4.23658561706543,3.7332828044891357,4.595789909362793,3.118544101715088,4.453433513641357,-999,3.6761314868927,4.302453994750977,-999,4.381365776062012
1846,4.662233352661133,4.86629581451416,4.599968910217285,3.807279109954834,4.303924560546875,-999,4.159843444824219,4.573777198791504,-999,4.707415580749512
1847,3.1780917644500732,2.734363317489624,3.7318496704101562,2.3275632858276367,4.080960750579834,-999,3.678100109100342,3.3655717372894287,-999,3.858391761779785
1848,4.2982587814331055,3.7462522983551025,3.9596569538116455,3.1858813762664795,4.031109809875488,0,3.7682316303253174,3.2474353313446045,-999,4.735700607299805
1849,2.8605830669403076,2.3667566776275635,2.974781036376953,5.069105625152588,3.8886122703552246,3.2971465587615967,3.9060451984405518,2.2981209754943848,-999,3.6252694129943848
1850,3.505760431289673,3.1403117179870605,3.7868502140045166,4.147420406341553,4.1276326179504395,3.3279335498809814,3.7742464542388916,2.3305182456970215,-999,4.564003944396973
1851,3.6028971672058105,3.626431703567505,4.2870306968688965,3.762146234512329,4.167806625366211,3.007742166519165,3.76613712310791,2.2976675033569336,-999,4.615713119506836
1852,4.241782188415527,4.255692005157471,4.136819839477539,4.522695064544678,4.22855806350708,4.952281951904297,3.6235897541046143,3.1983118057250977,-999,5.3578691482543945
1853,4.680330276489258,5.47896146774292,4.0861124992370605,3.245058536529541,4.360665798187256,5.689084053039551,3.9065651893615723,2.9920241832733154,-999,5.201833724975586
1854,3.9484024047851562,4.928028583526611,5.078740119934082,3.344681739807129,4.249568462371826,5.621109485626221,3.492431402206421,2.4981679916381836,6.180387020111084,5.070799350738525
1855,3.686161994934082,5.2261061668396,4.841411113739014,3.8366808891296387,4.682366847991943,5.727964401245117,3.445760488510132,3.028430938720703,5.342958927154541,5.010173320770264
1856,4.334633827209473,5.486583232879639,4.410235404968262,4.187407970428467,4.317877292633057,6.4217119216918945,3.061187982559204,2.8941495418548584,4.353896141052246,5.409735679626465
1857,3.7247424125671387,4.822836399078369,4.802313327789307,3.1049821376800537,4.221220970153809,5.262757778167725,3.8611273765563965,2.6419026851654053,-999,5.04019021987915
1858,3.6838951110839844,4.382935047149658,4.166446685791016,3.5964608192443848,3.926961898803711,4.801772117614746,2.7212889194488525,2.8608429431915283,4.33123779296875,4.120076656341553
1859,4.5963945388793945,4.55513334274292,4.725496292114258,4.4940595626831055,4.541440010070801,4.9085845947265625,4.234288692474365,3.310753583908081,5.1593403816223145,4.365392684936523
1860,5.027857780456543,5.272183418273926,4.407362937927246,4.568964004516602,4.5973052978515625,6.24128532409668,4.027799129486084,3.4075076580047607,4.494556427001953,5.214615345001221
1861,4.100200653076172,4.819436550140381,4.34998893737793,4.075601577758789,4.016523838043213,5.464648723602295,3.356118679046631,2.79449725151062,4.2377777099609375,3.926170825958252
1862,4.010283470153809,4.877767562866211,3.953770637512207,3.992222309112549,4.485320091247559,4.922435760498047,3.304649829864502,3.175480842590332,4.330145359039307,3.9436168670654297
1863,5.649141788482666,5.619902610778809,5.215392589569092,4.639227867126465,4.740952491760254,7.168209075927734,3.9638020992279053,3.6781885623931885,5.01321268081665,4.4605393409729
1864,4.198288917541504,5.0415263175964355,4.566354274749756,4.131810665130615,4.28890323638916,5.913859844207764,0,3.2488770484924316,4.28523063659668,3.9672393798828125
1865,4.956336498260498,5.333205223083496,4.273070812225342,4.796192646026611,4.862756252288818,6.711148738861084,4.798732280731201,3.369854211807251,4.21291446685791,3.7432920932769775
1866,3.2367875576019287,3.938746690750122,3.90051007270813,3.5795905590057373,3.9958300590515137,4.144922733306885,4.363692760467529,2.8495872020721436,3.116668462753296,3.4150094985961914
1867,3.4945452213287354,3.0741209983825684,3.4578471183776855,3.8486478328704834,3.855240821838379,4.005535125732422,4.3544158935546875,2.9250495433807373,3.1758170127868652,4.200021266937256
1868,4.491088390350342,4.621118068695068,4.01200532913208,4.177356243133545,4.025896072387695,5.0737104415893555,4.368833541870117,3.0295534133911133,3.7470643520355225,3.608813762664795
1869,2.7958717346191406,2.881974458694458,2.7104501724243164,2.56390380859375,3.6868128776550293,0,3.7880935668945312,2.174093008041382,2.516838550567627,2.7991340160369873
1870,4.490573406219482,4.07575798034668,3.9020872116088867,3.8800148963928223,4.21683931350708,3.922069787979126,4.738319396972656,3.173208475112915,3.8126938343048096,3.884084463119507
1871,4.16433572769165,5.018278121948242,4.216418743133545,3.8348922729492188,4.157754421234131,4.424396991729736,4.599836826324463,3.4670376777648926,3.607045888900757,3.5076208114624023
1872,4.147303581237793,4.810218811035156,4.390372276306152,4.166405200958252,4.588147163391113,4.867609024047852,4.899469375610352,3.7862308025360107,3.9036664962768555,3.790477752685547
1873,4.080513954162598,4.21695613861084,3.779069423675537,4.0898332595825195,4.119612216949463,3.7246553897857666,4.754395961761475,3.4955577850341797,3.7552366256713867,3.934218645095825
1874,3.3496615886688232,4.109555721282959,4.085754871368408,4.630802631378174,4.00905179977417,3.4508228302001953,4.189653396606445,3.158507823944092,3.1061575412750244,3.880399465560913
1875,3.9587974548339844,4.797144889831543,4.063939571380615,5.234412670135498,4.084775447845459,5.104745864868164,4.39558744430542,3.721865177154541,3.2670326232910156,4.552455425262451
1876,4.581510066986084,5.028515338897705,3.902388572692871,5.076719760894775,4.565087795257568,4.856504917144775,4.71289587020874,3.8464465141296387,3.934171438217163,4.409608840942383
1877,4.089601993560791,4.83723258972168,4.009048938751221,5.638898849487305,4.293381214141846,5.398021221160889,4.874614715576172,3.652902364730835,3.5173590183258057,5.036411762237549
1878,7.5244140625,6.200100421905518,4.125101566314697,5.563196182250977,3.9898738861083984,6.080869197845459,4.5809102058410645,3.960604429244995,3.513596296310425,5.455538272857666
1879,3.855666399002075,4.597589492797852,4.8162384033203125,4.827540397644043,4.3480224609375,5.312996864318848,4.983524799346924,3.3393099308013916,3.4197988510131836,5.7101664543151855
1880,5.893922805786133,4.906074047088623,4.093641757965088,4.219996452331543,4.175317764282227,5.529072284698486,4.986084938049316,3.8635988235473633,3.345019817352295,6.065709114074707
1881,5.718280792236328,4.59102201461792,4.611970901489258,4.676777362823486,4.386633396148682,5.033732891082764,5.823232173919678,3.8071701526641846,3.463458299636841,5.597428798675537
1882,4.610698699951172,3.853834867477417,4.112018585205078,4.674822807312012,4.070451259613037,4.324113368988037,4.650005340576172,3.379455804824829,3.9806618690490723,4.945563793182373
1883,5.110683441162109,4.792164325714111,4.53944730758667,3.7486679553985596,4.350141525268555,4.6774001121521,4.575807571411133,3.6771140098571777,3.8059661388397217,5.283999919891357
1884,3.667602777481079,3.3356401920318604,3.6657047271728516,2.801600694656372,3.7894768714904785,2.9523508548736572,3.7887346744537354,2.7056336402893066,3.545511245727539,3.4435293674468994
1885,3.5458273887634277,3.1872823238372803,3.7567970752716064,0,4.373204708099365,2.91167950630188,3.8289687633514404,2.805135726928711,3.9016621112823486,3.0651400089263916
1886,4.653903961181641,3.722909450531006,3.875917673110962,0,4.011171817779541,3.606931686401367,4.426713466644287,3.530317544937134,3.9084742069244385,4.332280158996582
1887,4.439932346343994,4.348463535308838,3.7604756355285645,0,4.140949726104736,4.615853786468506,4.237056732177734,3.9889283180236816,3.617655038833618,5.044493198394775
1888,4.872097969055176,4.355754852294922,3.8096184730529785,0,3.853055715560913,4.967545986175537,4.540787696838379,4.170170783996582,3.8634400367736816,5.6097636222839355
1889,4.9689836502075195,4.351052284240723,0,0,4.710048675537109,4.3565850257873535,5.177509784698486,3.4045000076293945,3.961916446685791,5.438065528869629
1890,5.271663665771484,4.502721309661865,0,0,4.104923248291016,4.62070894241333,4.540404796600342,3.3794639110565186,3.4414281845092773,5.22457218170166
1891,5.638426780700684,5.018569469451904,0,0,4.201053142547607,4.683133125305176,4.503755569458008,3.2817142009735107,4.064873218536377,5.685478210449219
1892,6.284155368804932,5.228561878204346,0,0,4.995488166809082,5.651937961578369,5.315743446350098,3.8777995109558105,-999,5.977158546447754
1893,5.362545490264893,4.982706069946289,0,0,3.770235300064087,5.0366740226745605,4.988300800323486,3.990628242492676,-999,5.3598127365112305
1894,5.903261184692383,5.789658069610596,0,0,3.9787850379943848,5.5290422439575195,5.001343727111816,4.386027812957764,5.328005790710449,5.805675029754639
1895,4.786371231079102,5.461493968963623,0,0,3.958405017852783,3.7229111194610596,4.417924404144287,3.947786569595337,4.582690238952637,5.569512844085693
1896,5.893401622772217,5.728861331939697,0,0,4.210548400878906,5.129690647125244,4.537440776824951,4.260715961456299,4.348152160644531,5.518123149871826
1897,6.576054096221924,5.990590572357178,0,0,4.312837600708008,5.6497979164123535,3.883206367492676,4.423272609710693,4.028556823730469,6.047422409057617
1898,5.007249355316162,4.547659873962402,0,0,3.836245059967041,4.428731918334961,4.135013580322266,3.964369297027588,4.210730075836182,4.648894786834717
1899,4.793636798858643,5.0681986808776855,0,0,3.9313838481903076,3.629953145980835,3.481473922729492,3.4600892066955566,3.7238659858703613,4.243804931640625
1900,5.555145740509033,4.1017632484436035,0,0,4.410874843597412,3.852956771850586,4.396083831787109,3.75026798248291,3.947660207748413,5.038374423980713
1901,5.253479957580566,4.546780586242676,0,0,4.057068824768066,4.71442985534668,3.632230520248413,3.5803802013397217,3.749800682067871,5.150825023651123
1902,4.433962821960449,4.023548603057861,0,0,3.881970167160034,4.6518096923828125,3.406013250350952,3.4065346717834473,3.4930074214935303,4.376841068267822
1903,4.682838439941406,4.639962673187256,0,0,4.3182454109191895,5.023709774017334,4.05753755569458,3.9988796710968018,3.902822971343994,4.597987651824951
1904,5.388023853302002,5.353557586669922,0,0,4.047545433044434,5.868790626525879,3.5473313331604004,4.251842975616455,3.9405150413513184,4.665844917297363
1905,4.895290374755859,4.162238121032715,0,5.6209797859191895,4.237839221954346,4.950930118560791,3.8445334434509277,3.6683640480041504,4.123007297515869,4.307456016540527
1906,4.39376163482666,4.175293445587158,0,4.107219219207764,4.142876148223877,4.341254234313965,3.361963987350464,3.4184231758117676,3.798130750656128,4.393311023712158
1907,4.520130157470703,4.322758197784424,0,3.948756694793701,3.942021369934082,4.123451232910156,3.4586122035980225,3.6408562660217285,3.807633638381958,4.557538986206055
1908,5.09328031539917,5.219404220581055,0,4.885723114013672,3.851043701171875,5.406016826629639,3.316962242126465,4.109778881072998,3.908684015274048,5.274227619171143
1909,4.662774085998535,3.399709701538086,0,3.6131069660186768,4.169201850891113,3.7673885822296143,3.2280380725860596,4.594272136688232,3.6899569034576416,5.546812534332275
1910,5.125770092010498,5.978392601013184,0,4.0866498947143555,4.272037506103516,5.809983730316162,4.089323997497559,4.746962070465088,4.988627910614014,5.931539058685303
1911,4.85158109664917,5.119980812072754,0,3.830512523651123,3.8342599868774414,6.070804595947266,3.5069756507873535,4.858258247375488,3.556718349456787,4.850162029266357
1912,3.644057512283325,3.254695415496826,0,2.428699493408203,3.606163263320923,2.8201777935028076,3.0139427185058594,3.715733766555786,3.518432378768921,3.5660805702209473
1913,4.06944465637207,4.101971626281738,0,2.8086798191070557,4.0030741691589355,3.931748390197754,3.5021846294403076,3.7445030212402344,3.455092430114746,6.029356479644775
1914,5.554867267608643,5.125030994415283,0,3.8160641193389893,3.824211835861206,5.962457180023193,3.3656005859375,4.465524196624756,3.5305681228637695,6.049086093902588
1915,4.93606424331665,4.717482566833496,0,3.0403707027435303,4.357352256774902,4.550665855407715,2.843459129333496,4.983194828033447,3.8470959663391113,5.593091011047363
1916,4.803462028503418,4.726208686828613,0,4.384190082550049,3.8224194049835205,5.488992691040039,3.2360148429870605,5.168154239654541,3.6583409309387207,5.940006732940674
1917,5.67717981338501,4.57633638381958,0,4.303249359130859,4.197576522827148,6.228370189666748,2.86586332321167,5.568170070648193,4.04738712310791,5.867639064788818
1918,5.348995208740234,4.598788261413574,0,4.726017475128174,3.7554163932800293,4.998215675354004,3.7800400257110596,5.083919048309326,4.141470909118652,5.3472161293029785
1919,5.437320232391357,4.28205680847168,0,4.275841236114502,4.148542404174805,5.471902370452881,3.249262571334839,5.055392742156982,3.2568063735961914,6.298137664794922
1920,5.394468784332275,4.3484649658203125,0,5.593611717224121,3.995286464691162,4.860732078552246,3.229787588119507,5.193946838378906,3.745076894760132,5.514521598815918
1921,4.882441997528076,4.504879951477051,0,4.684463977813721,4.499651908874512,5.922773361206055,3.5940163135528564,5.512578010559082,3.5834238529205322,5.478973388671875
1922,5.853930473327637,4.677992820739746,0,5.577213287353516,4.647228240966797,5.956228733062744,3.254063129425049,6.006473064422607,3.6985340118408203,6.218487739562988
1923,4.998170852661133,4.767946720123291,0,4.7279133796691895,3.987319231033325,4.988024711608887,2.997971534729004,5.418752670288086,3.8331525325775146,5.378840923309326
1924,5.373096942901611,4.946783542633057,0,5.131136894226074,4.353285312652588,5.045102119445801,3.8894894123077393,5.85038423538208,3.787879705429077,6.203817844390869
1925,4.636509895324707,4.958285331726074,0,4.5036797523498535,4.003408908843994,4.743195533752441,4.178536891937256,4.783712863922119,3.5722880363464355,4.863232612609863
1926,4.959833145141602,4.987077713012695,0,4.870734691619873,4.0720672607421875,4.781400203704834,3.7468924522399902,5.1451849937438965,3.6909945011138916,5.552337646484375
1927,4.59455680847168,4.5695977210998535,0,4.349890232086182,3.643334150314331,4.101789474487305,4.287304401397705,4.843127727508545,3.8043997287750244,4.434940338134766
1928,5.687774181365967,5.370202541351318,0,4.635983943939209,4.472759246826172,4.8143630027771,3.7127044200897217,5.182396411895752,4.163671016693115,5.505288600921631
1929,4.988259792327881,5.347867012023926,0,3.9661128520965576,4.032656192779541,4.858397006988525,3.8173792362213135,5.302084922790527,4.109464168548584,5.940211772918701
1930,4.767725944519043,5.368668079376221,0,5.20507287979126,4.105233192443848,4.413755893707275,4.357821464538574,5.316687107086182,4.49808931350708,5.294816970825195
1931,4.219981670379639,4.409585475921631,0,3.038511037826538,3.523407220840454,2.941415786743164,3.6749625205993652,4.740415573120117,3.2569961547851562,4.275820732116699
1932,-999,5.633824825286865,0,5.47626256942749,5.1038970947265625,2.280986785888672,4.739583969116211,6.003654956817627,3.666348457336426,4.890610694885254
1933,-999,5.566751480102539,0,5.266766548156738,4.190577983856201,-999,4.752352714538574,5.564210414886475,3.7956764698028564,5.725893020629883
1934,-999,5.408208847045898,0,4.818945407867432,4.490252494812012,-999,4.938591480255127,6.027083396911621,4.3654656410217285,5.370644569396973
1935,-999,5.711554050445557,0,4.323768615722656,4.413778781890869,-999,5.207065582275391,6.0334038734436035,4.494560718536377,6.4184136390686035
1936,-999,5.628742694854736,0,3.887352705001831,4.355444431304932,5.103230953216553,5.154122352600098,5.820653915405273,4.829790115356445,5.817205905914307
1937,2.128619909286499,4.769638538360596,0,3.759981632232666,4.525663375854492,4.502705097198486,4.957839012145996,5.222967147827148,3.825756788253784,5.600636005401611
1938,4.491194725036621,5.777205944061279,0,5.1369171142578125,5.0720744132995605,5.5048346519470215,4.976348400115967,5.762400150299072,5.426751613616943,5.157737731933594
1939,5.4943647384643555,5.977388381958008,0,5.268062591552734,5.0875630378723145,5.687243938446045,5.137748718261719,5.711428642272949,5.76503849029541,5.989673614501953
1940,4.825335502624512,5.954953670501709,0,5.718059062957764,4.168054103851318,4.424709320068359,4.817683696746826,5.387439727783203,5.977570533752441,5.918171405792236
1941,5.9200053215026855,5.098440647125244,5.961492538452148,4.911865711212158,4.006564140319824,5.254932403564453,5.241847991943359,6.496027946472168,4.92484712600708,5.958117485046387
1942,4.692417144775391,5.983262538909912,5.894191741943359,5.5202860832214355,4.935960292816162,5.3512349128723145,5.434967041015625,4.138238430023193,5.591371536254883,6.206700325012207
1943,5.12680721282959,5.425033092498779,5.299013137817383,5.551636219024658,4.4271159172058105,5.157342433929443,5.272912979125977,4.483827114105225,4.724986553192139,5.115767478942871
1944,4.401575088500977,5.056864261627197,4.500759601593018,4.670289516448975,3.993812322616577,4.360869884490967,4.756704807281494,4.27375602722168,4.238569259643555,4.530641078948975
1945,4.458238124847412,5.432379245758057,4.5093913078308105,5.652634143829346,3.8476834297180176,4.437098503112793,4.765044212341309,4.6723737716674805,4.850562572479248,4.304009437561035
1946,5.377366542816162,5.47420072555542,4.624413967132568,5.755242347717285,4.411509990692139,5.216438293457031,5.360317230224609,4.597986221313477,5.412843227386475,5.998138904571533
1947,4.2408928871154785,4.168116569519043,4.49488639831543,5.5178351402282715,4.759141445159912,5.528857231140137,6.407862186431885,3.8859591484069824,4.501000881195068,3.5380985736846924
1948,5.384804725646973,5.221311569213867,4.2789506912231445,5.898641586303711,5.125833988189697,5.672534942626953,5.471779823303223,4.778995037078857,6.0259175300598145,4.437849998474121
1949,4.297727108001709,4.584767818450928,4.721462249755859,5.7669572830200195,4.878949165344238,4.728012561798096,4.937112331390381,4.234369277954102,5.173832893371582,3.620126724243164
1950,5.363365650177002,4.518151760101318,4.37945556640625,5.607044219970703,4.344555377960205,5.103831768035889,4.543948650360107,4.198887825012207,4.5121378898620605,3.6924731731414795
1951,5.538249969482422,5.153564929962158,4.005263328552246,5.786660194396973,4.444530010223389,4.660982608795166,4.22962760925293,4.063441276550293,4.784452438354492,4.340786457061768
1952,5.054486274719238,5.089010715484619,3.9473018646240234,5.1305389404296875,4.188961505889893,4.28542947769165,4.1102519035339355,4.073663711547852,4.407693862915039,4.041719913482666
1953,6.099899768829346,5.457139015197754,4.2675862312316895,6.117243766784668,5.639399528503418,5.395591735839844,4.888309001922607,5.300745964050293,6.184732913970947,4.381468296051025
1954,4.992702007293701,4.765587329864502,4.858126163482666,4.785212993621826,3.6585631370544434,4.379870891571045,4.1347551345825195,3.9386446475982666,5.176145553588867,3.5431158542633057
1955,4.628008842468262,3.9212698936462402,4.180044651031494,3.600163221359253,3.6243481636047363,0,3.776973009109497,3.2708475589752197,5.077230453491211,3.0433876514434814
1956,5.22344970703125,4.407907009124756,4.299046039581299,5.98760461807251,4.18861198425293,0,4.746838092803955,4.162513732910156,5.940091133117676,3.6053011417388916
1957,5.326564311981201,5.008622169494629,4.2943315505981445,6.2677226066589355,4.370743751525879,0,4.502946853637695,4.399022102355957,6.270773410797119,4.385096549987793
1958,5.4456939697265625,4.640610218048096,5.480973243713379,5.408343315124512,3.7111268043518066,0,3.4979188442230225,4.107523441314697,4.693975925445557,3.4319546222686768
1959,5.86395788192749,4.4686970710754395,4.323215961456299,5.670838832855225,3.7541472911834717,0,4.088618278503418,4.828582286834717,4.094346046447754,4.783423900604248
1960,5.104580402374268,4.574609279632568,5.325236797332764,4.743503570556641,4.35154914855957,0,4.17084264755249,4.124208450317383,3.9344828128814697,4.336485862731934
1961,5.012350559234619,4.326637268066406,4.2606940269470215,4.5621161460876465,4.424973011016846,0,4.019213676452637,3.9838695526123047,4.110645294189453,3.9216959476470947
1962,5.299798011779785,4.496697425842285,3.9412648677825928,4.859818935394287,4.119717121124268,0,4.1359076499938965,3.928288221359253,3.989541530609131,4.15191125869751
1963,4.448831558227539,4.245274066925049,4.352177619934082,4.164184093475342,4.407261371612549,0,4.642007350921631,4.044442653656006,4.081658840179443,3.9263012409210205
1964,5.393751621246338,4.053813934326172,4.481653690338135,4.074863433837891,4.631195545196533,0,4.173840522766113,4.341957092285156,3.712796211242676,4.351799488067627
1965,4.2781572341918945,4.047989368438721,4.84567928314209,3.331481456756592,4.609738826751709,0,4.172872066497803,4.978294372558594,4.789355278015137,4.7291765213012695
1966,5.184457778930664,4.676365375518799,5.561331748962402,3.991037130355835,5.274372577667236,0,4.7683424949646,4.280488967895508,4.584527492523193,4.961307525634766
1967,5.306463718414307,4.093164920806885,4.3225812911987305,3.712026596069336,4.018279075622559,0,4.199896335601807,4.686018943786621,4.65403413772583,4.618897438049316
1968,4.880040168762207,3.8170182704925537,4.715218544006348,3.344304084777832,3.9315245151519775,0,3.715546131134033,3.967745780944824,3.964329242706299,3.9413301944732666
1969,4.757368564605713,4.215620040893555,4.300795078277588,3.5183207988739014,4.068906784057617,0,4.147655010223389,4.2788496017456055,4.887146472930908,4.787930011749268
1970,5.2687578201293945,4.023118019104004,4.904230117797852,3.7875936031341553,4.619588375091553,0,4.192031383514404,4.8173723220825195,4.632730484008789,4.848313331604004
1971,3.5648465156555176,3.824862241744995,4.2516937255859375,3.2531862258911133,4.889125823974609,0,3.991384744644165,4.6973137855529785,4.067280292510986,3.8732826709747314
1972,4.594768047332764,4.204249382019043,4.688667297363281,3.666440963745117,3.8579750061035156,0,3.698902130126953,3.945507049560547,3.8393075466156006,3.986503839492798
1973,4.106452465057373,4.06417179107666,4.578780174255371,3.188427686691284,4.275584697723389,0,3.6761133670806885,3.689678430557251,3.9513487815856934,3.837942361831665
1974,4.094189643859863,3.757711887359619,4.502667427062988,2.9329280853271484,4.1947712898254395,0,3.27697491645813,4.052151679992676,3.6793200969696045,3.838247537612915
1975,3.9662857055664062,3.8058414459228516,4.348606109619141,3.492974042892456,4.072749614715576,0,3.5952117443084717,3.9330925941467285,4.127767562866211,4.1342926025390625
1976,4.919557094573975,4.02654504776001,4.589842796325684,3.5991172790527344,4.202480316162109,0,3.3466498851776123,4.141794204711914,4.201983451843262,4.4364471435546875
1977,3.7180285453796387,3.5850443840026855,3.6273365020751953,2.897217035293579,3.672780990600586,0,3.2603044509887695,3.9685935974121094,3.691664457321167,3.447044849395752
1978,4.349581718444824,4.148796081542969,4.425575256347656,3.133467435836792,3.5559167861938477,0,3.339211940765381,4.346506118774414,4.44762659072876,4.104530334472656
1979,5.051042556762695,3.8237128257751465,4.0909881591796875,3.113328218460083,3.816568613052368,0,3.535311460494995,4.096403121948242,3.9801828861236572,4.350404262542725
1980,4.433198928833008,5.117393970489502,4.210879325866699,3.7442212104797363,3.973630666732788,0,3.2051615715026855,3.326700210571289,4.696905612945557,3.9013545513153076
1981,4.713979721069336,3.8381474018096924,4.092100620269775,3.5150387287139893,3.8986852169036865,0,3.5400516986846924,3.9956893920898438,4.3963751792907715,4.695218563079834
1982,5.112002372741699,3.8050835132598877,4.304346561431885,3.2665531635284424,4.009253978729248,0,3.684793472290039,4.204177379608154,4.246953964233398,4.865612983703613
1983,5.133059978485107,4.1568403244018555,4.054690361022949,3.3298399448394775,4.112954616546631,0,3.3589301109313965,4.204859256744385,4.456498622894287,5.015683174133301
1984,6.17856502532959,4.072908401489258,4.877121448516846,3.867039203643799,4.091508865356445,0,3.5729598999023438,4.678637504577637,5.787497043609619,5.007630825042725
1985,3.658033847808838,3.878790855407715,3.0057544708251953,2.915370225906372,3.5950818061828613,0,2.6601104736328125,3.5571227073669434,3.2786622047424316,3.614232063293457
1986,5.726578712463379,4.46901798248291,4.599350929260254,4.057394981384277,4.257064342498779,0,4.03866720199585,4.392603874206543,4.638028144836426,4.852254867553711
1987,5.10163688659668,4.472644805908203,4.517157077789307,3.101060390472412,4.762965679168701,0,4.003881454467773,4.328945636749268,4.420496940612793,4.633031845092773
1988,4.991562843322754,4.134279251098633,3.6996593475341797,3.3470652103424072,4.232532024383545,0,3.711653470993042,4.084478855133057,4.11769962310791,4.596618175506592
1989,3.2157680988311768,4.0431389808654785,2.6077497005462646,2.412419557571411,4.741184711456299,0,5.340782642364502,2.566774606704712,2.5937557220458984,2.417490005493164
1990,5.93781042098999,4.210041046142578,3.726456642150879,3.4304981231689453,3.9201221466064453,0,3.538161039352417,4.0033111572265625,4.115876197814941,5.146061897277832
1991,5.270529270172119,4.079544544219971,4.189336776733398,3.569218158721924,3.97301983833313,0,4.082729816436768,4.347253799438477,5.1031670570373535,4.5336737632751465
1992,4.664128303527832,4.119971752166748,4.037697792053223,3.3031246662139893,3.9166245460510254,0,4.01332426071167,4.32041597366333,5.373919486999512,4.335115432739258
1993,3.751124382019043,3.2664575576782227,2.8477163314819336,2.7313151359558105,3.591097354888916,0,3.2926132678985596,3.497993230819702,3.7110259532928467,3.1437880992889404
1994,4.785284996032715,3.6997246742248535,3.955360174179077,3.3732848167419434,4.008481979370117,0,3.698298215866089,3.7372539043426514,4.386775970458984,3.849095582962036
1995,4.225696563720703,4.178735256195068,3.771751880645752,3.3940165042877197,4.123788356781006,0,4.202159881591797,4.619711875915527,4.273110866546631,4.26788854598999
1996,4.964641094207764,4.276118755340576,3.635014057159424,3.4141528606414795,3.8365275859832764,0,3.8104424476623535,4.4556884765625,4.775345802307129,4.297560214996338
1997,4.5294904708862305,4.626826286315918,4.303471088409424,3.6476283073425293,4.365968227386475,0,4.510360240936279,5.047148704528809,5.211090087890625,4.755430221557617
1998,4.048893928527832,4.161462306976318,3.7258708477020264,3.7534003257751465,3.8957276344299316,0,3.5878398418426514,3.7207462787628174,4.3200907707214355,3.8273322582244873
1999,3.447289228439331,4.42465877532959,3.543034553527832,3.5578110218048096,4.023271560668945,0,3.050929546356201,3.3095366954803467,4.073191165924072,4.05662202835083
2000,3.1224138736724854,3.849501132965088,3.5961337089538574,3.1974599361419678,4.10116720199585,0,3.172328233718872,3.321474313735962,3.386733055114746,3.0654823780059814
2001,3.7135910987854004,3.891193151473999,3.5306756496429443,3.6554932594299316,3.5253913402557373,0,3.5101354122161865,3.9422993659973145,4.288454532623291,3.9491119384765625
2002,4.108543395996094,4.168822765350342,3.7779383659362793,3.547865867614746,4.0301737785339355,0,3.2973804473876953,4.422651767730713,3.921083927154541,4.431178569793701
2003,3.928398370742798,4.015826225280762,3.8199715614318848,3.8709280490875244,4.261517524719238,0,3.826078176498413,4.231344223022461,4.287953853607178,4.760630130767822
2004,5.32004976272583,4.576184272766113,4.559256553649902,3.894521474838257,4.529702186584473,0,4.1569342613220215,4.580816745758057,3.969597339630127,4.466858386993408
2005,3.4566967487335205,4.589078426361084,4.4451751708984375,3.862386703491211,3.944700002670288,0,3.693380832672119,4.504637241363525,4.44258451461792,4.540236949920654
2006,4.270735263824463,4.5950469970703125,4.1204328536987305,3.7714645862579346,3.7344772815704346,0,3.788421392440796,4.129001617431641,4.3811163902282715,4.516317367553711
2007,3.9018619060516357,4.506502151489258,4.15971565246582,3.447913408279419,4.955065727233887,0,3.8666183948516846,4.408483028411865,3.9873263835906982,4.45552921295166
2008,4.133731365203857,4.204342842102051,3.6832845211029053,3.625173330307007,3.5063517093658447,0,3.6242449283599854,4.139547348022461,3.9728360176086426,4.0534281730651855
2009,3.8244190216064453,4.175355434417725,3.944869041442871,3.5479047298431396,3.8166515827178955,0,3.543207883834839,4.487035274505615,4.915973663330078,4.678537368774414
2010,4.421174049377441,4.043233871459961,3.864659547805786,3.1006033420562744,3.776442289352417,0,3.507200241088867,3.985527276992798,3.973280668258667,3.991253614425659
2011,4.0100555419921875,3.515824794769287,3.4488322734832764,3.1952786445617676,3.9207112789154053,0,3.4574174880981445,3.9325666427612305,3.4656639099121094,3.525468587875366
2012,4.85056209564209,4.247601509094238,3.8724663257598877,3.688232421875,3.5995802879333496,0,3.3315963745117188,4.509869575500488,4.679713726043701,4.760759353637695
2013,4.621311187744141,4.664939880371094,4.232787132263184,3.696850061416626,3.4523487091064453,0,3.8268916606903076,4.389558792114258,4.602509021759033,4.496292591094971
2014,4.303465843200684,4.208092212677002,4.300783157348633,3.607503652572632,3.8433847427368164,0,3.9003400802612305,4.3311028480529785,4.341216564178467,4.944500923156738
2015,3.6099369525909424,4.156136989593506,4.7688703536987305,3.3968498706817627,3.899691581726074,-9999,3.4569613933563232,4.547558784484863,3.5831613540649414,4.036316394805908
2016,4.333978652954102,4.740884780883789,4.090810775756836,3.6764168739318848,3.9243428707122803,0,3.7502925395965576,4.4926605224609375,4.575389862060547,5.015835285186768
2017,3.7078824043273926,3.8025460243225098,4.013590335845947,3.3087518215179443,3.9104294776916504,0,3.1328604221343994,4.576498031616211,4.112443923950195,4.733636379241943
2018,4.444655418395996,4.291236877441406,4.217799663543701,3.36087703704834,3.9403483867645264,0,3.8413403034210205,4.877676963806152,4.301795482635498,5.1574482917785645
2019,4.086081027984619,4.598134994506836,4.169949054718018,3.7347569465637207,3.8739233016967773,0,4.065483570098877,5.300127983093262,4.286831855773926,5.000797271728516
2020,3.4596643447875977,4.606943130493164,4.01442813873291,3.161546468734741,3.7460153102874756,0,3.666872978210449,3.8698360919952393,4.977810382843018,4.197330474853516
2021,4.062687873840332,4.143001556396484,4.350705146789551,3.568843364715576,4.03714656829834,0,3.4520695209503174,4.769213676452637,3.9814984798431396,4.2971038818359375
2022,4.056987762451172,4.597805976867676,4.098573207855225,3.4518582820892334,4.207359313964844,0,3.280153274536133,4.469991207122803,4.46140718460083,4.387531280517578
2023,0,3.2609493732452393,0,0,0,0,0,2.657386302947998