year,DtanKHA_03_,DtanKHA_06_,DtanKHA_09_,DtanKHA_12_,DtanKHA_14_,DtanKHA_15_,DtanKHA_16_,DtanKHA_17_,DtanKHA_19_,DtanKHA_20_
1680,0,9.61250114440918
1681,0,10.462907791137695
1682,0,11.05578899383545
1683,0,11.809792518615723
1684,0,12.639358520507812
1685,0,13.020479202270508
1686,0,13.761983871459961
1687,0,13.831482887268066,14.45931339263916
1688,0,11.81606388092041,14.233638763427734
1689,0,11.814337730407715,14.299373626708984
1690,0,11.978360176086426,15.036983489990234
1691,0,12.615564346313477,13.131782531738281
1692,0,13.883642196655273,15.403037071228027
1693,0,12.148213386535645,14.80595874786377
1694,0,12.0594482421875,13.323812484741211
1695,0,13.814759254455566,13.968961715698242
1696,0,13.176066398620605,14.421001434326172
1697,0,14.056965827941895,15.58165454864502
1698,0,13.47415542602539,16.648265838623047
1699,0,12.552162170410156,15.528716087341309
1700,0,13.14596939086914,14.649813652038574
1701,0,12.259818077087402,14.15485954284668
1702,0,13.5141019821167,14.825726509094238
1703,0,12.543108940124512,14.584540367126465
1704,0,11.82922649383545,14.629372596740723
1705,0,13.81497859954834,13.784210205078125
1706,0,13.761612892150879,14.662306785583496
1707,0,12.196292877197266,15.001392364501953
1708,0,10.906161308288574,15.210641860961914
1709,0,13.661459922790527,14.447429656982422,0,15.802271842956543
1710,0,12.565048217773438,14.55398178100586,0,15.693609237670898
1711,0,12.533957481384277,15.71331787109375,0,14.851325035095215
1712,0,15.75607967376709,17.15951919555664,0,16.21413803100586
1713,0,13.926302909851074,15.30196475982666,0,15.23831558227539,16.344928741455078
1714,0,12.849571228027344,14.3554105758667,0,16.367286682128906,17.431394577026367
1715,0,14.559958457946777,13.965826988220215,0,15.56192398071289,17.22165870666504
1716,0,14.427953720092773,14.74544620513916,0,16.698747634887695,17.19688606262207
1717,0,15.672920227050781,13.159146308898926,0,15.934549331665039,17.882219314575195
1718,0,15.602797508239746,16.504993438720703,0,16.183740615844727,17.877811431884766
1719,0,14.487174034118652,16.541006088256836,0,15.878864288330078,16.587724685668945,0,0,0,12.0894775390625
1720,0,12.692200660705566,14.97136402130127,0,15.253870964050293,14.854254722595215,0,0,0,14.563963890075684
1721,0,14.435245513916016,15.099122047424316,0,14.154828071594238,15.383119583129883,0,0,0,14.78458023071289
1722,0,14.903265953063965,15.328506469726562,0,16.23657989501953,14.72429370880127,0,0,0,16.014753341674805
1723,0,13.91850757598877,16.54805564880371,0,15.971922874450684,15.813554763793945,0,0,0,17.10828399658203
1724,0,12.339422225952148,16.242416381835938,0,15.391124725341797,14.99496841430664,0,0,0,14.284444808959961
1725,0,13.810429573059082,16.284730911254883,0,14.935139656066895,15.531947135925293,0,0,0,14.143583297729492
1726,0,13.729387283325195,16.44300079345703,0,15.589507102966309,16.75179100036621,0,0,0,14.579224586486816
1727,0,13.948257446289062,15.721948623657227,0,16.343793869018555,15.287557601928711,0,0,0,14.343634605407715
1728,0,13.532153129577637,16.164579391479492,0,15.899287223815918,13.98375129699707,0,0,0,14.523017883300781
1729,0,15.746335983276367,17.950498580932617,0,16.96768569946289,15.293261528015137,0,0,0,14.085447311401367
1730,0,15.271233558654785,18.137414932250977,0,15.246896743774414,14.78481674194336,0,0,0,14.03443717956543
1731,0,18.382184982299805,21.39010238647461,0,17.69371223449707,19.876264572143555,0,0,0,17.74614906311035
1732,0,16.969871520996094,19.326879501342773,0,16.50470542907715,19.511363983154297,0,0,0,16.693254470825195
1733,0,14.8031005859375,19.644399642944336,0,16.474008560180664,17.27825164794922,0,0,0,15.574572563171387
1734,0,14.486351013183594,17.67009925842285,0,15.255373001098633,15.247843742370605,0,0,0,12.867989540100098
1735,0,14.32508659362793,17.7344970703125,0,16.20557403564453,18.15630340576172,0,0,0,15.160445213317871
1736,0,15.45590877532959,20.136554718017578,0,16.08710289001465,17.54298973083496,0,0,0,15.278278350830078
1737,0,15.337339401245117,19.139272689819336,0,17.024385452270508,15.337089538574219,0,0,0,14.185558319091797
1738,0,17.250417709350586,21.432153701782227,0,16.233402252197266,20.75539207458496,0,0,0,15.779289245605469
1739,0,16.66794204711914,20.763978958129883,0,16.483278274536133,16.135379791259766,0,0,0,14.04459285736084
1740,0,16.14426612854004,18.997129440307617,0,16.939733505249023,16.964977264404297,0,0,0,14.527052879333496
1741,0,17.372032165527344,21.575908660888672,0,17.543188095092773,21.61326789855957,0,0,0,14.741450309753418
1742,0,16.38648223876953,20.86821746826172,0,15.520106315612793,20.831174850463867,0,0,0,16.761150360107422
1743,0,16.82828140258789,19.480009078979492,0,17.365447998046875,15.685253143310547,0,0,0,12.874326705932617
1744,0,14.581436157226562,16.2750186920166,0,17.23330307006836,13.479016304016113,7.657955169677734,0,0,11.237410545349121
1745,0,16.376495361328125,15.261662483215332,0,18.224754333496094,16.424100875854492,0,0,0,15.88058853149414
1746,15.082450866699219,18.298583984375,16.681324005126953,0,17.610515594482422,16.83159065246582,19.9220027923584,0,0,14.009535789489746
1747,15.28646469116211,14.648865699768066,16.442615509033203,0,17.92677116394043,13.60358715057373,16.146175384521484,0,0,12.809247970581055
1748,16.206735610961914,18.672836303710938,15.162782669067383,0,17.5974063873291,20.25249481201172,17.351058959960938,0,0,14.404847145080566
1749,14.275206565856934,17.749948501586914,16.7661190032959,0,16.8323974609375,20.238239288330078,16.915771484375,0,0,13.391525268554688
1750,15.621173858642578,15.063260078430176,14.3543062210083,0,17.52241325378418,18.021299362182617,15.114635467529297,0,0,12.064746856689453
1751,14.769293785095215,16.67701530456543,17.52091407775879,0,17.327394485473633,20.313215255737305,16.375858306884766,0,0,13.734630584716797
1752,14.247745513916016,15.675652503967285,17.25057601928711,0,17.24095344543457,17.303443908691406,15.883867263793945,0,0,11.590396881103516
1753,15.447641372680664,14.553176879882812,15.106616973876953,0,18.138673782348633,17.50443458557129,14.603034973144531,0,0,13.665973663330078
1754,16.248355865478516,18.70939064025879,18.96165657043457,0,18.074003219604492,22.91567611694336,16.703102111816406,0,0,16.106996536254883
1755,15.316654205322266,19.04892349243164,19.70334815979004,0,17.7122859954834,23.109577178955078,17.830947875976562,0,0,15.163741111755371
1756,17.17237091064453,21.13483238220215,18.94439125061035,0,18.45722007751465,21.800519943237305,17.66700553894043,0,0,14.260096549987793
1757,14.738053321838379,17.243324279785156,16.108781814575195,0,16.84814453125,15.376940727233887,14.005125045776367,0,0,11.064507484436035
1758,14.072100639343262,21.075788497924805,17.905935287475586,0,15.980186462402344,17.726110458374023,14.84133243560791,0,0,12.813477516174316
1759,15.446672439575195,15.365901947021484,15.628239631652832,0,16.560279846191406,16.690706253051758,14.641134262084961,0,0,13.232699394226074
1760,17.599769592285156,16.824481964111328,17.751480102539062,0,16.747161865234375,20.716529846191406,16.47621726989746,0,0,16.177501678466797
1761,17.650325775146484,16.766647338867188,16.70806121826172,9.753506660461426,18.252750396728516,17.54836654663086,15.75760555267334,0,0,12.781489372253418
1762,15.897581100463867,16.588529586791992,17.22686767578125,11.181326866149902,17.35336685180664,17.104469299316406,16.592548370361328,0,0,12.923868179321289
1763,14.315896034240723,15.621861457824707,14.608720779418945,11.45162582397461,17.878463745117188,18.057857513427734,16.89826202392578,0,0,10.990059852600098
1764,16.633365631103516,20.143054962158203,16.599462509155273,14.735638618469238,17.837554931640625,21.945688247680664,18.48297119140625,0,0,14.6886625289917
1765,16.64620590209961,16.871660232543945,17.185800552368164,13.960973739624023,18.655057907104492,17.518779754638672,15.191167831420898,0,0,12.615961074829102
1766,13.214991569519043,17.095186233520508,15.80980396270752,11.534696578979492,16.9727840423584,18.760873794555664,14.945966720581055,0,0,11.346721649169922
1767,15.296854972839355,18.232723236083984,18.3704776763916,15.824286460876465,17.81081771850586,18.114408493041992,16.22488784790039,0,0,11.160764694213867
1768,15.218100547790527,18.34065055847168,17.601778030395508,14.796930313110352,17.548959732055664,18.60318946838379,16.708053588867188,0,0,13.01777172088623
1769,16.418392181396484,19.13395881652832,17.395450592041016,15.327549934387207,18.027101516723633,18.377206802368164,15.330842971801758,0,0,13.274953842163086
1770,16.417373657226562,16.034109115600586,16.42009925842285,14.2709321975708,17.339214324951172,18.058927536010742,15.12940788269043,0,0,13.510695457458496
1771,18.762664794921875,21.170442581176758,19.221080780029297,16.287128448486328,18.07876968383789,22.69243621826172,17.812868118286133,0,0,18.193584442138672
1772,18.744535446166992,20.604061126708984,19.32614517211914,16.45292854309082,18.79343032836914,22.254638671875,17.41783332824707,0,0,15.228939056396484
1773,20.04474639892578,21.260156631469727,20.64297866821289,17.021583557128906,20.169328689575195,23.0249080657959,18.72447967529297,0,0,18.12141990661621
1774,16.886335372924805,19.826984405517578,20.292001724243164,15.999120712280273,18.393260955810547,21.370765686035156,16.726465225219727,0,0,14.307336807250977
1775,15.243765830993652,18.574899673461914,16.94960594177246,15.153706550598145,17.69688606262207,19.311805725097656,14.258339881896973,0,0,11.495611190795898
1776,17.24912452697754,19.324289321899414,17.571990966796875,14.929747581481934,18.147621154785156,19.690383911132812,15.071067810058594,0,0,11.787317276000977
1777,16.63762855529785,19.437644958496094,18.24224281311035,16.281017303466797,17.96439552307129,18.835878372192383,15.432703971862793,0,0,11.720568656921387
1778,17.474340438842773,19.866291046142578,17.6536808013916,15.23845386505127,17.014751434326172,16.985597610473633,14.09837532043457,0,0,12.113112449645996
1779,18.868106842041016,20.601154327392578,19.691478729248047,16.226083755493164,19.17822265625,18.868236541748047,15.786004066467285,0,0,14.29337215423584
1780,19.255638122558594,22.07441520690918,20.104074478149414,17.15955352783203,20.15616226196289,20.384674072265625,17.45134735107422,0,0,15.189675331115723
1781,18.95235252380371,21.208276748657227,19.869483947753906,16.096662521362305,18.638525009155273,19.373292922973633,16.604267120361328,0,0,16.893014907836914
1782,16.674610137939453,20.302581787109375,18.201154708862305,15.157224655151367,17.757389068603516,18.20505142211914,15.540375709533691,0,0,16.48691177368164
1783,19.568866729736328,23.09325408935547,22.062856674194336,18.496009826660156,20.0390625,22.42896270751953,18.878725051879883,0,0,18.42593765258789
1784,15.509817123413086,19.614757537841797,17.743316650390625,15.69529914855957,19.546972274780273,16.535459518432617,15.524650573730469,0,0,14.069586753845215
1785,15.023028373718262,20.764480590820312,17.253171920776367,15.874808311462402,18.88472557067871,16.594619750976562,15.276573181152344,0,0,14.189742088317871
1786,17.9252872467041,20.807462692260742,19.13266372680664,18.06869888305664,19.49070167541504,18.976360321044922,17.054340362548828,0,0,16.79500961303711
1787,16.6810245513916,20.707416534423828,22.16576385498047,18.108131408691406,18.75496482849121,19.792631149291992,16.736854553222656,0,0,16.70023536682129
1788,16.920835494995117,21.66890525817871,21.893539428710938,18.015470504760742,18.425212860107422,20.28594398498535,17.153766632080078,0,0,18.386138916015625
1789,15.674341201782227,19.715084075927734,21.8583984375,17.049327850341797,18.439592361450195,18.794414520263672,15.79507064819336,0,0,16.034345626831055
1790,16.250045776367188,20.45564079284668,21.80344009399414,16.17073631286621,0,18.867828369140625,16.028573989868164,0,0,15.26525592803955
1791,16.579357147216797,18.059898376464844,20.654109954833984,15.419109344482422,0,17.081989288330078,14.938244819641113,0,0,14.046368598937988
1792,15.628314971923828,19.009811401367188,19.580875396728516,15.466285705566406,0,17.452863693237305,16.89851188659668,0,13.510645866394043,15.130629539489746
1793,15.437246322631836,19.28458595275879,19.577363967895508,16.816930770874023,0,16.06849479675293,15.660544395446777,0,14.594128608703613,15.088369369506836
1794,16.613269805908203,18.886037826538086,19.015338897705078,17.41070556640625,17.98175048828125,15.573769569396973,16.8612060546875,0,15.020369529724121,14.92365550994873
1795,16.581954956054688,19.83930015563965,19.462923049926758,17.619142532348633,19.6468563079834,20.841148376464844,18.93796157836914,0,14.859235763549805,17.05198097229004
1796,17.435041427612305,20.605606079101562,20.500829696655273,19.725862503051758,22.979360580444336,19.342525482177734,18.538740158081055,0,16.462627410888672,16.018035888671875
1797,17.378311157226562,20.698589324951172,19.98166275024414,20.093400955200195,24.440309524536133,18.692468643188477,19.897085189819336,0,15.853407859802246,18.3492431640625
1798,18.097248077392578,21.819833755493164,19.90152931213379,20.20599937438965,23.198396682739258,21.417442321777344,18.53199005126953,0,15.630516052246094,17.898019790649414
1799,17.317113876342773,21.591691970825195,21.06594467163086,20.466522216796875,24.61368751525879,21.45985984802246,25.96236228942871,0,16.38047981262207,19.374670028686523
1800,16.7188663482666,18.32520866394043,19.288209915161133,18.510276794433594,25.38739013671875,20.83635902404785,0,0,13.164618492126465,16.547706604003906
1801,17.54323387145996,21.25638198852539,19.611310958862305,18.48307228088379,23.74609375,19.5029354095459,0,0,13.839101791381836,16.063024520874023
1802,17.88666534423828,21.44561004638672,20.17606544494629,19.907958984375,23.704227447509766,21.94013786315918,0,0,15.170941352844238,17.47412872314453
1803,17.26066017150879,19.319364547729492,19.31827163696289,17.939817428588867,21.059106826782227,18.920625686645508,0,0,14.51939868927002,16.422632217407227
1804,15.33144760131836,18.59857749938965,18.550569534301758,19.26127815246582,19.604101181030273,18.96681022644043,0,0,14.265628814697266,14.977672576904297
1805,17.60055160522461,20.633466720581055,19.218809127807617,19.06689453125,21.353130340576172,20.283510208129883,0,0,15.641315460205078,16.854496002197266
1806,15.42326831817627,19.934911727905273,20.302120208740234,19.80036735534668,21.395143508911133,19.601959228515625,0,0,15.084362030029297,15.646327018737793
1807,16.34907341003418,21.625255584716797,18.864999771118164,20.996517181396484,18.131425857543945,22.487009048461914,0,0,16.5146541595459,17.07649803161621
1808,16.015235900878906,21.26786994934082,21.406946182250977,18.721012115478516,20.884620666503906,20.080154418945312,0,0,16.708696365356445,15.466960906982422
1809,18.432485580444336,23.725027084350586,19.383419036865234,22.047950744628906,20.72440528869629,16.659048080444336,0,0,16.358564376831055,19.088947296142578
1810,18.750822067260742,21.231576919555664,20.925683975219727,20.19355010986328,20.644853591918945,21.996246337890625,0,0,13.867093086242676,17.021812438964844
1811,16.53957748413086,20.5776309967041,22.798337936401367,15.376729965209961,20.059032440185547,20.110273361206055,13.60827922821045,0,13.692265510559082,16.007265090942383
1812,20.372283935546875,24.940143585205078,19.806350708007812,15.413602828979492,19.193334579467773,19.504531860351562,23.851503372192383,0,16.40700912475586,18.767894744873047
1813,20.558795928955078,26.201515197753906,22.021556854248047,16.695476531982422,21.307266235351562,20.86962890625,24.950965881347656,0,16.430936813354492,19.911903381347656
1814,19.879152297973633,23.950044631958008,21.42737579345703,16.178834915161133,22.195356369018555,20.147855758666992,22.595693588256836,0,15.413942337036133,17.718006134033203
1815,18.604381561279297,22.886381149291992,20.424654006958008,16.512426376342773,21.990373611450195,19.172903060913086,23.178741455078125,0,17.659109115600586,18.64568328857422
1816,18.224294662475586,21.74709129333496,19.596555709838867,14.995643615722656,19.32814598083496,22.441818237304688,20.90671730041504,0,14.736067771911621,15.845742225646973
1817,18.439157485961914,23.151527404785156,20.0766544342041,14.41998291015625,20.368446350097656,21.114614486694336,21.21425437927246,0,14.880661010742188,17.365415573120117
1818,17.020469665527344,19.934093475341797,19.35669708251953,16.604040145874023,20.120935440063477,20.93018913269043,22.338857650756836,0,15.214298248291016,15.636200904846191
1819,17.950042724609375,21.495853424072266,18.976051330566406,21.52748680114746,19.838167190551758,20.482376098632812,23.097084045410156,0,14.431995391845703,17.777814865112305
1820,18.457599639892578,23.6343994140625,20.736183166503906,18.845075607299805,20.96116828918457,20.2976016998291,22.957948684692383,0,15.736846923828125,17.80984115600586
1821,17.71371078491211,21.07809066772461,21.124513626098633,20.238862991333008,20.981529235839844,22.71660804748535,23.915559768676758,0,14.415138244628906,15.619304656982422
1822,19.416540145874023,20.969127655029297,21.1649112701416,20.025794982910156,20.5286808013916,22.94309425354004,22.695035934448242,0,14.49767017364502,14.276456832885742
1823,19.323444366455078,20.153793334960938,20.328561782836914,17.425193786621094,17.76015281677246,22.448904037475586,24.160804748535156,0,13.16300106048584,14.585250854492188
1824,20.7689151763916,23.02817153930664,21.67609977722168,16.761423110961914,21.862079620361328,20.180700302124023,18.460041046142578,0,15.04560375213623,17.968624114990234
1825,22.08123207092285,25.566070556640625,0,16.14735984802246,18.323026657104492,23.38683319091797,21.66510009765625,0,15.942432403564453,19.79549217224121
1826,21.671192169189453,24.762516021728516,22.296659469604492,21.68462371826172,20.222068786621094,22.228614807128906,24.10788917541504,0,15.028715133666992,18.512510299682617
1827,21.757709503173828,24.368865966796875,22.866703033447266,20.306991577148438,20.829797744750977,22.627073287963867,22.448781967163086,0,16.74127197265625,18.839815139770508
1828,16.61560821533203,18.37862205505371,19.87588119506836,20.001941680908203,18.58538818359375,24.849557876586914,24.32816505432129,0,15.965174674987793,15.320070266723633
1829,16.581449508666992,20.42536163330078,21.260589599609375,21.081682205200195,19.7044734954834,23.534780502319336,26.733346939086914,0,15.937206268310547,16.519163131713867
1830,16.866069793701172,18.892271041870117,20.745941162109375,19.483434677124023,18.35429573059082,36.30619430541992,25.614093780517578,0,15.07021427154541,16.629945755004883
1831,18.090084075927734,19.653850555419922,21.292377471923828,20.090124130249023,19.434553146362305,22.992595672607422,23.878765106201172,0,16.021652221679688,15.97740364074707
1832,19.501216888427734,22.67504119873047,22.371061325073242,20.885711669921875,19.944812774658203,25.433576583862305,28.820079803466797,0,16.339920043945312,18.082233428955078
1833,20.930973052978516,22.742624282836914,19.974660873413086,21.15093994140625,18.10247230529785,0,0,0,17.232595443725586,18.740673065185547
1834,18.736297607421875,20.52602767944336,20.22186279296875,19.26483154296875,19.480527877807617,23.35897445678711,0,8.252215385437012,15.94675350189209,15.649782180786133
1835,18.615095138549805,20.538789749145508,20.331331253051758,18.74998664855957,19.973695755004883,24.416309356689453,34.98075485229492,9.965312004089355,16.366086959838867,16.788021087646484
1836,18.579456329345703,19.71976089477539,19.38052749633789,19.210405349731445,17.93703842163086,24.993022918701172,0,11.026266098022461,16.00459098815918,17.008304595947266
1837,22.139240264892578,25.394210815429688,21.083507537841797,22.6745548248291,19.93802261352539,28.135498046875,31.87188720703125,10.54000473022461,18.239404678344727,20.385704040527344
1838,20.31968116760254,23.540599822998047,19.963117599487305,20.08291244506836,21.56592559814453,26.25798797607422,20.028886795043945,9.96728801727295,15.472254753112793,16.639781951904297
1839,21.21794319152832,21.621383666992188,20.671388626098633,21.31300926208496,21.73990249633789,28.246164321899414,14.023063659667969,11.627556800842285,17.582563400268555,18.816204071044922
1840,19.694124221801758,20.144651412963867,20.50700569152832,20.746963500976562,20.24237823486328,27.109817504882812,20.584102630615234,12.103652954101562,17.25663185119629,16.96723747253418
1841,18.39148712158203,18.02092170715332,20.756948471069336,20.97504997253418,21.773630142211914,26.806427001953125,24.12482452392578,11.10244369506836,0,14.605545043945312
1842,18.984880447387695,19.371700286865234,21.833450317382812,22.421871185302734,20.453554153442383,25.19310188293457,26.535099029541016,11.262628555297852,0,19.282522201538086
1843,17.145910263061523,21.69320297241211,20.686851501464844,21.282604217529297,19.284372329711914,0,0,11.41024398803711,0,17.024587631225586
1844,18.77074432373047,22.562850952148438,21.73343276977539,21.75310516357422,21.84625816345215,0,25.061582565307617,10.820725440979004,0,18.138158798217773
1845,18.045665740966797,21.69010353088379,20.41256332397461,20.672456741333008,20.243896484375,0,25.430007934570312,10.159873008728027,0,15.976177215576172
1846,18.01226234436035,18.395898818969727,21.167030334472656,20.61203384399414,21.52635383605957,0,27.15321159362793,10.202256202697754,0,16.51365852355957
1847,21.34491729736328,22.671480178833008,22.03285026550293,22.06330680847168,21.305328369140625,0,26.05292320251465,11.738656997680664,0,20.13422966003418
1848,18.9525089263916,17.51189613342285,21.794479370117188,19.782617568969727,20.883338928222656,0,23.49552345275879,12.746321678161621,0,16.854045867919922
1849,22.030181884765625,21.46407127380371,19.525510787963867,14.548741340637207,21.556198120117188,23.66668701171875,22.228639602661133,13.674092292785645,0,18.53171730041504
1850,20.345972061157227,21.15530014038086,23.156660079956055,17.3747615814209,20.320262908935547,24.403934478759766,24.89008903503418,14.547730445861816,0,18.004545211791992
1851,20.63679313659668,20.284069061279297,20.757661819458008,18.535165786743164,21.216867446899414,22.048669815063477,24.20759391784668,14.249894142150879,0,16.8372802734375
1852,19.38814353942871,18.493026733398438,21.051183700561523,15.89570426940918,20.10272789001465,17.480772018432617,23.952917098999023,12.732397079467773,0,15.588859558105469
1853,17.466630935668945,16.240739822387695,21.054420471191406,19.58165740966797,20.739707946777344,15.66878604888916,25.173477172851562,12.402763366699219,0,15.17978572845459
1854,18.94542121887207,18.971675872802734,19.075054168701172,20.999950408935547,19.427385330200195,16.50311851501465,25.898481369018555,14.92271614074707,17.49441909790039,17.41656494140625
1855,15.913505554199219,19.0692195892334,19.952760696411133,20.94344139099121,19.022048950195312,16.85416030883789,25.920278549194336,13.145222663879395,15.496240615844727,16.494539260864258
1856,16.63996124267578,17.23866081237793,20.56580924987793,18.656795501708984,20.02421760559082,14.13695240020752,25.1887264251709,13.487931251525879,18.657194137573242,14.920844078063965
1857,18.948165893554688,19.58884048461914,19.865562438964844,22.545692443847656,21.210634231567383,16.17023468017578,23.756336212158203,14.786258697509766,0,16.856882095336914
1858,20.175308227539062,21.537580490112305,22.13836097717285,21.92009735107422,22.78934097290039,17.92241096496582,26.500530242919922,14.8487548828125,19.347200393676758,19.329605102539062
1859,17.44283103942871,22.651473999023438,20.89161491394043,18.594823837280273,18.911346435546875,17.981386184692383,19.276397705078125,13.959050178527832,17.451961517333984,18.44389533996582
1860,17.738807678222656,20.77121353149414,22.221765518188477,19.41429901123047,19.605634689331055,15.300416946411133,20.239078521728516,15.081732749938965,19.112112045288086,17.15814971923828
1861,17.768224716186523,21.340713500976562,20.751461029052734,21.020280838012695,21.48185157775879,17.59079933166504,20.263885498046875,15.094450950622559,19.295806884765625,19.525184631347656
1862,18.492534637451172,21.250568389892578,21.624399185180664,21.181119918823242,19.590293884277344,18.164886474609375,22.304536819458008,16.23491096496582,19.91169548034668,22.72286033630371
1863,16.374805450439453,18.31319236755371,18.89495849609375,18.720853805541992,19.1839656829834,14.282444953918457,22.14788818359375,15.619235038757324,17.8767147064209,21.82712173461914
1864,19.6983699798584,20.23027801513672,20.285818099975586,20.781333923339844,20.178836822509766,15.785039901733398,0,15.884550094604492,18.854999542236328,20.882122039794922
1865,18.479736328125,18.04191017150879,21.400846481323242,18.012664794921875,17.91623306274414,13.313508987426758,16.940170288085938,16.239503860473633,18.57244300842285,20.829191207885742
1866,20.540193557739258,21.265836715698242,22.586986541748047,21.23403549194336,20.699907302856445,18.43681526184082,18.839136123657227,16.771862030029297,20.76714515686035,21.958131790161133
1867,21.007871627807617,22.531822204589844,23.22088623046875,19.00885009765625,20.736974716186523,18.848438262939453,17.31610107421875,16.14439582824707,20.598217010498047,17.35565757751465
1868,19.587997436523438,18.669652938842773,22.259933471679688,19.22077751159668,19.954097747802734,17.107067108154297,17.830549240112305,16.938426971435547,19.979793548583984,19.67278480529785
1869,22.01626205444336,25.81314468383789,21.95514678955078,20.883548736572266,21.897737503051758,0,21.709068298339844,19.03557777404785,21.798425674438477,22.601058959960938
1870,17.417543411254883,22.43410873413086,22.17302131652832,18.32666778564453,19.72534942626953,21.20276641845703,18.216819763183594,16.813161849975586,17.2018985748291,19.35379409790039
1871,18.767492294311523,19.38463020324707,22.417943954467773,20.720413208007812,20.42972183227539,19.659048080444336,18.021947860717773,16.76125144958496,18.88241195678711,19.670913696289062
1872,18.24098014831543,19.516056060791016,21.5379695892334,18.804676055908203,18.325532913208008,18.39435386657715,16.62901496887207,16.71697998046875,19.398447036743164,20.00101089477539
1873,18.53666877746582,20.58447265625,24.321142196655273,19.673906326293945,19.734291076660156,20.328933715820312,17.129261016845703,17.596487045288086,20.328744888305664,19.521350860595703
1874,22.72166633605957,21.557966232299805,25.244037628173828,18.2370548248291,20.63300895690918,20.8765811920166,18.312715530395508,18.32560157775879,21.13190269470215,21.186878204345703
1875,20.83184051513672,19.796545028686523,23.109294891357422,17.1243839263916,22.35881996154785,17.0754337310791,18.08094024658203,17.79271697998047,21.60655403137207,17.977903366088867
1876,20.17608070373535,20.716102600097656,22.431976318359375,16.851219177246094,21.539813995361328,20.15962028503418,17.505285263061523,16.82927894592285,20.55792236328125,19.90861701965332
1877,22.972671508789062,20.491405487060547,22.063627243041992,15.55290412902832,20.717439651489258,17.863082885742188,18.04389762878418,17.232515335083008,21.11141014099121,17.277904510498047
1878,12.966678619384766,16.83013153076172,21.78299331665039,15.507519721984863,21.399152755737305,16.81829071044922,18.997838973999023,15.991033554077148,22.649738311767578,16.662641525268555
1879,22.40882110595703,20.432546615600586,21.231719970703125,17.03271484375,20.918554306030273,19.11945152282715,18.61821746826172,18.2657470703125,24.998619079589844,16.850296020507812
1880,16.721111297607422,18.54715347290039,23.478588104248047,18.415746688842773,20.255361557006836,15.816880226135254,18.978548049926758,16.71550750732422,22.957624435424805,12.437496185302734
1881,16.90715980529785,19.96040916442871,21.404443740844727,18.327190399169922,20.01850700378418,17.477041244506836,17.151519775390625,16.480865478515625,25.79343032836914,12.840204238891602
1882,18.03249168395996,20.49883460998535,23.292409896850586,17.599210739135742,23.18865203857422,18.76030921936035,20.248552322387695,17.446504592895508,26.571813583374023,14.70885181427002
1883,17.153831481933594,21.124500274658203,22.259862899780273,19.825767517089844,21.232465744018555,17.76475715637207,19.168739318847656,16.516387939453125,27.68610954284668,13.508147239685059
1884,21.351558685302734,25.401334762573242,21.647876739501953,22.610877990722656,17.887283325195312,23.124528884887695,20.409330368041992,17.48551368713379,27.3138484954834,19.961267471313477
1885,22.79964256286621,26.356956481933594,20.301244735717773,0,16.501665115356445,23.071664810180664,21.731237411499023,17.386030197143555,25.930309295654297,20.617511749267578
1886,20.078310012817383,24.965015411376953,22.486576080322266,0,21.46014404296875,21.820207595825195,19.395366668701172,16.640031814575195,27.040281295776367,16.940860748291016
1887,20.788053512573242,20.722686767578125,23.441757202148438,0,20.31989860534668,19.87686538696289,19.9222354888916,15.776573181152344,26.76934242248535,14.099092483520508
1888,19.452632904052734,23.284107208251953,21.319061279296875,0,22.42321014404297,18.759645462036133,21.04678726196289,16.018327713012695,26.51876449584961,12.896331787109375
1889,20.867151260375977,23.779396057128906,0,0,20.424375534057617,21.3328914642334,19.781789779663086,17.436071395874023,26.571760177612305,13.885330200195312
1890,20.168087005615234,22.23251724243164,0,0,23.101076126098633,21.015827178955078,20.56568717956543,17.126495361328125,28.620534896850586,15.241275787353516
1891,19.2119197845459,21.00252342224121,0,0,20.826446533203125,19.94589614868164,19.013620376586914,17.396202087402344,28.662511825561523,12.60240650177002
1892,16.140281677246094,18.583362579345703,0,0,18.417089462280273,17.391565322875977,17.7335147857666,15.990535736083984,0,12.163466453552246
1893,17.463029861450195,18.7179012298584,0,0,20.531099319458008,17.18145179748535,16.524433135986328,16.214250564575195,21.813064575195312,13.281752586364746
1894,16.167455673217773,17.14439582824707,0,0,20.661405563354492,14.92431354522705,17.15618324279785,15.93648624420166,19.118654251098633,12.657990455627441
1895,19.731884002685547,20.344409942626953,0,0,21.285335540771484,20.22007942199707,19.23418617248535,17.370689392089844,20.604257583618164,14.218146324157715
1896,17.274700164794922,19.59604263305664,0,0,21.113372802734375,17.532894134521484,19.14213752746582,16.663164138793945,26.02536392211914,14.9722900390625
1897,15.096182823181152,18.913211822509766,0,0,22.510173797607422,15.904487609863281,20.275432586669922,16.145732879638672,26.57465171813965,12.972579002380371
1898,19.95711898803711,20.91977310180664,0,0,22.157434463500977,18.91001319885254,19.38005256652832,18.402679443359375,25.879560470581055,20.7958927154541
1899,18.67156410217285,19.10154151916504,0,0,23.88633155822754,20.58019256591797,20.55597496032715,18.57044219970703,22.805830001831055,22.115951538085938
1900,17.984031677246094,21.491762161254883,0,0,22.57278060913086,20.479101181030273,17.382184982299805,16.960670471191406,20.652877807617188,20.270092010498047
1901,19.219406127929688,21.791833877563477,0,0,22.282981872558594,19.7032527923584,19.964290618896484,19.273117065429688,22.99290657043457,19.86232566833496
1902,19.861862182617188,23.12279510498047,0,0,23.208757400512695,20.080020904541016,19.62008285522461,19.784793853759766,21.7863826751709,20.577556610107422
1903,20.83924102783203,20.139739990234375,0,0,21.732357025146484,18.13210678100586,17.18381690979004,19.08376121520996,23.984716415405273,19.440284729003906
1904,19.136030197143555,18.97313117980957,0,0,21.42293357849121,15.659429550170898,18.666019439697266,18.43430519104004,23.15855598449707,20.747678756713867
1905,23.68768882751465,21.147268295288086,0,14.249850273132324,22.166711807250977,17.19664192199707,18.240503311157227,19.645248413085938,21.636924743652344,19.58420181274414
1906,22.571420669555664,21.284500122070312,0,17.799169540405273,22.098342895507812,18.54755210876465,20.209856033325195,21.185230255126953,23.143423080444336,19.89302635192871
1907,22.865787506103516,22.605186462402344,0,19.142114639282227,22.756099700927734,19.62871742248535,19.472606658935547,21.272558212280273,24.71609115600586,18.386184692382812
1908,19.319744110107422,20.541257858276367,0,16.028169631958008,23.107412338256836,17.464984893798828,20.212947845458984,18.860641479492188,23.027572631835938,15.247821807861328
1909,19.062984466552734,23.080163955688477,0,20.31740379333496,22.238571166992188,22.034500122070312,20.914520263671875,17.748764038085938,23.07074737548828,16.02737808227539
1910,17.85582733154297,18.664640426635742,0,17.513994216918945,22.814897537231445,17.323129653930664,18.70866584777832,18.283851623535156,22.498416900634766,17.15252113342285
1911,19.625314712524414,19.77971649169922,0,19.868417739868164,23.07419204711914,16.73729133605957,20.298093795776367,18.901891708374023,25.035381317138672,19.55045509338379
1912,22.285179138183594,23.890634536743164,0,23.342823028564453,24.82118034362793,22.037622451782227,21.65088653564453,21.256305694580078,26.025699615478516,22.346403121948242
1913,20.184946060180664,24.072860717773438,0,21.03896141052246,25.199350357055664,22.00042724609375,21.371477127075195,19.46848487854004,26.982816696166992,14.799054145812988
1914,15.897381782531738,20.464902877807617,0,18.35426902770996,26.557079315185547,16.854625701904297,22.61773109436035,17.983293533325195,25.454904556274414,14.940611839294434
1915,17.006620407104492,20.994840621948242,0,21.189661026000977,18.86757469177246,19.583133697509766,22.77484893798828,17.909273147583008,26.237537384033203,16.22894859313965
1916,17.49298095703125,27.62599754333496,0,17.93398666381836,19.459501266479492,16.636558532714844,22.353591918945312,17.851388931274414,24.47667121887207,14.841655731201172
1917,17.347761154174805,28.342082977294922,0,18.67949676513672,20.391189575195312,16.0572452545166,22.68182373046875,17.018892288208008,26.8192195892334,15.084006309509277
1918,18.874103546142578,29.3271484375,0,19.003767013549805,21.213417053222656,18.54526710510254,22.91689109802246,17.73461151123047,25.617290496826172,17.694923400878906
1919,18.292375564575195,28.26882553100586,0,20.79427146911621,20.47456932067871,16.94256591796875,24.78493309020996,18.942594528198242,26.2751522064209,14.681817054748535
1920,18.949369430541992,29.063112258911133,0,17.266868591308594,20.790544509887695,19.12618637084961,24.461078643798828,20.04347801208496,26.54437828063965,16.162654876708984
1921,21.660503387451172,28.422025680541992,0,17.62116813659668,19.999622344970703,16.2756290435791,24.802335739135742,17.766145706176758,26.283676147460938,16.001771926879883
1922,17.776540756225586,26.647369384765625,0,14.464836120605469,19.875532150268555,15.73169994354248,21.997150421142578,18.003875732421875,26.171417236328125,15.178464889526367
1923,18.221555709838867,27.105382919311523,0,16.21712303161621,20.643156051635742,17.91573143005371,23.856420516967773,19.42133331298828,26.452835083007812,18.388463973999023
1924,18.335603713989258,24.448667526245117,0,15.563777923583984,20.200830459594727,18.0908145904541,25.977216720581055,16.665546417236328,25.899898529052734,16.006240844726562
1925,19.905349731445312,27.394805908203125,0,19.64575958251953,21.46186065673828,19.476957321166992,24.902210235595703,19.453861236572266,26.68088150024414,18.98797035217285
1926,19.926471710205078,26.453689575195312,0,17.238008499145508,18.848060607910156,19.425580978393555,23.621950149536133,18.436588287353516,25.6077823638916,15.872960090637207
1927,21.906673431396484,27.43861198425293,0,19.106128692626953,20.73447608947754,22.067411422729492,25.13190269470215,20.45513153076172,25.317338943481445,19.97751808166504
1928,19.220542907714844,24.860435485839844,0,16.75712013244629,19.29757308959961,20.621307373046875,25.722501754760742,19.260089874267578,24.74537467956543,16.07182502746582
1929,21.80668830871582,25.38509178161621,0,18.79505157470703,19.46462059020996,18.999330520629883,24.674877166748047,19.10148811340332,24.502405166625977,15.039448738098145
1930,23.87252426147461,23.852521896362305,0,17.721893310546875,18.99161720275879,19.74077033996582,23.394384384155273,18.369478225708008,22.98878288269043,18.02521324157715
1931,24.51952362060547,26.99984359741211,0,23.498077392578125,20.822223663330078,22.836503982543945,24.088863372802734,19.418306350708008,26.956260681152344,21.717031478881836
1932,0,22.244956970214844,0,17.18147087097168,16.06332015991211,17.496681213378906,20.5003662109375,17.411569595336914,25.36424446105957,18.886972427368164
1933,0,22.75204086303711,0,16.529752731323242,18.74756622314453,0,20.555526733398438,19.24479103088379,24.961868286132812,16.423248291015625
1934,0,21.766170501708984,0,17.372121810913086,18.980058670043945,0,20.718971252441406,17.401891708374023,23.166955947875977,16.94293785095215
1935,0,20.88482666015625,0,19.66899299621582,19.338481903076172,0,19.39620018005371,16.395160675048828,24.0963134765625,14.640143394470215
1936,0,22.405149459838867,0,19.07390785217285,18.90005111694336,20.93694305419922,19.15543556213379,17.062891006469727,21.764127731323242,16.297691345214844
1937,16.475017547607422,23.757898330688477,0,21.12068748474121,16.90298843383789,21.870134353637695,18.649120330810547,19.942773818969727,25.441200256347656,17.840757369995117
1938,20.282817840576172,20.557716369628906,0,17.247743606567383,14.921391487121582,20.703706741333008,18.907983779907227,17.615604400634766,20.65363311767578,17.64856719970703
1939,15.921380043029785,20.73111915588379,0,17.559879302978516,15.57326602935791,20.47508430480957,18.711374282836914,18.456777572631836,20.13140296936035,16.418354034423828
1940,17.283044815063477,20.621925354003906,0,15.713540077209473,19.046506881713867,22.281843185424805,21.346837997436523,18.695281982421875,19.380334854125977,15.778903007507324
1941,14.875725746154785,23.002920150756836,19.378536224365234,15.921147346496582,19.15679168701172,19.793481826782227,18.93507194519043,12.36625862121582,17.026742935180664,16.14979362487793
1942,17.967838287353516,24.235559463500977,18.80575942993164,14.222503662109375,17.882591247558594,21.52915382385254,20.818971633911133,20.269332885742188,14.789860725402832,17.015546798706055
1943,15.488991737365723,26.128063201904297,20.85026741027832,11.953242301940918,19.089502334594727,20.129474639892578,20.476093292236328,19.930702209472656,16.75064468383789,19.202390670776367
1944,17.491056442260742,27.056486129760742,19.49995231628418,14.81796646118164,21.90343475341797,22.016611099243164,20.44426727294922,20.45795249938965,17.53493881225586,19.7014217376709
1945,15.86110782623291,24.636234283447266,20.860631942749023,11.78200912475586,22.028772354125977,20.43716812133789,19.846729278564453,19.968217849731445,17.02180290222168,19.83892059326172
1946,17.59999656677246,23.784521102905273,20.301660537719727,12.97778606414795,19.90137481689453,22.180618286132812,19.368223190307617,20.622394561767578,17.674062728881836,17.8094482421875
1947,19.043163299560547,27.162763595581055,19.823551177978516,13.223859786987305,19.38899040222168,20.29973030090332,15.898053169250488,23.063871383666992,19.96986198425293,20.70184898376465
1948,15.875144958496094,25.10809326171875,22.139192581176758,12.207585334777832,19.416545867919922,18.003875732421875,18.718351364135742,21.643619537353516,16.133886337280273,20.2200984954834
1949,19.23859405517578,26.583650588989258,20.680688858032227,12.564377784729004,19.949756622314453,20.05718231201172,18.390153884887695,22.121931076049805,18.426006317138672,20.006803512573242
1950,16.842981338500977,29.274351119995117,21.868593215942383,13.228785514831543,21.51032829284668,18.69862174987793,20.001482009887695,21.874006271362305,19.13652992248535,21.370908737182617
1951,17.417327880859375,26.609745025634766,23.1556453704834,11.91794204711914,21.293201446533203,18.95111656188965,22.136157989501953,22.227693557739258,18.974943161010742,19.05536651611328
1952,18.489423751831055,26.761598587036133,21.996063232421875,13.227190017700195,23.400558471679688,19.53201675415039,21.450105667114258,23.111745834350586,19.800983428955078,21.18321418762207
1953,14.749300003051758,24.75600814819336,21.959800720214844,9.95047664642334,17.579282760620117,19.327669143676758,18.213232040405273,18.018579483032227,17.92896270751953,19.223886489868164
1954,16.913419723510742,27.243427276611328,20.341068267822266,15.869558334350586,22.139314651489258,20.330841064453125,21.627782821655273,23.200584411621094,19.33405113220215,22.304384231567383
1955,20.913663864135742,30.854482650756836,22.41379737854004,16.785018920898438,23.92726707458496,0,22.479480743408203,22.610763549804688,18.580768585205078,22.605690002441406
1956,18.55594253540039,26.256423950195312,19.04500389099121,10.773857116699219,22.67814064025879,0,20.17708396911621,20.25704002380371,17.009201049804688,20.79727554321289
1957,19.685474395751953,27.077552795410156,20.514638900756836,10.698612213134766,22.535226821899414,0,21.647478103637695,21.068618774414062,16.043071746826172,20.112682342529297
1958,19.870147705078125,27.525476455688477,18.091175079345703,12.131149291992188,22.893695831298828,0,23.65227508544922,20.97223472595215,17.228984832763672,21.788524627685547
1959,19.62647247314453,26.910598754882812,19.815868377685547,11.646207809448242,22.678451538085938,0,21.94902801513672,21.092416763305664,20.232221603393555,19.693937301635742
1960,19.66844940185547,26.354103088378906,19.196884155273438,14.374942779541016,20.695941925048828,0,22.129688262939453,23.27890968322754,22.97321891784668,21.994407653808594
1961,20.030197143554688,24.719379425048828,20.85304832458496,15.324109077453613,21.082984924316406,0,22.301912307739258,23.749109268188477,23.10767364501953,22.59230613708496
1962,19.489669799804688,24.637168884277344,20.090089797973633,14.518560409545898,21.306888580322266,0,22.104740142822266,23.70538330078125,25.242319107055664,21.415071487426758
1963,21.740846633911133,24.56978988647461,18.408172607421875,15.720208168029785,21.535741806030273,0,20.38336181640625,23.0736083984375,22.38020896911621,21.438823699951172
1964,21.259504318237305,26.044782638549805,20.205339431762695,16.681184768676758,22.7957820892334,0,21.94276237487793,22.513362884521484,22.825546264648438,21.142284393310547
1965,22.806991577148438,25.786832809448242,19.684223175048828,18.004199981689453,21.677993774414062,0,21.940649032592773,19.427947998046875,19.67685317993164,20.206981658935547
1966,21.055543899536133,25.830936431884766,20.13067054748535,17.19920539855957,20.049110412597656,0,21.373184204101562,24.009675979614258,20.877803802490234,20.375764846801758
1967,21.29115104675293,27.65166473388672,20.016965866088867,17.186792373657227,21.52016258239746,0,21.33989906311035,23.621726989746094,20.150421142578125,19.767057418823242
1968,21.481678009033203,28.31123161315918,21.307069778442383,19.834060668945312,21.700517654418945,0,22.65717124938965,24.863542556762695,20.74213981628418,21.772356033325195
1969,20.61365509033203,26.562891006469727,19.750064849853516,19.874114990234375,21.19693946838379,0,21.211862564086914,22.777578353881836,19.2407169342041,19.099084854125977
1970,21.0103702545166,28.043603897094727,20.63998031616211,19.266895294189453,19.603994369506836,0,20.87097930908203,22.394596099853516,18.743301391601562,20.02338218688965
1971,23.595638275146484,23.619550704956055,20.61254119873047,17.585628509521484,18.592987060546875,0,20.76272964477539,21.464031219482422,19.58944320678711,20.480209350585938
1972,21.854175567626953,21.136272430419922,21.001434326171875,17.885498046875,23.068796157836914,0,23.89698600769043,24.739328384399414,20.094621658325195,23.170419692993164
1973,23.35331153869629,26.492172241210938,21.88218879699707,20.257259368896484,21.17385482788086,0,22.217411041259766,24.77960777282715,19.482519149780273,21.682220458984375
1974,23.440105438232422,24.846893310546875,22.03236198425293,20.052875518798828,17.920337677001953,0,20.277650833129883,23.283445358276367,19.179304122924805,21.703964233398438
1975,23.951454162597656,28.471654891967773,21.965293884277344,20.46535301208496,23.499595642089844,0,23.877164840698242,26.479585647583008,20.875852584838867,22.692346572875977
1976,20.843412399291992,27.93978500366211,22.68988037109375,19.921585083007812,22.348072052001953,0,24.038415908813477,26.3290958404541,19.508411407470703,21.407550811767578
1977,23.125852584838867,27.419334411621094,23.88707160949707,19.883333206176758,19.462055206298828,0,22.79397964477539,22.075414657592773,21.06718635559082,22.676435470581055
1978,21.614099502563477,26.643474578857422,21.517353057861328,20.044368743896484,21.98749542236328,0,24.25716781616211,22.45414924621582,19.594924926757812,22.358150482177734
1979,20.086042404174805,26.970884323120117,21.218822479248047,19.893421173095703,21.294660568237305,0,23.66008186340332,21.535715103149414,21.16898536682129,21.77074432373047
1980,22.7969970703125,21.693029403686523,21.542951583862305,15.66870403289795,20.257877349853516,0,21.007282257080078,22.430971145629883,19.815847396850586,20.29158592224121
1981,23.084033966064453,28.226402282714844,22.705097198486328,19.58470344543457,21.376243591308594,0,24.52625846862793,23.16265869140625,20.043811798095703,20.450115203857422
1982,22.06637954711914,28.335830688476562,21.671537399291992,20.76329803466797,21.807565689086914,0,25.21296501159668,24.03137969970703,20.00076675415039,19.789827346801758
1983,22.050121307373047,28.69216537475586,21.95435333251953,20.650814056396484,22.471765518188477,0,25.380571365356445,24.00333023071289,20.098094940185547,20.265850067138672
1984,19.76191520690918,27.74561882019043,20.29274559020996,19.97426986694336,21.33286476135254,0,24.758460998535156,20.014116287231445,16.85576629638672,19.884136199951172
1985,25.19270133972168,27.86277961730957,23.585357666015625,22.09548568725586,23.783615112304688,0,26.1735897064209,22.93034553527832,25.136058807373047,23.251670837402344
1986,20.261301040649414,25.958467483520508,20.01620101928711,18.754650115966797,23.45442771911621,0,23.68175506591797,21.011253356933594,19.877439498901367,18.948570251464844
1987,21.98287582397461,24.978849411010742,20.9307918548584,21.340335845947266,20.514768600463867,0,21.024280548095703,22.076519012451172,21.194971084594727,19.92470932006836
1988,22.840717315673828,26.225173950195312,21.811391830444336,22.407779693603516,21.694448471069336,0,23.801929473876953,23.01555824279785,22.244922637939453,20.663028717041016
1989,27.221248626708984,22.991558074951172,23.737499237060547,23.114980697631836,17.409055709838867,0,18.58062171936035,23.327190399169922,24.54774284362793,24.140710830688477
1990,20.785728454589844,25.38441276550293,21.33601188659668,20.502349853515625,21.896350860595703,0,24.28917121887207,20.82970428466797,21.138731002807617,19.166921615600586
1991,21.620704650878906,25.21320343017578,19.653606414794922,20.528444290161133,22.155302047729492,0,22.6037540435791,20.509233474731445,17.885080337524414,19.776817321777344
1992,21.971620559692383,25.834033966064453,20.65329933166504,21.280208587646484,21.878631591796875,0,20.195758819580078,20.591533660888672,17.647418975830078,21.840988159179688
1993,23.88837432861328,27.87381935119629,21.61202049255371,21.982711791992188,21.849458694458008,0,23.181535720825195,22.909093856811523,20.78542709350586,24.941650390625
1994,22.50723648071289,26.469676971435547,20.23477554321289,20.846752166748047,22.808629989624023,0,21.5040225982666,22.53619956970215,19.80612564086914,21.182693481445312
1995,21.916419982910156,26.71493911743164,21.14442253112793,20.7149658203125,22.140689849853516,0,20.183794021606445,20.171669006347656,19.4958438873291,20.383350372314453
1996,21.716630935668945,26.6153621673584,21.794721603393555,21.708145141601562,21.49260139465332,0,22.015392303466797,21.17583465576172,19.86602210998535,20.480838775634766
1997,22.60435676574707,24.924400329589844,19.319154739379883,20.732559204101562,18.80357551574707,0,19.348852157592773,18.120319366455078,17.22409439086914,20.619823455810547
1998,23.291231155395508,27.90610694885254,19.916358947753906,20.688385009765625,21.532264709472656,0,22.40851402282715,20.352663040161133,18.448728561401367,23.33383560180664
1999,24.946327209472656,27.655071258544922,21.955333709716797,22.811445236206055,20.49323844909668,0,20.480134963989258,20.451807022094727,19.825206756591797,23.55326271057129
2000,25.186264038085938,29.995147705078125,23.35951805114746,22.302141189575195,21.443862915039062,0,24.637115478515625,21.644826889038086,20.803773880004883,24.69244384765625
2001,22.373750686645508,30.25086212158203,21.665172576904297,22.28434944152832,21.83329200744629,0,23.46518325805664,19.35169219970703,19.030624389648438,21.084081649780273
2002,22.033994674682617,28.714130401611328,21.555448532104492,22.704513549804688,21.898099899291992,0,24.252567291259766,19.239490509033203,19.60987663269043,21.2095890045166
2003,23.009849548339844,29.03653907775879,21.81134033203125,21.10283660888672,20.862842559814453,0,22.482460021972656,19.774150848388672,19.332679748535156,20.485675811767578
2004,20.801969528198242,26.5488224029541,20.797685623168945,20.324132919311523,21.98975944519043,0,21.248811721801758,20.085662841796875,18.660797119140625,22.67462730407715
2005,24.468114852905273,26.341997146606445,20.773271560668945,19.85796546936035,22.907594680786133,0,21.469026565551758,21.0963134765625,17.99285888671875,22.344030380249023
2006,24.5841007232666,24.861854553222656,20.764554977416992,18.369651794433594,23.040084838867188,0,22.35100746154785,21.244237899780273,19.930952072143555,20.755247116088867
2007,24.504047393798828,25.38837242126465,20.28526496887207,19.531492233276367,20.198028564453125,0,21.455524444580078,20.17418670654297,22.08774757385254,20.361312866210938
2008,23.82521629333496,26.223445892333984,21.255638122558594,18.910335540771484,23.381603240966797,0,25.109041213989258,20.14667510986328,21.65765380859375,22.704883575439453
2009,24.364776611328125,25.516803741455078,20.8398380279541,20.16452407836914,21.879131317138672,0,24.47243309020996,20.870044708251953,19.936384201049805,20.818363189697266
2010,23.872467041015625,26.11179542541504,19.80220603942871,21.88526725769043,22.576618194580078,0,22.146387100219727,21.85825538635254,21.806299209594727,24.184734344482422
2011,24.590211868286133,27.654027938842773,21.649593353271484,22.148069381713867,21.783470153808594,0,20.733366012573242,20.74475860595703,21.193634033203125,25.5151309967041
2012,21.668668746948242,26.418996810913086,19.85795021057129,20.950977325439453,22.188072204589844,0,21.701513290405273,19.835159301757812,19.396726608276367,20.289281845092773
2013,22.45888328552246,25.585325241088867,18.88534164428711,19.51336097717285,23.06635856628418,0,21.91678237915039,20.873899459838867,20.24712371826172,19.944686889648438
2014,23.24396514892578,27.101062774658203,19.674684524536133,20.082399368286133,23.978071212768555,0,23.669296264648438,20.935997009277344,21.253461837768555,20.248371124267578
2015,25.05972671508789,27.124269485473633,21.769697189331055,21.61418914794922,23.46231460571289,16.67563247680664,25.11699676513672,21.980131149291992,21.689682006835938,22.459760665893555
2016,24.37221908569336,25.827390670776367,19.391765594482422,21.32626724243164,21.816064834594727,0,23.127748489379883,20.44999122619629,20.925853729248047,20.00963592529297
2017,25.62978744506836,28.232704162597656,20.780466079711914,19.73763084411621,24.936077117919922,0,23.23595428466797,21.591341018676758,20.64822006225586,21.872516632080078
2018,24.657880783081055,25.88412094116211,19.752328872680664,19.460697174072266,23.927898406982422,0,22.816892623901367,19.979089736938477,20.712026596069336,22.14883041381836
2019,23.87257194519043,26.594470977783203,19.09771728515625,17.311046600341797,22.98639488220215,0,24.097293853759766,18.3375301361084,20.53316307067871,20.914777755737305
2020,26.82775115966797,23.883935928344727,20.983373641967773,19.343257904052734,24.8043270111084,0,23.397579193115234,19.97722625732422,19.746498107910156,23.079265594482422
2021,25.326026916503906,26.070409774780273,18.181005477905273,19.145328521728516,24.713558197021484,0,24.815078735351562,19.734346389770508,23.43431854248047,21.642187118530273
2022,26.2432918548584,25.257801055908203,19.973703384399414,19.183902740478516,25.61473846435547,0,24.5632381439209,21.192913055419922,24.226865768432617,22.052452087402344
2023,0,37.79453659057617,0,0,0,0,0,27.38089942932129