year,MLAKHA_03_,MLAKHA_06_,MLAKHA_09_,MLAKHA_12_,MLAKHA_14_,MLAKHA_15_,MLAKHA_16_,MLAKHA_17_,MLAKHA_19_,MLAKHA_20_
1680,0,76.74900817871094
1681,0,97.17998504638672
1682,0,89.76559448242188
1683,0,135.23167419433594
1684,0,141.0535888671875
1685,0,134.322021484375
1686,0,171.44764709472656
1687,0,160.75515747070312,243.55441284179688
1688,0,112.68402099609375,220.19691467285156
1689,0,117.69378662109375,227.85743713378906
1690,0,122.23152160644531,237.24661254882812
1691,0,124.77813720703125,155.90196228027344
1692,0,185.4291534423828,250.9396209716797
1693,0,147.7115478515625,241.2244415283203
1694,0,132.25827026367188,163.82534790039062
1695,0,186.1815185546875,211.26556396484375
1696,0,124.93888092041016,150.40899658203125
1697,0,156.9040985107422,242.7978973388672
1698,0,145.7903289794922,208.93563842773438
1699,0,74.80319213867188,144.99732971191406
1700,0,132.35299682617188,191.6626434326172
1701,0,128.9503936767578,204.10546875
1702,0,107.82516479492188,196.7450408935547
1703,0,108.87862396240234,215.22865295410156
1704,0,122.62403869628906,250.068115234375
1705,0,185.22457885742188,220.38259887695312
1706,0,170.4272918701172,251.97296142578125
1707,0,146.06317138671875,214.7445831298828
1708,0,111.98485565185547,217.45545959472656
1709,0,185.89602661132812,248.8403778076172,0,225.44906616210938
1710,0,164.23110961914062,244.05189514160156,0,226.8844757080078
1711,0,158.3135986328125,218.71644592285156,0,217.62994384765625
1712,0,246.7084197998047,289.94512939453125,0,271.50006103515625
1713,0,194.58621215820312,212.62179565429688,0,232.31874084472656,287.4153747558594
1714,0,142.39564514160156,225.03526306152344,0,228.61244201660156,220.90115356445312
1715,0,220.7534942626953,215.66741943359375,0,239.02969360351562,350.8945617675781
1716,0,211.6000518798828,222.7668914794922,0,251.69898986816406,324.09185791015625
1717,0,250.42111206054688,172.7387237548828,0,273.1231689453125,333.3998718261719
1718,0,146.62977600097656,206.8856658935547,0,226.16346740722656,185.95359802246094
1719,0,223.23382568359375,281.43975830078125,0,266.5436096191406,314.4353942871094,0,0,0,97.6839370727539
1720,0,179.48484802246094,217.1790313720703,0,269.0198669433594,273.78533935546875,0,0,0,269.5599365234375
1721,0,184.08255004882812,148.29443359375,0,192.6741180419922,270.5428771972656,0,0,0,222.6943817138672
1722,0,193.08221435546875,237.48947143554688,0,254.49093627929688,245.4082794189453,0,0,0,268.9755859375
1723,0,186.77967834472656,278.8156433105469,0,260.40850830078125,308.2452697753906,0,0,0,313.0179138183594
1724,0,143.19012451171875,298.0537414550781,0,204.49615478515625,255.09767150878906,0,0,0,232.99249267578125
1725,0,181.1562957763672,264.81793212890625,0,243.19708251953125,236.54420471191406,0,0,0,233.50926208496094
1726,0,152.3518829345703,276.7476806640625,0,279.1390686035156,222.10491943359375,0,0,0,255.97305297851562
1727,0,190.23245239257812,240.2262725830078,0,296.0848083496094,274.906982421875,0,0,0,255.6616973876953
1728,0,154.74342346191406,231.86758422851562,0,260.00164794921875,204.9658966064453,0,0,0,224.0457000732422
1729,0,248.56549072265625,326.7460021972656,0,306.90496826171875,357.9400329589844,0,0,0,241.37124633789062
1730,0,214.86935424804688,340.6973876953125,0,252.3478240966797,323.03607177734375,0,0,0,225.6398162841797
1731,0,261.9833679199219,419.6905822753906,0,328.5427551269531,406.3262939453125,0,0,0,272.611083984375
1732,0,224.85733032226562,340.9356994628906,0,257.74267578125,339.128662109375,0,0,0,257.31298828125
1733,0,207.3290557861328,395.9303894042969,0,303.81097412109375,308.04888916015625,0,0,0,266.7519226074219
1734,0,206.0415496826172,355.0798034667969,0,257.9648132324219,244.98497009277344,0,0,0,179.44618225097656
1735,0,182.7159423828125,259.74066162109375,0,269.9813232421875,259.71417236328125,0,0,0,205.04100036621094
1736,0,226.83831787109375,423.959228515625,0,304.7987365722656,299.79248046875,0,0,0,246.95684814453125
1737,0,243.60508728027344,387.5146789550781,0,281.3000183105469,267.8289489746094,0,0,0,235.6350860595703
1738,0,224.4739227294922,313.11309814453125,0,257.2731018066406,329.6823425292969,0,0,0,204.78860473632812
1739,0,287.35699462890625,439.6312255859375,0,310.57244873046875,295.3123474121094,0,0,0,219.663330078125
1740,0,238.86666870117188,364.1716613769531,0,287.472900390625,308.7120056152344,0,0,0,219.88876342773438
1741,0,295.3553466796875,454.0485534667969,0,290.4960632324219,352.0696716308594,0,0,0,189.52345275878906
1742,0,171.37742614746094,317.9755554199219,0,93.8904037475586,208.34791564941406,0,0,0,200.26644897460938
1743,0,273.9362487792969,414.1554260253906,0,282.27655029296875,263.5957336425781,0,0,0,172.05154418945312
1744,0,190.44564819335938,310.9497375488281,0,303.1991882324219,215.35015869140625,134.33477783203125,0,0,137.60641479492188
1745,0,202.08035278320312,208.85032653808594,0,306.65130615234375,283.44818115234375,0,0,0,262.69952392578125
1746,257.70623779296875,328.4751281738281,304.00634765625,0,326.0952453613281,318.4183044433594,369.8409729003906,0,0,205.9974822998047
1747,297.8028564453125,218.40826416015625,301.2427673339844,0,363.56689453125,217.1029052734375,240.3202667236328,0,0,195.6859893798828
1748,277.81103515625,295.404541015625,200.46603393554688,0,341.8790588378906,435.6451721191406,323.7247009277344,0,0,214.4296875
1749,213.3602294921875,286.18707275390625,293.26837158203125,0,272.6239013671875,386.6684265136719,266.6050720214844,0,0,186.10646057128906
1750,273.076416015625,225.38803100585938,200.87060546875,0,330.8418884277344,333.2551574707031,219.87623596191406,0,0,162.9120330810547
1751,208.8065643310547,237.6522979736328,238.44725036621094,0,276.4037170410156,443.5491943359375,270.429443359375,0,0,193.16661071777344
1752,215.27310180664062,259.61279296875,345.42767333984375,0,350.845703125,345.7710266113281,270.8279113769531,0,0,157.8803253173828
1753,224.1043243408203,187.2305145263672,209.7455291748047,0,299.35546875,312.5942687988281,209.24415588378906,0,0,196.0826873779297
1754,252.24087524414062,297.5705261230469,228.5884246826172,0,310.537109375,545.5283203125,256.8860778808594,0,0,216.85415649414062
1755,228.38037109375,322.4006042480469,293.05908203125,0,260.45355224609375,525.5397338867188,260.6090087890625,0,0,197.02284240722656
1756,293.5845031738281,472.7076721191406,313.6048583984375,0,334.59173583984375,458.1109313964844,271.918701171875,0,0,212.6774444580078
1757,241.76467895507812,318.768310546875,298.03759765625,0,340.3400573730469,269.408447265625,187.5237274169922,0,0,146.8198699951172
1758,192.37326049804688,404.433349609375,296.2992858886719,0,286.8297424316406,324.5184020996094,227.15817260742188,0,0,171.81394958496094
1759,297.1969909667969,219.0935821533203,244.20721435546875,0,290.56658935546875,245.5748291015625,197.20506286621094,0,0,161.9330291748047
1760,287.9745178222656,230.5056915283203,124.97650146484375,0,88.07182312011719,227.42306518554688,249.25390625,0,0,170.9274444580078
1761,342.48370361328125,252.9013671875,222.17543029785156,91.46392059326172,233.0587158203125,353.5855712890625,270.39678955078125,0,0,156.65199279785156
1762,270.4404602050781,286.9767761230469,221.64785766601562,122.84043884277344,294.3390197753906,383.26123046875,285.171875,0,0,170.91307067871094
1763,230.0279083251953,232.07945251464844,224.88156127929688,140.99375915527344,358.3231506347656,388.5268249511719,263.7109069824219,0,0,113.8485107421875
1764,289.84375,288.672119140625,231.94012451171875,245.88916015625,329.4674072265625,480.3604736328125,302.3617858886719,0,0,218.0146484375
1765,337.8302307128906,280.8089294433594,340.4435729980469,243.6642303466797,392.293701171875,288.39337158203125,216.8465576171875,0,0,172.74493408203125
1766,181.51527404785156,299.9328918457031,237.5911865234375,154.98146057128906,329.72015380859375,388.0253601074219,224.31747436523438,0,0,152.92242431640625
1767,300.7215576171875,335.4689025878906,404.0686950683594,285.0627136230469,365.1499938964844,367.4385681152344,280.5552978515625,0,0,149.77423095703125
1768,248.61502075195312,304.38641357421875,302.79620361328125,264.25323486328125,338.2919006347656,300.9742736816406,301.9214782714844,0,0,189.17564392089844
1769,322.8055114746094,334.826171875,319.065185546875,282.7320556640625,344.6046142578125,351.55023193359375,224.1646270751953,0,0,203.6483612060547
1770,247.72958374023438,218.65872192382812,265.2350158691406,223.5714569091797,304.14508056640625,213.83338928222656,202.2152099609375,0,0,151.28907775878906
1771,258.8069763183594,286.5298156738281,261.9788818359375,241.58396911621094,268.366455078125,315.6437072753906,211.0772705078125,0,0,200.4033203125
1772,342.662109375,319.1055603027344,271.0713806152344,294.8468322753906,303.92510986328125,350.5625915527344,229.0605010986328,0,0,194.3011016845703
1773,369.428466796875,289.6659851074219,277.5125427246094,304.7212829589844,286.4612731933594,354.1644287109375,295.77960205078125,0,0,268.9078063964844
1774,332.4479675292969,372.37030029296875,415.6870422363281,272.44500732421875,365.17236328125,452.4035339355469,308.4754333496094,0,0,212.08021545410156
1775,274.74688720703125,357.35235595703125,330.5333251953125,264.67962646484375,343.39642333984375,339.9115295410156,212.01431274414062,0,0,146.8703155517578
1776,297.2384033203125,311.82464599609375,265.2439270019531,258.9186096191406,307.9856262207031,258.5135192871094,226.98297119140625,0,0,134.94557189941406
1777,331.4786376953125,343.25677490234375,341.5447692871094,318.1825256347656,318.58526611328125,323.9103088378906,230.85458374023438,0,0,143.50672912597656
1778,352.6806945800781,345.419189453125,315.3827819824219,288.0751953125,312.7821044921875,275.2790222167969,208.7246856689453,0,0,165.30563354492188
1779,413.5604248046875,382.0102233886719,416.1310729980469,308.4124755859375,409.2541809082031,195.9807891845703,278.0220642089844,0,0,229.81336975097656
1780,350.5165710449219,388.615478515625,350.2315673828125,303.986328125,352.5778503417969,337.633056640625,272.7034912109375,0,0,236.24668884277344
1781,416.529541015625,356.4781188964844,346.1870422363281,307.3941955566406,326.2819519042969,322.9075622558594,267.3460388183594,0,0,304.9293518066406
1782,320.80609130859375,375.31121826171875,356.4479064941406,270.55133056640625,321.3818054199219,362.1296081542969,241.36924743652344,0,0,318.0733642578125
1783,384.5144348144531,415.13861083984375,490.74066162109375,368.8530578613281,392.43096923828125,478.414306640625,336.8667297363281,0,0,363.3056335449219
1784,330.7525939941406,404.9204406738281,371.5142822265625,310.1737976074219,421.1080627441406,302.958984375,214.7800750732422,0,0,241.80311584472656
1785,228.81927490234375,406.259033203125,322.6595153808594,301.1377868652344,399.7120361328125,342.7432861328125,218.99154663085938,0,0,251.22438049316406
1786,263.1512756347656,262.6302185058594,273.82769775390625,349.8995361328125,332.7774963378906,347.2505798339844,227.30650329589844,0,0,256.88885498046875
1787,329.9593811035156,408.1392822265625,595.1948852539062,380.9158020019531,408.62982177734375,465.02740478515625,298.52972412109375,0,0,332.7566223144531
1788,300.60198974609375,383.09442138671875,540.2150268554688,355.03204345703125,372.0767822265625,487.7793884277344,325.3835754394531,0,0,372.31158447265625
1789,280.5163879394531,367.5750732421875,537.6102294921875,352.318359375,417.2576904296875,371.12322998046875,247.31378173828125,0,0,306.0352783203125
1790,299.5535888671875,323.1540222167969,548.2857666015625,327.222412109375,0,318.0877380371094,281.13653564453125,0,0,259.7283020019531
1791,239.2073516845703,258.16265869140625,427.7703857421875,247.80441284179688,0,191.68492126464844,214.12916564941406,0,0,194.2222900390625
1792,258.60504150390625,296.3388977050781,447.4380798339844,267.2180480957031,0,270.7696228027344,288.27508544921875,0,231.44020080566406,234.54884338378906
1793,276.892333984375,437.3690490722656,488.0274658203125,374.2185974121094,0,301.40380859375,321.0364074707031,0,295.50408935546875,295.81805419921875
1794,326.1539306640625,391.0102233886719,518.3758544921875,412.40936279296875,402.30078125,270.3977355957031,326.3782958984375,0,310.5193176269531,308.9449768066406
1795,310.8049621582031,386.6769104003906,417.5333251953125,339.8558349609375,380.52606201171875,335.2916564941406,379.9361572265625,0,267.0938415527344,271.2500305175781
1796,330.6977233886719,389.3719482421875,478.5779113769531,458.1098937988281,560.090087890625,407.7024230957031,420.79345703125,0,318.2446594238281,287.3879699707031
1797,303.6071472167969,367.7459716796875,454.38763427734375,461.5520935058594,575.5053100585938,325.8473205566406,462.3290710449219,0,307.75213623046875,310.47100830078125
1798,282.46514892578125,313.9000244140625,376.38629150390625,422.16693115234375,487.7767028808594,282.0622253417969,302.34381103515625,0,246.38140869140625,271.2889099121094
1799,308.41107177734375,411.27825927734375,542.5448608398438,447.5990905761719,620.35400390625,416.61553955078125,746.3851928710938,0,294.19476318359375,355.30084228515625
1800,205.5426025390625,264.1263732910156,363.171630859375,340.34234619140625,410.0975341796875,318.5601806640625,0,0,173.66517639160156,243.65069580078125
1801,301.8823547363281,418.69140625,437.9480285644531,374.2840270996094,586.5538330078125,381.7892761230469,0,0,196.9288330078125,274.32611083984375
1802,303.60211181640625,439.0946044921875,505.5412902832031,451.7901916503906,615.1256103515625,426.9959411621094,0,0,290.33990478515625,334.68878173828125
1803,308.33148193359375,404.4563293457031,423.333251953125,333.38494873046875,439.1724853515625,378.2820739746094,0,0,272.2439270019531,317.6705322265625
1804,236.06703186035156,364.67120361328125,475.7005615234375,377.1042785644531,397.5567626953125,365.0496520996094,0,0,261.162841796875,274.89776611328125
1805,315.3323974609375,398.6392517089844,475.8927307128906,405.13592529296875,497.9947509765625,466.2024841308594,0,0,287.1445007324219,323.18310546875
1806,249.47723388671875,413.313232421875,533.7943115234375,427.6661071777344,509.46002197265625,370.28778076171875,0,0,275.6761169433594,280.26495361328125
1807,195.0802764892578,263.46270751953125,229.13165283203125,383.4090881347656,320.3642578125,398.7999572753906,0,0,280.2869567871094,242.56228637695312
1808,233.93519592285156,379.38818359375,524.2437744140625,353.8745422363281,424.73809814453125,404.33306884765625,0,0,312.5184631347656,246.51321411132812
1809,259.32781982421875,422.5470886230469,381.221435546875,403.798828125,342.6186828613281,180.97813415527344,0,0,262.7829284667969,278.184326171875
1810,265.2499084472656,307.1448669433594,440.39398193359375,338.7313232421875,373.4931335449219,352.9779968261719,0,0,201.84811401367188,239.51539611816406
1811,259.4721984863281,370.6386413574219,608.2885131835938,283.0144958496094,385.7041931152344,419.0778503417969,269.4617614746094,0,229.8371124267578,259.031982421875
1812,257.1938781738281,343.7458801269531,278.2118835449219,300.7840576171875,255.6873779296875,66.16819763183594,500.8575134277344,0,280.8243408203125,248.1779327392578
1813,324.7386474609375,500.4493713378906,353.0522155761719,341.5452575683594,335.1968994140625,354.3432922363281,624.494873046875,0,314.22418212890625,328.66046142578125
1814,349.917236328125,449.7955322265625,528.4231567382812,333.910888671875,396.38641357421875,373.1138000488281,575.2697143554688,0,268.4777526855469,286.7060546875
1815,288.7093505859375,367.163818359375,381.81280517578125,257.36376953125,378.016357421875,325.85357666015625,515.19384765625,0,265.02734375,312.6993713378906
1816,264.9678649902344,366.6806335449219,375.2508239746094,241.03067016601562,312.0767822265625,458.0606689453125,453.99078369140625,0,238.2727813720703,227.07650756835938
1817,288.2548522949219,440.31890869140625,443.8091125488281,233.0888671875,372.0242004394531,368.3572082519531,414.1523742675781,0,238.5648956298828,270.8252258300781
1818,300.298828125,370.5373840332031,489.2619323730469,318.05792236328125,426.5972900390625,328.8177185058594,571.3757934570312,0,256.17626953125,218.22018432617188
1819,252.25779724121094,350.9444885253906,367.87286376953125,493.0361022949219,178.05006408691406,456.7892150878906,457.2022705078125,0,190.12889099121094,153.18618774414062
1820,306.9516296386719,395.8529052734375,426.8846435546875,277.71337890625,247.80697631835938,188.5647430419922,589.0532836914062,0,257.4231872558594,267.2034912109375
1821,301.7237548828125,398.9463195800781,514.2022094726562,438.6204833984375,376.2057189941406,577.1962280273438,606.1613159179688,0,248.0913848876953,267.8287658691406
1822,398.21112060546875,438.5010681152344,474.2803039550781,456.85943603515625,357.83935546875,579.30908203125,536.8475952148438,0,230.40476989746094,243.05776977539062
1823,313.7496032714844,332.2283935546875,322.012451171875,341.27911376953125,143.41244506835938,283.6675720214844,517.7830810546875,0,187.0997314453125,207.53463745117188
1824,343.99676513671875,385.9452209472656,374.89556884765625,316.6158447265625,311.36517333984375,159.5773468017578,232.7860565185547,0,236.35321044921875,268.5403747558594
1825,220.36395263671875,393.8411865234375,0,253.0561065673828,177.30348205566406,263.7973937988281,320.0326232910156,0,212.16067504882812,136.3271026611328
1826,368.85595703125,456.3992004394531,363.7640075683594,413.6716003417969,264.61285400390625,211.9845733642578,570.5911254882812,0,225.83444213867188,269.8829345703125
1827,466.4006042480469,490.5083923339844,515.3234252929688,371.4774475097656,356.06195068359375,322.1656799316406,515.8755493164062,0,226.29000854492188,327.9305725097656
1828,310.370849609375,321.8691101074219,480.3644104003906,426.2228088378906,362.4838562011719,588.7841186523438,691.0737915039062,0,285.3226318359375,259.8467712402344
1829,309.0885925292969,359.250732421875,404.9983825683594,398.4301452636719,316.5355224609375,624.4999389648438,649.1365966796875,0,281.1775207519531,243.53297424316406
1830,275.32135009765625,117.79129791259766,203.4022979736328,213.71047973632812,173.40858459472656,807.967529296875,390.7251281738281,0,225.24916076660156,216.0789031982422
1831,420.2193908691406,363.8989562988281,468.4504699707031,415.50927734375,407.19085693359375,458.60595703125,741.7223510742188,0,324.3946228027344,295.6887512207031
1832,404.01129150390625,384.3529968261719,471.6652526855469,423.8293151855469,326.3812255859375,741.7628784179688,603.1024169921875,0,297.4017639160156,327.2790832519531
1833,331.62872314453125,403.5172119140625,138.84408569335938,378.2817077636719,248.94992065429688,0,0,0,286.8392333984375,295.5997009277344
1834,405.3655700683594,340.7971496582031,413.5831298828125,385.7898864746094,393.1557312011719,508.82550048828125,0,74.66039276123047,291.4434509277344,273.1517333984375
1835,406.2135009765625,425.0708923339844,507.2303466796875,370.5201416015625,433.2718200683594,643.8253173828125,1053.8170166015625,111.93489074707031,328.7845153808594,327.5960998535156
1836,358.3979187011719,305.3372497558594,408.4346923828125,387.4462890625,321.5724182128906,694.7894897460938,0,142.49546813964844,313.4074401855469,241.46348571777344
1837,418.74755859375,440.5159912109375,359.44671630859375,447.8622131347656,283.5634460449219,785.5762939453125,915.1939086914062,125.38130950927734,316.0523376464844,291.1993408203125
1838,297.9622497558594,298.88726806640625,328.47381591796875,252.69923400878906,339.8998718261719,476.3193359375,340.2359619140625,105.56607818603516,249.00514221191406,250.17758178710938
1839,474.72216796875,409.28778076171875,461.13818359375,427.0873718261719,385.92669677734375,734.2867431640625,302.4148254394531,143.88584899902344,332.60107421875,370.8179931640625
1840,435.9681701660156,371.2897033691406,464.0866394042969,422.1236877441406,396.0316162109375,778.3238525390625,483.55303955078125,137.38047790527344,380.4622497558594,316.6627502441406
1841,354.6945495605469,276.5406494140625,515.642822265625,444.9234619140625,474.921630859375,757.2144775390625,703.112060546875,121.15835571289062,0,221.3147735595703
1842,438.00927734375,293.7583923339844,555.67919921875,534.58642578125,414.0170593261719,831.5839233398438,759.1495361328125,124.9872817993164,0,392.0715637207031
1843,321.2460632324219,318.5431213378906,320.0165100097656,420.38336181640625,298.0303955078125,0,0,138.7725372314453,0,255.83216857910156
1844,288.5920715332031,385.1407165527344,454.5467224121094,417.55078125,405.7445983886719,0,546.4996337890625,122.43313598632812,0,292.6534423828125
1845,303.6722106933594,291.9459228515625,354.5989685058594,379.96954345703125,337.81951904296875,0,629.7852783203125,108.13130187988281,0,244.19363403320312
1846,346.4698181152344,259.3115234375,496.7898254394531,416.9919738769531,436.8689270019531,0,738.9950561523438,111.05393981933594,0,304.4615478515625
1847,413.876220703125,353.7091064453125,375.02520751953125,417.21636962890625,350.6883239746094,0,662.9763793945312,151.21282958984375,0,395.97003173828125
1848,304.6308898925781,236.29737854003906,365.4239196777344,347.72381591796875,369.71002197265625,0,489.64117431640625,170.96661376953125,0,279.7867736816406
1849,354.9860534667969,318.9320983886719,324.7984313964844,213.62527465820312,262.817626953125,433.1290588378906,222.7832794189453,178.7129669189453,0,246.99697875976562
1850,456.74822998046875,417.10369873046875,548.8017578125,342.8980712890625,382.6296081542969,645.7023315429688,742.4091186523438,224.4093017578125,0,292.16448974609375
1851,330.01708984375,297.85699462890625,425.8544921875,420.99542236328125,345.5260314941406,391.9474792480469,597.5609130859375,188.67857360839844,0,218.95237731933594
1852,441.934326171875,324.4393310546875,564.3998413085938,314.98583984375,418.4978942871094,336.3274841308594,659.3372192382812,195.47552490234375,0,263.1009826660156
1853,338.0078125,240.81005859375,456.3120422363281,371.6368408203125,431.4601135253906,216.44381713867188,651.5866088867188,175.8177490234375,0,224.81472778320312
1854,355.26605224609375,279.06182861328125,363.1028747558594,437.3132629394531,346.48297119140625,208.54364013671875,689.4652099609375,248.0005340576172,172.9790802001953,251.08917236328125
1855,289.741943359375,288.77178955078125,437.7121887207031,395.1539001464844,348.3023986816406,198.73919677734375,640.3972778320312,189.70849609375,240.62820434570312,259.58099365234375
1856,288.3390808105469,232.0596923828125,423.73712158203125,354.5301208496094,407.6968078613281,178.8258819580078,621.6670532226562,211.1696319580078,420.3731994628906,228.6067657470703
1857,453.0360107421875,309.4907531738281,448.5195007324219,582.5206298828125,468.3702087402344,275.2842102050781,613.6076049804688,252.252197265625,0,296.5322570800781
1858,468.1798400878906,391.1492614746094,562.5072021484375,630.4570922851562,546.2240600585938,352.0828552246094,812.0938110351562,251.68455505371094,416.8316955566406,398.5816345214844
1859,310.0421142578125,317.2914123535156,412.2585754394531,375.6244812011719,360.5457763671875,230.47149658203125,420.82696533203125,216.39794921875,317.0690612792969,319.60772705078125
1860,330.59259033203125,347.09136962890625,603.8743286132812,479.71966552734375,394.57781982421875,212.0474395751953,484.3799133300781,261.4207458496094,485.4590148925781,276.97662353515625
1861,396.8973388671875,376.62799072265625,503.6665954589844,501.7646789550781,520.8858032226562,280.2030029296875,482.4992370605469,273.6349182128906,482.1087646484375,379.0765380859375
1862,395.615478515625,391.6144714355469,580.91015625,512.7106323242188,457.0129089355469,337.1159362792969,613.646240234375,296.9718017578125,519.0806884765625,512.9171142578125
1863,251.57305908203125,238.7348175048828,428.1626281738281,432.4739685058594,459.50579833984375,166.11288452148438,634.2638549804688,269.6688537597656,449.8005676269531,453.0225830078125
1864,382.41204833984375,336.2117614746094,475.2123718261719,477.4473571777344,453.0619812011719,224.6903076171875,0,296.4023132324219,490.34234619140625,505.1756591796875
1865,391.678955078125,273.876220703125,519.0022583007812,378.8033142089844,396.80010986328125,176.297119140625,310.7198791503906,293.0784912109375,476.0224609375,505.9227600097656
1866,379.1072998046875,321.04925537109375,401.3919982910156,430.7626037597656,375.2048645019531,316.42462158203125,316.2271728515625,306.3048095703125,398.5387878417969,554.9266357421875
1867,327.43121337890625,259.5691223144531,365.8638000488281,348.4096984863281,377.61517333984375,274.1065673828125,254.69247436523438,264.2564392089844,377.982177734375,263.7918395996094
1868,417.7858581542969,320.2475280761719,585.0877685546875,428.0871276855469,491.5578918457031,332.1819152832031,385.0746154785156,338.1263732910156,525.8223266601562,461.5908203125
1869,424.9325866699219,491.59173583984375,232.50433349609375,431.9216003417969,375.6831359863281,0,413.2304382324219,306.4836730957031,354.0926818847656,410.4127197265625
1870,277.6144714355469,268.61285400390625,476.96417236328125,215.4729461669922,298.93658447265625,461.5176086425781,331.83123779296875,253.4984588623047,241.8556671142578,331.30511474609375
1871,432.0797424316406,365.3285217285156,554.5711059570312,478.5140686035156,434.097412109375,454.70050048828125,380.8590087890625,334.16766357421875,449.58074951171875,437.48382568359375
1872,363.89306640625,317.98162841796875,386.9012756347656,427.0783386230469,347.17266845703125,356.85064697265625,316.45611572265625,310.30474853515625,498.5719299316406,458.76507568359375
1873,257.64642333984375,355.7637939453125,524.3115234375,451.2931823730469,340.77459716796875,405.4811706542969,261.3893127441406,322.3476867675781,403.0594787597656,327.2250061035156
1874,423.24993896484375,361.235107421875,482.9010925292969,392.0317687988281,255.5660858154297,427.0174255371094,361.073486328125,353.9140625,422.23876953125,430.90057373046875
1875,537.4642333984375,323.93231201171875,607.9630126953125,385.8590087890625,378.12451171875,320.3299255371094,423.033203125,345.0473327636719,624.1738891601562,362.5454406738281
1876,423.50079345703125,348.8157958984375,425.1465148925781,337.12158203125,425.3551330566406,388.0255432128906,332.5111389160156,311.88104248046875,484.899169921875,374.9336853027344
1877,601.2830200195312,354.9393310546875,576.4915771484375,336.7075500488281,506.27081298828125,329.40447998046875,397.9683532714844,353.5149841308594,628.5438232421875,351.56402587890625
1878,79.6329116821289,183.24917602539062,575.5093383789062,295.2410583496094,550.3810424804688,283.709716796875,425.4508972167969,284.6038513183594,659.65087890625,311.32147216796875
1879,569.3867797851562,366.1206359863281,506.9587097167969,382.2428283691406,512.2449340820312,365.1659851074219,416.5713195800781,400.2890319824219,743.7130126953125,248.69964599609375
1880,287.5744323730469,300.7497863769531,612.8304443359375,490.1202697753906,492.47991943359375,293.837646484375,463.0919494628906,373.8115234375,693.2426147460938,156.5330810546875
1881,229.7614288330078,315.22479248046875,399.2200927734375,417.9527587890625,375.4927978515625,255.8717041015625,270.9800109863281,309.22808837890625,769.0938110351562,162.56443786621094
1882,279.5262451171875,349.08074951171875,554.102783203125,371.86444091796875,501.9897766113281,353.0514221191406,401.8649597167969,358.7935485839844,772.549560546875,207.67103576660156
1883,258.82244873046875,321.2314147949219,462.0775146484375,527.5296020507812,437.257080078125,296.2656555175781,365.32574462890625,323.0543212890625,906.1469116210938,182.6021728515625
1884,362.5932922363281,398.99365234375,388.9796142578125,542.6732788085938,189.772705078125,427.6246643066406,367.613037109375,339.7793884277344,641.6129150390625,309.9050598144531
1885,346.04364013671875,386.0244140625,218.11862182617188,0,153.5555419921875,387.0744934082031,409.2570495605469,331.1533508300781,495.1474914550781,319.2177734375
1886,262.0434875488281,342.9917297363281,420.7946472167969,0,403.55596923828125,401.89434814453125,352.8673095703125,306.1078186035156,685.39404296875,255.4095916748047
1887,377.5370178222656,336.7934265136719,626.1627807617188,0,445.3921813964844,343.3084716796875,413.0094909667969,288.91815185546875,797.4581298828125,215.87106323242188
1888,363.9897155761719,309.0732116699219,557.0223388671875,0,481.2987976074219,310.03564453125,451.0895690917969,303.46075439453125,689.4412841796875,164.12057495117188
1889,304.2309875488281,287.6171875,0,0,360.8484802246094,368.73675537109375,297.05584716796875,315.7516784667969,701.5383911132812,182.90000915527344
1890,294.65625,309.9580383300781,0,0,462.3017883300781,390.18829345703125,442.5740051269531,358.1341857910156,888.9035034179688,229.5450897216797
1891,317.58148193359375,327.7987365722656,0,0,521.9794921875,409.7326354980469,445.106689453125,350.5808410644531,1008.4689331054688,172.7310028076172
1892,216.98716735839844,252.30038452148438,0,0,389.79205322265625,297.68096923828125,351.2568054199219,285.383056640625,0,161.5011749267578
1893,251.63182067871094,309.549072265625,0,0,497.67626953125,279.28607177734375,348.9452209472656,307.4161071777344,656.92919921875,187.2863311767578
1894,225.5249481201172,290.26287841796875,0,0,472.08709716796875,247.39602661132812,355.19940185546875,286.9139099121094,330.7626647949219,170.7517547607422
1895,319.64569091796875,361.27099609375,0,0,459.7649230957031,260.086181640625,424.77276611328125,313.6883544921875,400.0978698730469,200.99346923828125
1896,261.4231872558594,354.4501953125,0,0,535.5767211914062,298.61065673828125,521.3226928710938,330.1440124511719,731.4186401367188,272.48406982421875
1897,190.24473571777344,341.210693359375,0,0,603.9461669921875,261.08917236328125,530.34228515625,294.2838439941406,776.4415283203125,208.10665893554688
1898,230.15187072753906,327.96563720703125,0,0,370.69561767578125,310.5044250488281,351.1362609863281,332.22918701171875,540.9743041992188,265.3772277832031
1899,241.025390625,246.71217346191406,0,0,453.35321044921875,290.6929931640625,430.0619812011719,398.1053466796875,515.852783203125,318.3499755859375
1900,217.9692840576172,264.1318359375,0,0,441.0189514160156,391.2510986328125,248.66383361816406,251.64500427246094,400.0957946777344,247.97360229492188
1901,238.6823272705078,383.54669189453125,0,0,456.7107238769531,377.3578796386719,442.3557434082031,421.85906982421875,539.2127075195312,354.47735595703125
1902,264.4189453125,320.15509033203125,0,0,526.9092407226562,396.9454040527344,487.0004577636719,421.3055114746094,561.9279174804688,366.389892578125
1903,326.8004455566406,256.9892272949219,0,0,454.26165771484375,292.79119873046875,332.8213806152344,369.083251953125,583.8685302734375,245.95364379882812
1904,255.61997985839844,290.98968505859375,0,0,387.9043884277344,241.49649047851562,411.4197998046875,341.943115234375,666.6239013671875,261.9121398925781
1905,350.52337646484375,259.9833984375,0,203.29568481445312,412.2212219238281,250.48216247558594,331.2090148925781,339.3390197753906,535.1859130859375,256.5626220703125
1906,319.2336730957031,347.806640625,0,354.71087646484375,474.98016357421875,334.68682861328125,464.115966796875,443.09930419921875,613.2601928710938,303.5538024902344
1907,419.4975280761719,351.5000915527344,0,409.70733642578125,528.0497436523438,456.6795349121094,456.83782958984375,497.2088317871094,718.5064697265625,264.39788818359375
1908,312.6982727050781,408.6651306152344,0,275.8831481933594,654.3196411132812,297.6843566894531,493.1658935546875,394.31268310546875,623.2948608398438,251.54953002929688
1909,291.7208251953125,302.92724609375,0,400.1366882324219,522.8091430664062,344.0479736328125,440.0224914550781,351.55548095703125,578.015869140625,255.8338623046875
1910,231.9252166748047,291.6521301269531,0,237.67539978027344,595.2640991210938,298.5681457519531,382.6435241699219,366.0672912597656,584.5547485351562,215.8246612548828
1911,314.67462158203125,344.7398376464844,0,437.0649719238281,562.6124877929688,277.18121337890625,479.4615783691406,400.6251220703125,618.1954956054688,252.94577026367188
1912,292.384033203125,379.3578796386719,0,366.3826904296875,484.7906799316406,331.43609619140625,369.4346618652344,411.26318359375,519.0603637695312,316.281005859375
1913,272.936767578125,437.7322692871094,0,372.77099609375,483.1475830078125,450.8337707519531,502.35113525390625,442.9195556640625,648.0906982421875,211.3227081298828
1914,216.1685028076172,442.1507568359375,0,388.9589538574219,773.9326782226562,287.0083312988281,682.4616088867188,431.55523681640625,778.840576171875,215.82115173339844
1915,248.38548278808594,487.1187744140625,0,359.2260437011719,359.74591064453125,392.88433837890625,672.6485595703125,414.8084411621094,734.5261840820312,296.0401306152344
1916,265.4197998046875,794.0120239257812,0,357.296630859375,400.1226501464844,302.8485107421875,607.807373046875,432.3409729003906,702.71728515625,247.63511657714844
1917,226.60597229003906,655.9625244140625,0,387.87750244140625,440.7248229980469,240.7625274658203,637.9810180664062,366.8291320800781,741.9227905273438,259.70147705078125
1918,268.4432678222656,727.4578857421875,0,377.4914855957031,515.1749267578125,355.05438232421875,622.3208618164062,409.8916320800781,683.6846923828125,252.4431610107422
1919,251.6951904296875,653.123046875,0,450.43450927734375,463.6402893066406,310.22015380859375,726.5157470703125,461.1719970703125,778.7926635742188,220.91561889648438
1920,308.8284606933594,715.1682739257812,0,321.81103515625,492.6622619628906,380.4981994628906,727.3453369140625,516.2406005859375,779.0738525390625,287.6622314453125
1921,289.3895568847656,630.5410766601562,0,343.3869323730469,376.68695068359375,209.81146240234375,670.2174682617188,353.4903869628906,669.5098876953125,179.84762573242188
1922,230.35009765625,600.0288696289062,0,221.88739013671875,443.99591064453125,228.34764099121094,532.8779296875,390.4048767089844,744.1860961914062,207.62355041503906
1923,321.2392578125,648.094970703125,0,308.8851318359375,495.1910400390625,347.54638671875,653.9169311523438,474.4273681640625,743.5336303710938,368.4380187988281
1924,290.9396057128906,493.3968505859375,0,248.9792938232422,430.392578125,331.07781982421875,747.7920532226562,363.842041015625,788.8867797851562,226.33001708984375
1925,300.0924377441406,497.471923828125,0,361.44622802734375,473.4741516113281,365.57403564453125,752.3173217773438,486.7494812011719,751.764892578125,229.32115173339844
1926,328.1728515625,498.4805908203125,0,280.556396484375,385.8575439453125,344.91436767578125,632.1864013671875,430.4242858886719,734.7247924804688,229.39437866210938
1927,334.9671630859375,475.42059326171875,0,341.8238525390625,385.9992370605469,411.4700012207031,566.7593994140625,488.2600402832031,598.4612426757812,264.1431884765625
1928,304.8367004394531,444.3853759765625,0,269.7195129394531,416.5957336425781,438.0287780761719,858.6090698242188,454.0477294921875,705.1485595703125,219.27188110351562
1929,391.9554443359375,501.15020751953125,0,327.69317626953125,355.19329833984375,345.0921936035156,772.6403198242188,391.72882080078125,654.4114990234375,240.05210876464844
1930,408.8327331542969,392.33319091796875,0,286.10650634765625,332.0650329589844,380.4896240234375,677.71630859375,408.4249572753906,553.2913208007812,220.46337890625
1931,445.9289855957031,506.4223327636719,0,351.0435485839844,345.5270690917969,347.45294189453125,467.7503967285156,372.17529296875,631.7819213867188,264.15771484375
1932,0,412.59136962890625,0,296.08099365234375,283.5807800292969,562.7169189453125,517.7965087890625,371.2315673828125,708.0081787109375,268.011474609375
1933,0,456.9435119628906,0,280.7394104003906,364.2552185058594,0,558.2408447265625,506.443359375,729.2955322265625,244.8565216064453
1934,0,394.49310302734375,0,332.132568359375,370.8245849609375,0,485.54779052734375,356.55352783203125,608.1768188476562,226.26766967773438
1935,0,390.10687255859375,0,366.9751892089844,416.14862060546875,0,461.749267578125,375.2553405761719,675.9204711914062,173.82789611816406
1936,0,434.88916015625,0,360.165283203125,373.4989318847656,410.8221740722656,419.7381896972656,355.1231384277344,537.2958374023438,202.34373474121094
1937,325.150390625,516.4227294921875,0,431.4923400878906,264.4449768066406,500.91650390625,469.67205810546875,522.3587036132812,671.615966796875,246.86245727539062
1938,282.81268310546875,381.9993896484375,0,289.7852478027344,273.0847473144531,419.7695007324219,462.0115966796875,382.1320495605469,395.3674011230469,224.85733032226562
1939,197.83563232421875,439.5799255371094,0,319.2341613769531,272.6591491699219,442.3723449707031,483.3533630371094,469.3085632324219,442.7710266113281,286.8217468261719
1940,253.67401123046875,412.2575988769531,0,252.7299346923828,398.17724609375,520.0682983398438,602.6680908203125,453.4928894042969,450.1895446777344,237.880615234375
1941,174.51727294921875,539.4168701171875,408.57098388671875,261.5693664550781,431.08843994140625,425.939697265625,518.1044921875,121.53890228271484,399.9999694824219,303.8282775878906
1942,248.02871704101562,445.296875,355.3460998535156,217.04193115234375,322.4106140136719,415.97430419921875,571.8696899414062,515.3359375,276.6644592285156,225.40908813476562
1943,211.4532928466797,546.9606323242188,382.6440124511719,161.6094970703125,392.0915222167969,448.2726745605469,542.642333984375,507.0248107910156,338.77374267578125,438.350341796875
1944,220.11509704589844,467.9888916015625,251.09036254882812,214.2944793701172,449.710205078125,423.89471435546875,468.84478759765625,517.449951171875,274.282470703125,310.28424072265625
1945,212.770263671875,514.2078857421875,443.3629455566406,151.18247985839844,532.076904296875,501.6745300292969,556.5474243164062,527.0994262695312,328.2888488769531,498.7132873535156
1946,186.61849975585938,451.806640625,429.51666259765625,161.94351196289062,396.92071533203125,463.0209045410156,453.5322265625,495.0494689941406,311.042236328125,274.5320129394531
1947,182.51171875,455.2613525390625,145.2676544189453,166.51510620117188,145.11428833007812,215.14422607421875,187.98977661132812,349.9247741699219,313.4507141113281,251.80960083007812
1948,168.6698760986328,493.71484375,469.56951904296875,158.0333251953125,347.31671142578125,348.504638671875,495.9981994628906,559.5282592773438,250.35980224609375,376.8949890136719
1949,196.7235870361328,392.7900695800781,223.65545654296875,141.20880126953125,243.24246215820312,341.6106262207031,365.50567626953125,374.5064697265625,249.3017120361328,284.9821472167969
1950,193.04953002929688,565.1248168945312,332.7050476074219,187.40960693359375,412.3936767578125,333.4329833984375,478.8128356933594,519.2877807617188,313.53778076171875,442.6578674316406
1951,176.55941772460938,499.5946044921875,342.8675842285156,161.33816528320312,434.90032958984375,384.79669189453125,578.4520874023438,548.1343383789062,330.5283203125,345.60101318359375
1952,194.2887725830078,479.71966552734375,422.05462646484375,183.3307342529297,438.3839111328125,346.47491455078125,524.3405151367188,602.380615234375,323.4245910644531,407.02117919921875
1953,140.95565795898438,503.243896484375,441.6296081542969,113.12979125976562,307.7305603027344,375.02288818359375,441.68115234375,423.6648864746094,263.5686950683594,417.1761474609375
1954,202.8974151611328,601.9732055664062,333.370849609375,178.03631591796875,389.69842529296875,381.5489807128906,559.83837890625,579.7581176757812,336.64080810546875,434.2962341308594
1955,306.27960205078125,618.0164184570312,413.1260070800781,218.91705322265625,422.84197998046875,0,629.0057983398438,580.6026611328125,331.1416931152344,403.8318176269531
1956,210.26414489746094,499.4145812988281,303.8594055175781,111.18497467041016,398.419677734375,0,463.6913757324219,457.1822814941406,241.6151580810547,354.3912658691406
1957,323.7186584472656,550.7503051757812,407.9600830078125,109.13044738769531,480.98974609375,0,563.6018676757812,482.2224426269531,222.36456298828125,382.48858642578125
1958,198.92440795898438,523.1751098632812,190.7845001220703,139.60427856445312,387.49993896484375,0,422.49078369140625,388.7014465332031,291.98980712890625,347.51422119140625
1959,268.8721618652344,665.9978637695312,357.446044921875,130.2367706298828,498.8583679199219,0,584.9569091796875,494.4537048339844,485.7779846191406,345.2818298339844
1960,358.4183654785156,658.9309692382812,312.3252868652344,228.2699737548828,493.33941650390625,0,624.7892456054688,672.9197998046875,660.6220092773438,476.796630859375
1961,315.0967712402344,571.8776245117188,334.7188720703125,263.83575439453125,406.9708251953125,0,563.926025390625,670.0790405273438,660.7948608398438,430.78021240234375
1962,315.8084411621094,618.677734375,300.44281005859375,223.3761749267578,443.16107177734375,0,560.4828491210938,653.2304077148438,697.3218994140625,448.9617614746094
1963,339.7838439941406,543.081787109375,216.23252868652344,255.50999450683594,407.56317138671875,0,448.63067626953125,593.6861572265625,352.0469970703125,374.7484130859375
1964,283.2570495605469,606.3692016601562,301.71026611328125,257.0279235839844,467.3612976074219,0,550.7908935546875,546.814208984375,494.43121337890625,409.41070556640625
1965,362.43304443359375,536.5230102539062,307.5179748535156,230.10293579101562,390.4318542480469,0,456.6201171875,438.9639892578125,341.9866638183594,285.2696838378906
1966,332.309326171875,654.1553344726562,336.4156799316406,294.26318359375,363.4788818359375,0,533.6168823242188,646.3365478515625,425.025146484375,416.07684326171875
1967,361.5733337402344,718.0074462890625,355.3298645019531,269.3528747558594,464.4519348144531,0,554.1840209960938,575.9392700195312,407.55059814453125,356.12689208984375
1968,368.4629821777344,665.2608642578125,341.9989013671875,337.7381591796875,384.2687683105469,0,562.724853515625,660.9883422851562,373.5423889160156,394.3136291503906
1969,334.80694580078125,606.8812866210938,355.20794677734375,322.9687194824219,509.962890625,0,575.396728515625,545.4805908203125,376.0198059082031,357.5633544921875
1970,302.3953552246094,605.96923828125,280.178466796875,330.5041198730469,320.1744384765625,0,390.7099304199219,452.0582580566406,338.8883056640625,394.8299255371094
1971,372.1490478515625,208.71177673339844,142.48883056640625,134.36276245117188,192.5677490234375,0,292.9728088378906,361.2062072753906,297.4205322265625,160.07069396972656
1972,405.82421875,102.41221618652344,363.43438720703125,188.23406982421875,447.5412292480469,0,630.44580078125,725.3436279296875,387.8215637207031,420.0510559082031
1973,365.37640380859375,626.6511840820312,295.32305908203125,314.9371337890625,219.38027954101562,0,330.9962158203125,530.3662719726562,342.8658447265625,213.04022216796875
1974,207.21444702148438,402.4327087402344,275.5222473144531,258.3378601074219,90.51380157470703,0,184.21270751953125,387.1145324707031,215.1795654296875,165.23886108398438
1975,376.49176025390625,679.655029296875,365.42767333984375,337.1885070800781,484.77288818359375,0,608.2566528320312,737.08740234375,377.2176818847656,437.9635009765625
1976,338.8873596191406,618.0975341796875,347.23590087890625,308.2216491699219,424.35333251953125,0,583.83154296875,669.0045776367188,356.87481689453125,399.97021484375
1977,328.34832763671875,468.963623046875,221.6829071044922,237.93971252441406,154.35018920898438,0,431.8492431640625,433.69158935546875,350.0321044921875,298.62933349609375
1978,330.08306884765625,558.2933349609375,364.1941223144531,283.1324462890625,430.9517517089844,0,643.085693359375,510.2342224121094,392.6959228515625,398.9076232910156
1979,347.1690673828125,629.7101440429688,374.7978515625,291.1492614746094,423.9864196777344,0,561.5756225585938,490.38031005859375,387.7229919433594,450.5218505859375
1980,182.31822204589844,113.3254623413086,225.09735107421875,95.77338409423828,138.40164184570312,0,138.25730895996094,168.1348419189453,201.01295471191406,232.0528106689453
1981,379.4973449707031,704.05615234375,353.99908447265625,330.6885681152344,401.09613037109375,0,633.9921264648438,511.85693359375,384.1117248535156,362.1557312011719
1982,328.024658203125,687.9398803710938,370.2660827636719,342.7367858886719,442.8056945800781,0,633.46484375,534.9200439453125,382.7239074707031,321.6037292480469
1983,362.4276428222656,634.7549438476562,391.51220703125,360.82952880859375,424.6143493652344,0,594.76123046875,529.2066040039062,348.56390380859375,392.436279296875
1984,271.6633605957031,728.223876953125,339.8837890625,293.1202697753906,416.7167053222656,0,615.24658203125,418.3262939453125,209.94900512695312,378.4289855957031
1985,478.6509704589844,506.83990478515625,214.44911193847656,349.85174560546875,342.69573974609375,0,412.0976257324219,528.3153686523438,464.3013916015625,486.17315673828125
1986,289.9349365234375,610.2418212890625,334.6805419921875,273.7311096191406,468.7917175292969,0,501.8887023925781,456.8643493652344,345.8334655761719,379.8293762207031
1987,273.0232849121094,507.4930419921875,353.5877685546875,224.3677978515625,275.00482177734375,0,231.88064575195312,373.35107421875,351.6286926269531,357.7528381347656
1988,402.3383483886719,610.952392578125,398.2421569824219,385.2679443359375,424.47674560546875,0,560.6344604492188,549.3898315429688,441.7831726074219,409.06121826171875
1989,309.1587829589844,154.98391723632812,179.38226318359375,290.2948913574219,179.7115936279297,0,66.09402465820312,221.8521728515625,412.07513427734375,292.121337890625
1990,345.6815185546875,475.611572265625,387.2269592285156,335.3787841796875,468.5221252441406,0,591.9806518554688,417.5375671386719,401.71881103515625,376.08734130859375
1991,363.18499755859375,582.1094360351562,338.30218505859375,359.7328796386719,467.2105712890625,0,476.7228088378906,436.5913391113281,309.5906982421875,389.4776916503906
1992,427.6392822265625,572.0255126953125,356.5909423828125,367.7990417480469,390.2081298828125,0,310.0469055175781,394.3831787109375,266.7312927246094,466.9928283691406
1993,444.0337219238281,637.7861938476562,388.39190673828125,321.1969909667969,324.20098876953125,0,445.0149230957031,462.93267822265625,387.3467712402344,468.2826232910156
1994,397.84063720703125,604.7972412109375,332.4773864746094,330.7687072753906,425.355224609375,0,450.167236328125,471.5488586425781,262.42681884765625,431.1340026855469
1995,397.7408447265625,619.2752685546875,347.8836975097656,241.58668518066406,379.4879150390625,0,370.9673767089844,370.16827392578125,260.8551940917969,396.98602294921875
1996,443.84075927734375,682.4021606445312,439.9867248535156,405.477783203125,434.6809997558594,0,516.5652465820312,398.32379150390625,301.1769104003906,423.8450622558594
1997,356.56988525390625,550.4898681640625,337.93115234375,262.7113342285156,134.91749572753906,0,312.8763122558594,300.0512390136719,237.58950805664062,371.5217590332031
1998,538.806884765625,745.68994140625,361.8538818359375,374.789794921875,434.2445983886719,0,543.4756469726562,394.9718322753906,271.9488525390625,510.7805480957031
1999,525.4719848632812,491.0877685546875,312.1942138671875,362.544921875,286.4842224121094,0,298.03802490234375,353.0687255859375,295.16912841796875,452.7668762207031
2000,529.2830200195312,643.3135986328125,362.8691711425781,343.8334655761719,371.890625,0,473.65924072265625,358.4388122558594,333.2215881347656,479.0426330566406
2001,557.9920043945312,768.9151611328125,447.0087890625,437.5535583496094,495.1683349609375,0,577.110107421875,383.0548095703125,288.2012023925781,484.55548095703125
2002,505.6496276855469,641.91357421875,410.6297607421875,381.198486328125,460.91748046875,0,514.418701171875,341.5028381347656,310.57281494140625,458.3431091308594
2003,534.6227416992188,754.0519409179688,421.4567565917969,356.48260498046875,408.3753356933594,0,412.3599853515625,371.50189208984375,355.1657409667969,429.7225341796875
2004,381.04229736328125,573.6422729492188,344.6256408691406,343.74859619140625,359.0615234375,0,219.56915283203125,317.55084228515625,347.2602233886719,427.1722717285156
2005,568.8900756835938,510.7841491699219,334.7554626464844,288.4989318847656,359.2246398925781,0,296.9776611328125,317.8416442871094,271.0343017578125,394.8724060058594
2006,593.2640991210938,467.8654479980469,409.5558166503906,351.7728576660156,442.41986083984375,0,454.1089782714844,412.42010498046875,318.87445068359375,420.9461364746094
2007,547.7274780273438,517.633544921875,350.074951171875,329.3033142089844,164.09901428222656,0,248.75941467285156,351.0906982421875,406.46429443359375,408.7002258300781
2008,563.3512573242188,658.9673461914062,427.05950927734375,337.73773193359375,477.8746643066406,0,553.4988403320312,374.09100341796875,417.3317565917969,485.289306640625
2009,644.8174438476562,592.651123046875,409.6395568847656,358.6589660644531,467.71942138671875,0,510.80120849609375,370.6570739746094,301.3867492675781,432.4068298339844
2010,566.6190795898438,609.9447631835938,390.01806640625,416.3987731933594,433.3807678222656,0,442.7395935058594,405.53271484375,376.39520263671875,526.4674072265625
2011,611.31005859375,562.375,404.6877746582031,378.2514953613281,286.2957763671875,0,174.8115997314453,383.9553527832031,338.94586181640625,478.5484924316406
2012,496.609375,643.1701049804688,387.7144470214844,396.3359680175781,444.2660827636719,0,451.4325256347656,387.6285400390625,322.867431640625,395.3257141113281
2013,574.9288940429688,610.5803833007812,376.1304931640625,405.2112731933594,508.19805908203125,0,452.5581359863281,444.8409118652344,328.3823547363281,394.7796936035156
2014,629.8239135742188,628.134033203125,388.4765930175781,387.0515441894531,530.56591796875,0,477.35205078125,410.0834655761719,397.154296875,415.9786071777344
2015,650.2259521484375,614.2054443359375,468.75909423828125,429.2987365722656,456.7801818847656,248.9897918701172,535.54443359375,429.2504577636719,387.5026550292969,487.44073486328125
2016,595.902587890625,485.5770263671875,382.5534362792969,407.9361572265625,448.7774963378906,0,301.5744323730469,381.2825012207031,376.8381652832031,383.7938537597656
2017,693.0261840820312,568.9697265625,420.7018127441406,377.5966796875,464.4005432128906,0,235.2036590576172,417.1534423828125,304.8110656738281,424.6308898925781
2018,610.5125732421875,547.5341186523438,366.6123352050781,369.7816467285156,500.6402282714844,0,463.26611328125,371.9369201660156,359.7910461425781,397.62176513671875
2019,684.4680786132812,622.9059448242188,391.05474853515625,336.15985107421875,522.891845703125,0,496.29449462890625,365.708251953125,405.992919921875,421.5576477050781
2020,748.4766845703125,498.84649658203125,364.5726013183594,386.4098205566406,509.24530029296875,0,180.034423828125,417.82958984375,296.9484558105469,429.74285888671875
2021,659.8944702148438,586.7600708007812,349.67059326171875,368.07916259765625,560.0394897460938,0,444.00775146484375,388.83721923828125,471.32806396484375,400.9904479980469
2022,734.1493530273438,650.414306640625,419.4881591796875,392.969482421875,593.7410888671875,0,383.02471923828125,468.7589111328125,553.0919189453125,422.84368896484375
2023,0,1389.26513671875,0,0,0,0,0,614.7307739257812