year,DradBIL01_,DradBIL02_,DradBIL04_,DradBIL06_,DradBIL07_,DradBIL10_,DradBIL11_,DradBIL13_,DradBIL14_,DradBIL16_
1835,0,0,0,12.701778411865234
1836,0,0,0,15.041407585144043
1837,0,0,0,14.588135719299316
1838,0,0,0,15.773331642150879
1839,0,0,0,15.774142265319824
1840,0,0,0,19.79807472229004
1841,0,0,0,19.545642852783203,0,0,0,0,15.255962371826172
1842,0,0,0,21.309839248657227,0,0,0,0,15.586553573608398
1843,0,0,0,19.87346076965332,0,0,0,0,17.25779151916504
1844,0,10.283626556396484,12.394678115844727,18.623706817626953,0,0,0,0,15.149901390075684
1845,0,17.67549705505371,19.235933303833008,22.619186401367188,0,0,0,0,18.988691329956055
1846,0,19.977537155151367,21.70542335510254,23.342145919799805,0,0,0,0,21.15054702758789
1847,0,15.331340789794922,22.440513610839844,19.366317749023438,0,0,0,0,18.76922035217285
1848,0,17.95152473449707,21.8028621673584,23.838228225708008,0,0,0,0,20.22157859802246
1849,0,16.536256790161133,19.298070907592773,23.60499382019043,0,0,0,0,20.357772827148438
1850,0,17.528955459594727,19.277814865112305,19.12506675720215,0,0,0,0,17.851457595825195
1851,0,17.939668655395508,18.914491653442383,21.501590728759766,0,0,0,9.748793601989746,17.91795539855957
1852,0,17.485387802124023,19.351715087890625,20.214672088623047,0,0,0,9.857651710510254,19.89118766784668
1853,17.470714569091797,21.649084091186523,22.12325668334961,19.354652404785156,13.37288761138916,0,0,12.440836906433105,22.783403396606445,20.833406448364258
1854,20.803329467773438,21.800291061401367,19.6138973236084,19.67635726928711,12.569119453430176,0,0,12.357047080993652,17.13555335998535,18.42867660522461
1855,22.430435180664062,21.83308982849121,22.364809036254883,18.48679542541504,14.068665504455566,0,0,13.714980125427246,21.71629524230957,23.061660766601562
1856,13.749038696289062,17.39992904663086,20.312789916992188,17.75594711303711,11.912495613098145,0,0,13.429719924926758,16.130552291870117,19.279664993286133
1857,14.452178001403809,17.836347579956055,17.665164947509766,19.980785369873047,10.873543739318848,0,0,13.010947227478027,16.901832580566406,17.770605087280273
1858,18.723325729370117,22.815013885498047,25.317718505859375,20.881507873535156,14.19788932800293,0,0,17.229429244995117,22.23318862915039,23.320405960083008
1859,15.858166694641113,18.3104248046875,21.984254837036133,15.817815780639648,12.263513565063477,0,0,16.489316940307617,17.575069427490234,18.85396957397461
1860,20.85426902770996,24.582199096679688,24.51734733581543,22.96201515197754,14.95495319366455,0,16.08883285522461,19.47332763671875,24.098751068115234,23.26019859313965
1861,25.796785354614258,29.72779083251953,28.387104034423828,30.186763763427734,16.955976486206055,0,24.44463539123535,23.191282272338867,26.241933822631836,24.727455139160156
1862,21.366436004638672,20.078563690185547,20.840248107910156,19.568510055541992,17.638383865356445,0,16.218210220336914,19.75005531311035,19.745351791381836,20.596263885498047
1863,24.3315372467041,22.952741622924805,26.78645896911621,28.1060848236084,18.19988250732422,0,22.09771156311035,22.79973030090332,22.204736709594727,24.61273193359375
1864,20.569948196411133,18.92355728149414,19.29326057434082,16.978315353393555,17.62868881225586,0,14.922550201416016,17.91985511779785,19.373140335083008,18.621580123901367
1865,20.934972763061523,20.341793060302734,26.903059005737305,24.49359130859375,13.99994945526123,25.16539764404297,19.349733352661133,14.16086483001709,15.019009590148926,22.530000686645508
1866,19.8458194732666,23.400049209594727,24.11526870727539,24.222007751464844,14.78382396697998,30.72702980041504,16.677213668823242,14.004594802856445,20.086740493774414,20.072845458984375
1867,21.901996612548828,24.674030303955078,25.053918838500977,26.12041664123535,14.036608695983887,30.310569763183594,16.34700584411621,15.470222473144531,25.92927360534668,21.92317008972168
1868,19.603456497192383,25.406076431274414,24.153518676757812,29.22205352783203,18.59474754333496,29.63912010192871,18.64669418334961,16.952457427978516,24.703767776489258,23.042020797729492
1869,21.809696197509766,22.195579528808594,27.195573806762695,29.345951080322266,17.75210189819336,27.5722599029541,21.470853805541992,17.176267623901367,25.08457374572754,20.738351821899414
1870,24.380708694458008,25.79147720336914,28.096633911132812,30.08962059020996,21.632442474365234,27.664045333862305,20.240726470947266,19.939380645751953,25.723482131958008,25.824790954589844
1871,25.956199645996094,21.822446823120117,29.076290130615234,32.40647888183594,22.26634407043457,27.123394012451172,22.621723175048828,21.145601272583008,28.16229820251465,27.363859176635742
1872,22.124319076538086,17.954364776611328,27.162500381469727,21.505695343017578,16.297330856323242,22.495616912841797,18.714799880981445,18.377222061157227,23.443994522094727,23.098527908325195
1873,24.475120544433594,19.4635009765625,28.452770233154297,25.158363342285156,21.135723114013672,25.394519805908203,18.377016067504883,22.391075134277344,25.293045043945312,26.68418312072754
1874,23.064125061035156,16.251802444458008,25.79180335998535,19.233455657958984,17.031951904296875,22.04108238220215,17.968433380126953,21.133066177368164,21.81390953063965,24.47406768798828
1875,29.22748565673828,20.52240562438965,30.180509567260742,26.059839248657227,22.033254623413086,24.746034622192383,22.78175926208496,24.43787956237793,25.836557388305664,28.34443473815918
1876,22.973739624023438,20.044776916503906,26.465801239013672,19.4534969329834,19.285179138183594,21.182083129882812,21.787839889526367,20.79578971862793,21.730493545532227,21.085723876953125
1877,27.365142822265625,21.345680236816406,29.40676498413086,26.12765884399414,20.542686462402344,22.48056983947754,21.124170303344727,22.100473403930664,26.104637145996094,25.555381774902344
1878,26.27815055847168,19.507783889770508,28.951982498168945,24.06899642944336,21.63802146911621,23.716224670410156,19.199052810668945,22.608272552490234,28.076953887939453,25.47865104675293
1879,23.580230712890625,18.387672424316406,24.189491271972656,26.233505249023438,19.2442569732666,25.756227493286133,18.07501983642578,22.356855392456055,28.09903907775879,24.03103256225586
1880,27.351831436157227,19.947999954223633,27.995281219482422,24.49469566345215,20.272602081298828,23.26108741760254,20.263418197631836,23.127790451049805,22.778335571289062,24.203514099121094
1881,21.455787658691406,20.417470932006836,30.22144317626953,25.653486251831055,19.27833366394043,28.935714721679688,22.626211166381836,24.368318557739258,27.617095947265625,28.287029266357422
1882,24.640735626220703,19.413536071777344,27.306503295898438,19.668399810791016,15.577475547790527,23.585102081298828,19.545269012451172,20.64936637878418,22.20115089416504,22.139448165893555
1883,22.205360412597656,21.180261611938477,23.450592041015625,25.611942291259766,20.92702865600586,24.71993064880371,21.046409606933594,22.01371192932129,23.794239044189453,25.186155319213867
1884,27.72919273376465,22.475078582763672,31.06358528137207,25.89807891845703,21.49590301513672,25.26982307434082,25.76706886291504,22.16284942626953,30.383625030517578,26.22056770324707
1885,25.326881408691406,23.533117294311523,30.227914810180664,26.242773056030273,21.45628547668457,24.175275802612305,19.68885040283203,21.953218460083008,25.886539459228516,25.494916915893555
1886,27.797924041748047,22.958011627197266,24.37395668029785,24.369874954223633,23.389406204223633,27.792573928833008,24.951953887939453,22.742107391357422,24.990095138549805,27.156219482421875
1887,24.534719467163086,21.05333709716797,26.364845275878906,24.913898468017578,21.084192276000977,24.32366371154785,18.851783752441406,20.124771118164062,27.123323440551758,24.35936164855957
1888,31.507122039794922,19.121318817138672,29.296340942382812,21.67878532409668,19.827247619628906,28.09074592590332,22.376007080078125,22.452621459960938,31.140399932861328,28.33517074584961
1889,23.4039306640625,25.914690017700195,28.79248809814453,26.31351661682129,19.964672088623047,28.380353927612305,23.88485336303711,24.952974319458008,30.496978759765625,28.52983856201172
1890,24.913122177124023,21.553096771240234,27.11471939086914,23.506847381591797,22.173906326293945,25.994741439819336,21.090290069580078,22.48008918762207,34.806312561035156,25.54081916809082
1891,30.254962921142578,24.742155075073242,30.898536682128906,24.603130340576172,23.103986740112305,26.38628387451172,25.683971405029297,24.558151245117188,31.76778793334961,28.04182243347168
1892,29.705955505371094,24.045150756835938,32.234737396240234,25.605344772338867,23.972686767578125,30.509201049804688,25.761066436767578,26.444499969482422,36.15196990966797,28.170957565307617
1893,25.702648162841797,20.355775833129883,23.440204620361328,17.881122589111328,20.590274810791016,19.75053596496582,19.927398681640625,17.40150260925293,23.411928176879883,22.255027770996094
1894,29.3145809173584,21.1008243560791,28.674890518188477,22.268775939941406,21.72060775756836,26.157262802124023,24.359582901000977,21.541805267333984,19.225101470947266,29.466787338256836
1895,23.990331649780273,19.183076858520508,26.457988739013672,19.451086044311523,17.607770919799805,26.21629524230957,20.72056770324707,19.824342727661133,27.325931549072266,24.795331954956055
1896,24.873003005981445,19.52486801147461,27.010223388671875,26.012664794921875,20.819969177246094,23.98824119567871,19.329574584960938,18.447980880737305,24.21126365661621,25.56343650817871
1897,26.29431915283203,22.460718154907227,31.254507064819336,23.824716567993164,20.52057647705078,23.386274337768555,24.248289108276367,16.845115661621094,28.155887603759766,27.23897361755371
1898,30.296606063842773,24.457395553588867,29.86446762084961,28.58819580078125,19.037717819213867,27.061357498168945,24.700376510620117,20.43987464904785,31.51062774658203,29.23357582092285
1899,27.229217529296875,23.467016220092773,30.17551612854004,19.03329086303711,21.402544021606445,22.296539306640625,22.014671325683594,19.837154388427734,29.517141342163086,30.49827766418457
1900,29.444564819335938,22.24243927001953,32.30317687988281,25.182743072509766,17.830678939819336,26.824575424194336,21.519926071166992,19.39048957824707,28.531085968017578,28.73467254638672
1901,30.571077346801758,26.643165588378906,34.18438720703125,25.883039474487305,23.887714385986328,28.904102325439453,21.787246704101562,21.814279556274414,27.57251739501953,29.18642234802246
1902,29.17634391784668,30.719329833984375,35.60740280151367,27.04551887512207,21.4437198638916,26.441761016845703,29.357255935668945,21.160184860229492,26.69393539428711,29.283720016479492
1903,28.614723205566406,29.115234375,23.727115631103516,27.67528533935547,22.163827896118164,26.41839599609375,25.209928512573242,24.94703483581543,24.27159881591797,24.864364624023438
1904,29.766855239868164,27.38262367248535,32.839298248291016,28.46329689025879,21.86690330505371,28.213897705078125,26.586105346679688,26.041305541992188,28.702350616455078,29.17129898071289
1905,26.137176513671875,24.27872657775879,29.382108688354492,24.64521598815918,24.832265853881836,24.558151245117188,21.765836715698242,24.581085205078125,28.864343643188477,24.524803161621094
1906,29.73155975341797,27.722326278686523,30.598487854003906,32.199241638183594,26.758108139038086,29.35808563232422,26.318336486816406,27.01106071472168,33.94495391845703,28.94545555114746
1907,31.93891143798828,30.738122940063477,30.447799682617188,31.80873680114746,24.67900848388672,31.801105499267578,27.75897789001465,27.999448776245117,34.20708084106445,29.136005401611328
1908,25.37986183166504,25.139751434326172,24.945554733276367,27.722497940063477,16.66020965576172,24.009231567382812,20.89786720275879,26.227375030517578,27.549772262573242,23.85524559020996
1909,26.102710723876953,20.251461029052734,22.906633377075195,19.833999633789062,19.402015686035156,25.754499435424805,25.807418823242188,21.85810661315918,24.07847785949707,20.97812843322754
1910,30.527021408081055,28.25377082824707,30.268346786499023,23.71841812133789,25.253725051879883,23.907011032104492,23.611740112304688,26.44182777404785,27.990402221679688,28.940616607666016
1911,32.242454528808594,25.774192810058594,29.202978134155273,28.26642417907715,22.033695220947266,29.892518997192383,26.4289608001709,27.575958251953125,29.72951889038086,20.67693328857422
1912,30.51031494140625,28.64804458618164,31.68134307861328,25.443588256835938,22.72662353515625,28.631900787353516,24.06505012512207,26.395204544067383,25.292530059814453,25.759971618652344
1913,23.855064392089844,24.818960189819336,24.074230194091797,20.595184326171875,17.963642120361328,25.242938995361328,20.929832458496094,21.60112762451172,25.90489387512207,22.502033233642578
1914,34.70254898071289,26.336381912231445,29.085433959960938,33.17825698852539,24.350862503051758,30.027578353881836,26.987897872924805,32.24721908569336,25.604034423828125,19.846309661865234
1915,30.830835342407227,29.52629852294922,32.16231918334961,29.001787185668945,25.610918045043945,29.901033401489258,29.219839096069336,30.24335479736328,30.944936752319336,22.4162654876709
1916,30.15966796875,28.074052810668945,32.787052154541016,28.41691017150879,21.98634910583496,31.395553588867188,23.63549041748047,28.613664627075195,28.554691314697266,19.899137496948242
1917,32.477027893066406,26.694263458251953,30.883390426635742,29.90285873413086,22.297260284423828,36.811309814453125,22.31087303161621,29.823169708251953,21.28706932067871,21.367366790771484
1918,30.441621780395508,25.989635467529297,33.42866516113281,31.866649627685547,19.199169158935547,28.382492065429688,19.296844482421875,29.644023895263672,27.56806182861328,20.466856002807617
1919,28.52570915222168,25.808319091796875,29.387876510620117,27.41700553894043,16.621034622192383,27.72672462463379,22.28345489501953,25.140161514282227,23.62076759338379,19.15420913696289
1920,28.614181518554688,25.072925567626953,29.319812774658203,29.230993270874023,20.45795249938965,24.196605682373047,25.340930938720703,26.684959411621094,25.302221298217773,22.838808059692383
1921,24.910438537597656,21.887929916381836,18.453777313232422,17.07140350341797,16.932411193847656,25.12838363647461,17.490571975708008,19.199342727661133,18.6103458404541,16.952423095703125
1922,33.26382827758789,30.023670196533203,30.765369415283203,29.081621170043945,22.467811584472656,27.955581665039062,27.16012954711914,30.62559700012207,31.504905700683594,23.32382583618164
1923,28.468236923217773,29.6340274810791,32.6740608215332,30.221860885620117,19.47435188293457,30.626604080200195,23.425535202026367,29.566743850708008,29.201839447021484,21.82740020751953
1924,29.09881019592285,30.652490615844727,34.6015625,29.760711669921875,24.64174461364746,29.25553321838379,26.613401412963867,32.90196228027344,31.134971618652344,26.734004974365234
1925,28.939714431762695,23.28497314453125,30.401308059692383,31.17772674560547,22.855539321899414,29.498151779174805,24.107494354248047,31.042631149291992,32.969444274902344,23.845565795898438
1926,29.619384765625,25.90166664123535,33.79710006713867,32.72348403930664,22.394495010375977,27.620996475219727,24.9578800201416,27.650951385498047,30.33609962463379,24.077579498291016
1927,32.78748321533203,28.241668701171875,31.061798095703125,30.802820205688477,23.810590744018555,30.96514129638672,25.194608688354492,29.60564422607422,31.066574096679688,24.280014038085938
1928,30.031824111938477,22.380327224731445,26.155414581298828,32.20832824707031,23.55594825744629,27.042917251586914,21.71086311340332,29.560659408569336,26.903051376342773,23.631528854370117
1929,31.791576385498047,25.894514083862305,36.74208068847656,35.46247863769531,22.209007263183594,32.352638244628906,23.422990798950195,30.369298934936523,26.444616317749023,26.69319725036621
1930,33.72462463378906,27.355239868164062,26.639616012573242,39.2359619140625,25.6506404876709,31.8743896484375,29.964048385620117,34.92156982421875,28.324459075927734,26.241954803466797
1931,30.42905616760254,24.022064208984375,20.918140411376953,38.168704986572266,21.184133529663086,30.376920700073242,23.474334716796875,28.61344337463379,29.06040382385254,25.373842239379883
1932,32.94987106323242,29.902610778808594,27.311513900756836,35.2653923034668,25.93599510192871,29.943763732910156,28.597965240478516,31.070295333862305,29.98497772216797,30.207927703857422
1933,24.995174407958984,23.653106689453125,23.956872940063477,31.7315673828125,19.9238338470459,32.3598518371582,21.614105224609375,24.478273391723633,23.482759475708008,26.928678512573242
1934,23.67508888244629,19.80534553527832,20.26852035522461,30.776838302612305,17.101207733154297,25.516786575317383,21.364425659179688,22.207063674926758,20.636669158935547,23.391429901123047
1935,29.824689865112305,26.615753173828125,24.844627380371094,36.07601547241211,23.677467346191406,28.678295135498047,25.633045196533203,31.053237915039062,28.845735549926758,26.018266677856445
1936,29.90142059326172,25.384517669677734,27.071340560913086,28.71689224243164,21.221206665039062,24.65118408203125,26.76276397705078,26.481687545776367,27.429183959960938,27.206392288208008
1937,28.408018112182617,33.32856750488281,27.0583553314209,38.840579986572266,21.7359619140625,28.845956802368164,24.639141082763672,28.811185836791992,32.6235237121582,34.06161880493164
1938,28.626466751098633,23.66153907775879,20.39084815979004,30.89551544189453,18.276962280273438,23.088314056396484,20.687711715698242,25.866228103637695,22.023618698120117,24.97813606262207
1939,26.751718521118164,20.195167541503906,25.253215789794922,31.792062759399414,21.774784088134766,26.048503875732422,24.861780166625977,19.03131103515625,22.488744735717773,26.776769638061523
1940,30.657331466674805,28.49228286743164,28.371017456054688,35.105934143066406,22.92574119567871,29.652711868286133,24.61134147644043,25.651517868041992,25.554534912109375,29.054996490478516
1941,28.872234344482422,34.23661422729492,24.025009155273438,38.14934539794922,22.405654907226562,26.91131019592285,23.157907485961914,29.945112228393555,33.12571716308594,33.6566276550293
1942,31.17301368713379,28.94170570373535,28.836830139160156,34.78392028808594,23.764890670776367,28.25465965270996,25.860816955566406,31.893251419067383,37.0275764465332,30.05751609802246
1943,32.35036849975586,26.205554962158203,28.124744415283203,39.55485534667969,26.165584564208984,29.720327377319336,25.907968521118164,29.120586395263672,36.096614837646484,28.458555221557617
1944,30.039451599121094,29.590208053588867,28.618471145629883,39.85454177856445,30.095483779907227,30.200960159301758,27.390249252319336,28.59451675415039,29.630537033081055,31.008880615234375
1945,29.322368621826172,21.993688583374023,25.752145767211914,4.071146011352539,29.659820556640625,30.054492950439453,22.397247314453125,26.357772827148438,31.396451950073242,32.04998016357422
1946,30.539508819580078,32.51028823852539,28.80664825439453,21.37995147705078,24.85903549194336,29.6623477935791,24.821596145629883,23.55880355834961,29.46698760986328,29.13154411315918
1947,33.3139762878418,31.605993270874023,31.39508819580078,27.28385353088379,27.591392517089844,34.287315368652344,28.345705032348633,31.8819637298584,36.46414566040039,34.97679901123047
1948,30.288190841674805,30.944671630859375,32.40996170043945,28.131532669067383,27.18924331665039,34.120330810546875,28.637279510498047,31.899911880493164,30.768779754638672,32.96818542480469
1949,29.131929397583008,26.78785514831543,26.765933990478516,21.985424041748047,23.621179580688477,31.648509979248047,24.34777069091797,30.27337074279785,24.6005802154541,27.602632522583008
1950,27.387346267700195,18.996849060058594,20.286178588867188,18.1967716217041,19.566059112548828,22.232847213745117,19.9805965423584,28.00325584411621,22.22493553161621,20.929424285888672
1951,27.893335342407227,20.73511505126953,24.5882568359375,18.138051986694336,18.98634147644043,23.270036697387695,21.85114860534668,24.127473831176758,24.692468643188477,22.673675537109375
1952,34.49945068359375,31.615192413330078,27.522855758666992,28.870014190673828,24.525466918945312,35.21849060058594,22.473987579345703,37.13642883300781,31.48596954345703,33.97087097167969
1953,31.140417098999023,28.18391990661621,31.113805770874023,31.127592086791992,24.779159545898438,33.469730377197266,24.447986602783203,35.76403045654297,27.63355255126953,34.5950813293457
1954,29.04739761352539,22.922945022583008,26.723642349243164,22.307262420654297,24.35770034790039,29.584901809692383,22.545944213867188,29.3529109954834,28.469331741333008,26.356739044189453
1955,30.45444107055664,25.26673126220703,27.767257690429688,24.49215316772461,22.370506286621094,29.967327117919922,22.6756534576416,31.188377380371094,28.109386444091797,27.374788284301758
1956,30.409395217895508,23.899370193481445,30.268917083740234,24.733287811279297,23.88021469116211,27.965435028076172,23.261974334716797,35.5086784362793,26.044048309326172,28.43794059753418
1957,34.02900314331055,26.512046813964844,36.77076721191406,27.117298126220703,27.457664489746094,29.351093292236328,28.83781623840332,34.657142639160156,27.353025436401367,28.558822631835938
1958,37.33879470825195,23.98084831237793,35.05169677734375,24.66912269592285,26.131574630737305,30.600997924804688,23.37428092956543,38.8178596496582,32.236209869384766,29.259422302246094
1959,34.664306640625,28.503000259399414,37.027164459228516,25.74053192138672,28.24015998840332,27.31401252746582,26.620792388916016,34.27965545654297,22.0444278717041,33.90769958496094
1960,32.860382080078125,28.53685760498047,33.57134246826172,33.23365783691406,26.218961715698242,31.50006866455078,22.41887855529785,38.622859954833984,32.94273376464844,36.115623474121094
1961,29.072877883911133,23.445127487182617,27.86037826538086,23.49457359313965,25.1572265625,25.86566162109375,21.720129013061523,29.58808708190918,27.426591873168945,24.90684700012207
1962,30.725452423095703,23.542308807373047,25.25029754638672,22.9965763092041,22.841026306152344,26.385997772216797,25.15875244140625,28.136186599731445,20.66524314880371,28.204517364501953
1963,28.982519149780273,21.11598014831543,26.656070709228516,24.811031341552734,22.5361328125,25.115758895874023,23.38526725769043,30.69221305847168,20.974098205566406,24.769214630126953
1964,31.893383026123047,22.1826229095459,34.57530975341797,26.11061668395996,21.78352928161621,31.029706954956055,28.28387451171875,28.887771606445312,29.166847229003906,25.648866653442383
1965,34.00205993652344,25.08521270751953,35.141605377197266,27.110530853271484,27.09209442138672,29.5530948638916,26.027597427368164,31.960708618164062,24.653400421142578,29.343124389648438
1966,29.169235229492188,21.205636978149414,27.204011917114258,21.99925422668457,23.46393394470215,26.797176361083984,22.51616096496582,30.99039077758789,29.086565017700195,23.980871200561523
1967,28.068681716918945,20.696287155151367,29.010547637939453,21.695144653320312,23.23148536682129,25.449132919311523,21.087020874023438,28.564533233642578,26.59473419189453,25.188154220581055
1968,29.853845596313477,19.116912841796875,33.64997482299805,22.387067794799805,25.83541488647461,27.762784957885742,25.159582138061523,31.270843505859375,27.05190086364746,29.20561981201172
1969,30.381383895874023,16.432058334350586,26.395160675048828,24.791894912719727,20.53986167907715,28.991716384887695,20.08641242980957,30.27329444885254,23.971813201904297,22.29319953918457
1970,30.30634880065918,22.395837783813477,33.83049011230469,26.88764762878418,27.795757293701172,34.90265655517578,26.655467987060547,31.21564292907715,21.024150848388672,28.12555694580078
1971,29.374095916748047,14.587923049926758,29.461278915405273,26.129581451416016,26.578336715698242,22.213973999023438,22.796594619750977,30.068912506103516,29.866331100463867,25.4973087310791
1972,27.140756607055664,17.64264678955078,29.656394958496094,22.15592384338379,23.107131958007812,21.088504791259766,20.199644088745117,30.097341537475586,21.243587493896484,24.432472229003906
1973,22.03325843811035,22.304035186767578,25.811111450195312,18.884456634521484,21.44980812072754,20.59244728088379,21.46517562866211,26.808988571166992,23.122142791748047,24.79124641418457
1974,29.444860458374023,28.136463165283203,28.27959632873535,24.543916702270508,20.372037887573242,22.28728485107422,25.399492263793945,29.860353469848633,28.172252655029297,28.007991790771484
1975,32.68672561645508,24.047588348388672,35.6138916015625,21.388744354248047,25.539854049682617,23.48578643798828,20.821422576904297,33.05033493041992,31.573469161987305,32.3589973449707
1976,33.09126281738281,21.056827545166016,32.59095764160156,22.052946090698242,28.76557731628418,23.935461044311523,25.55324363708496,29.49627113342285,28.11897850036621,29.06774139404297
1977,34.83562088012695,28.446359634399414,35.21983337402344,26.05141830444336,29.31529998779297,23.68492889404297,25.13292694091797,36.356300354003906,35.317481994628906,35.01521682739258
1978,35.23158264160156,23.6325626373291,34.28340148925781,22.28388023376465,26.132137298583984,22.702028274536133,23.70144271850586,31.642118453979492,31.198532104492188,28.639400482177734
1979,35.50702667236328,26.30741310119629,35.664798736572266,28.850465774536133,30.40144157409668,21.319095611572266,25.335920333862305,33.343658447265625,34.35136795043945,27.05893898010254
1980,35.33369064331055,21.8658390045166,30.035314559936523,25.32897186279297,29.910261154174805,20.612316131591797,39.60508346557617,31.325353622436523,35.1203727722168,29.68817710876465
1981,27.880447387695312,22.19415855407715,22.422813415527344,27.838708877563477,23.564346313476562,18.09646224975586,27.908008575439453,27.366647720336914,34.66176223754883,24.480480194091797
1982,30.276094436645508,24.15260887145996,28.566503524780273,23.710084915161133,28.167556762695312,19.678836822509766,31.064939498901367,27.961469650268555,32.4349250793457,26.993186950683594
1983,29.891759872436523,26.124446868896484,32.8646125793457,15.860039710998535,24.92905616760254,21.640403747558594,29.836021423339844,28.081676483154297,28.438077926635742,31.791748046875
1984,33.24723434448242,30.723140716552734,34.76645278930664,26.77728271484375,31.38129234313965,21.525272369384766,28.55278205871582,32.30451202392578,24.86500358581543,30.998123168945312
1985,32.36124038696289,20.235637664794922,31.943920135498047,17.835739135742188,26.670955657958984,17.072738647460938,18.793075561523438,31.59920883178711,20.19657325744629,19.969348907470703
1986,30.680341720581055,20.732446670532227,33.63489532470703,18.97014808654785,25.19655990600586,18.885515213012695,22.377458572387695,29.13469123840332,20.341228485107422,25.863733291625977
1987,34.16957092285156,22.801719665527344,21.61220932006836,19.71963119506836,27.3812313079834,17.985246658325195,20.606433868408203,23.747804641723633,24.0219669342041,25.494909286499023
1988,34.40291213989258,24.32288360595703,37.92881393432617,28.56545066833496,26.794174194335938,18.42121696472168,23.45752716064453,31.854351043701172,25.591215133666992,28.453895568847656
1989,32.785221099853516,25.208295822143555,32.877403259277344,23.3908634185791,26.482473373413086,17.075225830078125,23.139219284057617,30.316390991210938,26.708101272583008,24.692279815673828
1990,34.94732666015625,27.375225067138672,34.12640380859375,25.828489303588867,33.67158889770508,17.229936599731445,26.764495849609375,28.35297203063965,31.867042541503906,27.405244827270508
1991,34.86553955078125,29.665847778320312,39.325260162353516,24.33091163635254,31.355649948120117,19.19297981262207,25.22153091430664,33.858314514160156,24.41852378845215,29.91071128845215
1992,28.459121704101562,16.42448616027832,24.934167861938477,20.665891647338867,27.28447151184082,15.71044635772705,20.00779151916504,7.342288017272949,22.15875244140625,13.159857749938965
1993,31.646514892578125,23.130332946777344,30.220306396484375,8.760175704956055,26.179662704467773,12.699524879455566,16.479888916015625,18.429365158081055,13.947511672973633,19.242294311523438
1994,35.689735412597656,26.456632614135742,36.1524658203125,28.67732048034668,31.007518768310547,13.98273754119873,27.599950790405273,31.821117401123047,26.355165481567383,29.27786636352539
1995,35.54866409301758,27.744504928588867,35.12837600708008,25.117393493652344,31.633241653442383,13.666756629943848,24.28412437438965,28.31615447998047,28.491243362426758,28.89510726928711
1996,28.636783599853516,23.44131088256836,27.75979232788086,18.04926300048828,26.979673385620117,13.906457901000977,20.488142013549805,21.815139770507812,20.87839126586914,17.965524673461914
1997,33.77396774291992,30.009904861450195,38.206295013427734,27.632171630859375,31.726680755615234,11.910813331604004,23.504032135009766,31.970399856567383,27.327457427978516,31.917572021484375
1998,33.87831497192383,25.134193420410156,32.73063278198242,25.24424171447754,31.73830795288086,13.200766563415527,22.246219635009766,34.52949142456055,27.5335750579834,25.140453338623047
1999,29.07443618774414,27.00507354736328,31.78912353515625,20.642711639404297,26.344104766845703,14.54404067993164,22.64932632446289,29.427404403686523,23.77777099609375,28.386829376220703
2000,28.447364807128906,25.20209312438965,28.87452507019043,18.980134963989258,30.88556671142578,12.864163398742676,16.32607650756836,36.75889205932617,18.6901798248291,28.346878051757812
2001,30.09958839416504,23.711341857910156,31.9613094329834,24.56917953491211,33.92988967895508,12.78795337677002,18.518632888793945,29.038249969482422,17.517839431762695,26.79901123046875
2002,32.46565246582031,26.508073806762695,37.06763458251953,25.498620986938477,33.0594596862793,15.667540550231934,23.831892013549805,33.36469268798828,22.72460174560547,28.166593551635742
2003,33.340065002441406,25.682720184326172,33.737648010253906,25.354446411132812,35.89893341064453,12.872527122497559,21.959672927856445,33.176631927490234,19.765520095825195,19.07416534423828
2004,30.3369140625,31.017738342285156,36.17310333251953,32.0558967590332,32.587833404541016,13.331779479980469,22.73725700378418,34.18113708496094,25.49161148071289,34.01536178588867
2005,31.807086944580078,29.71002960205078,38.75346374511719,22.584911346435547,33.39847183227539,13.628819465637207,21.144634246826172,39.72624969482422,27.664934158325195,32.24944305419922
2006,32.27478790283203,29.49783706665039,32.817474365234375,26.758241653442383,28.86283302307129,14.361820220947266,20.11863136291504,32.82558059692383,21.293495178222656,29.646068572998047
2007,30.04956817626953,27.550762176513672,38.199928283691406,24.466920852661133,33.98341369628906,14.307662010192871,18.041948318481445,34.41298294067383,31.198909759521484,32.454566955566406
2008,33.6856689453125,29.447399139404297,36.07023239135742,23.2045841217041,31.20591926574707,15.642860412597656,25.368968963623047,30.887039184570312,22.9540958404541,30.953752517700195
2009,32.11947250366211,25.581768035888672,35.28573989868164,24.340139389038086,32.04998016357422,13.485702514648438,19.94272804260254,27.611095428466797,27.86491584777832,30.324674606323242
2010,31.190128326416016,29.24913215637207,37.244937896728516,24.267793655395508,32.5496940612793,14.624822616577148,18.458171844482422,33.14641189575195,32.82036590576172,33.434391021728516
2011,31.18297576904297,32.26066970825195,36.971229553222656,27.481643676757812,28.0826358795166,14.496573448181152,20.492904663085938,38.667179107666016,31.009864807128906,33.104454040527344
2012,29.752470016479492,30.82587432861328,38.046226501464844,25.422597885131836,32.733394622802734,16.411558151245117,24.310487747192383,34.406768798828125,35.26478958129883,33.091819763183594
2013,30.961772918701172,25.99888801574707,32.40209197998047,20.370622634887695,29.372451782226562,14.005681991577148,25.833715438842773,28.844934463500977,22.44792938232422,19.902753829956055
2014,25.535564422607422,22.514915466308594,29.951641082763672,19.299121856689453,29.58748435974121,14.466802597045898,15.764528274536133,11.630768775939941,34.570133209228516,24.282438278198242
2015,25.73882484436035,25.195528030395508,33.84119415283203,21.708797454833984,33.4149169921875,14.817538261413574,19.567258834838867,33.93088912963867,35.03813171386719,31.97779655456543
2016,29.001420974731445,29.94520378112793,38.053340911865234,21.15386199951172,30.40887451171875,14.094504356384277,19.6278018951416,29.474170684814453,29.514745712280273,29.235254287719727
2017,29.85041046142578,26.92049217224121,34.81418228149414,21.548969268798828,27.23769187927246,17.093219757080078,21.331695556640625,39.711387634277344,30.98828887939453,27.392166137695312
2018,29.566944122314453,27.869117736816406,36.31913757324219,20.94174575805664,26.524568557739258,16.697261810302734,19.986549377441406,34.6646614074707,32.13658142089844,31.037466049194336
2019,27.132400512695312,25.9511661529541,35.036956787109375,19.960058212280273,22.53468132019043,15.614171028137207,19.415454864501953,32.21343994140625,29.512672424316406,30.814136505126953
2020,29.858013153076172,30.76363754272461,37.818359375,22.920635223388672,26.497289657592773,17.002506256103516,25.257822036743164,32.88903045654297,30.9562931060791,30.81507682800293
2021,35.05390930175781,29.42855453491211,35.687957763671875,21.749980926513672,26.45520782470703,19.18739128112793,23.088985443115234,38.49354934692383,29.924663543701172,28.674863815307617
2022,28.192031860351562,23.539857864379883,35.88859558105469,20.138376235961914,27.606239318847656,18.855478286743164,20.032920837402344,29.388612747192383,32.884620666503906,24.40834617614746
2023,32.748416900634766,27.37502670288086,31.956710815429688,21.776329040527344,29.8177547454834,15.760619163513184,19.998058319091797,25.780109405517578,35.054019927978516