year,MinLABIL01_,MinLABIL02_,MinLABIL04_,MinLABIL06_,MinLABIL07_,MinLABIL10_,MinLABIL11_,MinLABIL13_,MinLABIL14_,MinLABIL16_
1835,0,0,0,20.077415466308594
1836,0,0,0,20.041683197021484
1837,0,0,0,20.00956153869629
1838,0,0,0,20.074708938598633
1839,0,0,0,20.058115005493164
1840,0,0,0,20.285938262939453
1841,0,0,0,20.42426300048828,0,0,0,0,41.1176872253418
1842,0,0,0,20.09095573425293,0,0,0,0,40.319908142089844
1843,0,0,0,21.588237762451172,0,0,0,0,40.01099395751953
1844,0,20.36766242980957,40.01858901977539,20.22043228149414,0,0,0,0,40.10760498046875
1845,0,20.069067001342773,40.00196075439453,24.820262908935547,0,0,0,0,40.18804168701172
1846,0,20.318559646606445,40.094566345214844,20.30167007446289,0,0,0,0,40.09966278076172
1847,0,20.237407684326172,40.027347564697266,20.196725845336914,0,0,0,0,40.13269805908203
1848,0,20.083017349243164,40.14898681640625,20.168445587158203,0,0,0,0,40.06840515136719
1849,0,20.066329956054688,40.03485870361328,20.31941795349121,0,0,0,0,40.180912017822266
1850,0,20.00901222229004,40.035545349121094,20.172714233398438,0,0,0,0,40.03475570678711
1851,0,20.140056610107422,40.05124282836914,20.22029685974121,0,0,0,5.986003398895264,40.00277328491211
1852,0,20.05767250061035,40.1268196105957,20.073728561401367,0,0,0,6.276454448699951,40.00925827026367
1853,40.10834503173828,20.157987594604492,40.117069244384766,20.18846893310547,9.82568359375,0,0,7.6032209396362305,40.18037796020508,40.23026657104492
1854,40.165122985839844,20.262325286865234,40.00291442871094,20.074514389038086,10.436576843261719,0,0,6.25211763381958,40.0186882019043,40.21675491333008
1855,40.05369567871094,20.073381423950195,41.087547302246094,20.009357452392578,8.009891510009766,0,0,7.206933498382568,40.018821716308594,40.08967590332031
1856,40.051361083984375,20.204971313476562,40.03681564331055,20.05832862854004,8.238539695739746,0,0,6.642551422119141,40.018310546875,40.45792007446289
1857,40.00178909301758,20.498065948486328,40.034324645996094,20.067031860351562,8.23807144165039,0,0,8.184240341186523,40.01792907714844,40.001853942871094
1858,40.08359909057617,20.30251693725586,40.116329193115234,20.114887237548828,8.547794342041016,0,0,6.951979637145996,40.051414489746094,40.09921646118164
1859,40.08361053466797,20.026018142700195,43.16896057128906,20.05815315246582,8.05908203125,0,0,9.329183578491211,40.0018310546875,40.11610412597656
1860,40.00228500366211,20.9483699798584,40.13256072998047,20.033578872680664,8.33051872253418,0,9.60577392578125,8.286725044250488,40.05231475830078,40.27930450439453
1861,40.47401428222656,50.30269241333008,40.20098876953125,27.253360748291016,8.086164474487305,0,15.35568618774414,16.44429588317871,40.05168533325195,40.52328109741211
1862,40.026695251464844,12.047926902770996,40.00227737426758,21.388015747070312,8.498756408691406,0,9.5736722946167,8.441415786743164,40.04173278808594,40.1972770690918
1863,40.05324935913086,14.030951499938965,40.2713623046875,23.021562576293945,10.27323055267334,0,9.361435890197754,8.823965072631836,40.295326232910156,40.06721115112305
1864,40.00241470336914,10.007349967956543,40.12376022338867,21.01859474182129,8.465914726257324,0,9.377880096435547,8.88173770904541,40.05432891845703,40.082942962646484
1865,40.01839828491211,10.34647274017334,40.003055572509766,20.220808029174805,8.14041805267334,41.38636016845703,9.532352447509766,6.59359884262085,40.051361083984375,40.07464599609375
1866,40.14859390258789,16.15045928955078,40.06667709350586,20.23005485534668,8.001913070678711,45.70081329345703,9.28043270111084,5.815595626831055,40.01896667480469,40.083587646484375
1867,40.00264358520508,13.361172676086426,40.0023307800293,21.042953491210938,8.001714706420898,42.18947982788086,9.223532676696777,5.909746170043945,40.044376373291016,40.05147933959961
1868,40.132667541503906,10.387722969055176,40.11923599243164,21.1979923248291,8.064644813537598,45.11433410644531,9.109427452087402,7.082423210144043,40.050148010253906,40.257568359375
1869,40.01861572265625,10.82603931427002,40.11555099487305,20.132492065429688,9.00332260131836,44.32748794555664,9.036092758178711,11.315288543701172,40.08989715576172,40.094730377197266
1870,40.16558837890625,10.27350902557373,40.34488296508789,24.35886573791504,9.160659790039062,40.247196197509766,9.157557487487793,11.169160842895508,40.03505325317383,40.027015686035156
1871,40.03553771972656,10.300353050231934,40.1326789855957,22.076175689697266,9.10920238494873,40.98733901977539,9.231242179870605,11.087362289428711,40.669586181640625,40.1085205078125
1872,40.01938247680664,10.014226913452148,40.262149810791016,20.07421112060547,9.052227973937988,40.24610137939453,9.192946434020996,11.005289077758789,40.01864242553711,40.05122756958008
1873,40.002220153808594,10.435834884643555,40.45769500732422,20.042272567749023,9.030461311340332,40.21432113647461,12.308404922485352,12.096405029296875,40.36933135986328,40.001197814941406
1874,40.051109313964844,10.223990440368652,40.067359924316406,20.0093994140625,10.225078582763672,40.026973724365234,13.32607650756836,11.14687442779541,40.03696060180664,40.67013931274414
1875,40.03417205810547,10.207870483398438,40.013187408447266,20.415969848632812,9.898740768432617,40.021240234375,12.65810489654541,14.550355911254883,40.11652755737305,40.19870376586914
1876,40.189605712890625,10.078185081481934,40.1241455078125,20.0756893157959,11.120323181152344,40.01325607299805,16.606792449951172,11.363546371459961,40.19767379760742,40.054351806640625
1877,40.0863037109375,10.18490219116211,40.38640594482422,20.117366790771484,9.695320129394531,40.08613967895508,12.023088455200195,11.005971908569336,40.29644775390625,40.15082931518555
1878,40.00345993041992,10.712632179260254,40.14120101928711,20.139535903930664,10.452178955078125,40.0822868347168,12.503196716308594,12.715266227722168,40.00243377685547,40.09980010986328
1879,40.07850646972656,10.533594131469727,40.01808166503906,20.221477508544922,11.119844436645508,40.148372650146484,12.710211753845215,12.300484657287598,40.14894104003906,40.27135467529297
1880,40.1402587890625,10.248066902160645,40.132137298583984,20.000978469848633,10.712770462036133,40.00295639038086,12.05955696105957,11.527503967285156,40.01853561401367,40.026397705078125
1881,40.45859909057617,10.038429260253906,40.678565979003906,20.1315860748291,10.664212226867676,40.54273223876953,12.080168724060059,11.17756462097168,40.36751937866211,40.311702728271484
1882,40.17335891723633,10.062406539916992,40.01247024536133,20.17239761352539,12.455318450927734,40.005859375,12.16210651397705,11.640296936035156,40.07157897949219,40.115943908691406
1883,40.44325256347656,11.16871166229248,40.76176452636719,20.872222900390625,13.630704879760742,40.05112838745117,17.04613494873047,7.733410835266113,40.166015625,40.89891052246094
1884,40.037139892578125,10.289624214172363,40.0609016418457,20.334529876708984,9.258774757385254,40.06708908081055,12.225874900817871,7.391395092010498,40.165924072265625,40.0180778503418
1885,40.254154205322266,12.034235000610352,40.3626708984375,20.578941345214844,11.119664192199707,40.029319763183594,15.95481014251709,9.480762481689453,40.82680892944336,40.01028060913086
1886,40.06678009033203,15.255449295043945,40.27078628540039,20.492610931396484,10.7896089553833,40.00141906738281,13.972122192382812,9.279826164245605,40.70448303222656,40.051239013671875
1887,40.54142761230469,11.66815185546875,40.124237060546875,21.425525665283203,10.224260330200195,40.14103317260742,14.815496444702148,8.39812183380127,40.37656021118164,41.1202392578125
1888,44.27641677856445,10.069724082946777,40.10014724731445,20.028182983398438,11.13652229309082,40.0455207824707,12.211167335510254,7.033632278442383,40.017173767089844,40.14197540283203
1889,40.53150939941406,10.012581825256348,40.11605453491211,20.513763427734375,9.183499336242676,40.00265121459961,12.1293363571167,8.831777572631836,40.0067138671875,41.9316291809082
1890,40.059547424316406,10.284043312072754,40.09193420410156,20.741910934448242,10.226203918457031,40.09972381591797,24.510663986206055,10.794698715209961,53.092166900634766,40.01795196533203
1891,41.00584030151367,10.12244701385498,40.052589416503906,20.203649520874023,9.150059700012207,40.08542251586914,16.386653900146484,9.364264488220215,40.1982307434082,40.0920524597168
1892,40.208351135253906,12.22797966003418,40.13261413574219,20.07567024230957,9.036425590515137,40.0834846496582,16.96476936340332,12.553362846374512,41.149322509765625,40.59552764892578
1893,40.23196792602539,12.259175300598145,40.26258087158203,21.099834442138672,9.394289016723633,40.084083557128906,12.26998519897461,8.653435707092285,40.255218505859375,42.00453567504883
1894,40.23046875,10.061525344848633,40.02644729614258,20.123842239379883,9.136271476745605,40.02894973754883,13.748960494995117,7.613302707672119,40.0924072265625,40.243995666503906
1895,40.06899642944336,10.078222274780273,40.483333587646484,20.14012336730957,8.366037368774414,40.15663146972656,19.75551414489746,7.374492645263672,40.21397018432617,40.36504364013672
1896,40.4605598449707,14.378170013427734,40.062843322753906,29.254817962646484,9.279711723327637,40.06220626831055,12.943342208862305,11.420014381408691,40.00230026245117,40.9859619140625
1897,40.101680755615234,10.0610933303833,40.09996795654297,21.143047332763672,10.451963424682617,40.11111831665039,15.939311027526855,9.329004287719727,40.19881057739258,40.00229263305664
1898,40.01859664916992,10.013669967651367,40.057857513427734,20.807226181030273,8.449831008911133,40.39332580566406,13.464640617370605,9.964649200439453,40.633445739746094,40.10906219482422
1899,40.0918083190918,10.061777114868164,40.05146789550781,21.518383026123047,8.677698135375977,40.1763916015625,14.164684295654297,8.848587036132812,40.929927825927734,41.208824157714844
1900,40.050479888916016,10.32236099243164,40.1161003112793,20.03385353088379,8.165312767028809,40.12730407714844,12.992709159851074,8.134105682373047,40.10009765625,40.27193832397461
1901,40.034629821777344,10.41154670715332,40.061500549316406,20.180768966674805,9.068597793579102,40.26310729980469,28.345298767089844,11.290393829345703,40.5880241394043,40.16426467895508
1902,40.14242172241211,10.300699234008789,40.0184211730957,20.170635223388672,8.819504737854004,40.197288513183594,32.03565979003906,10.669410705566406,40.05340576171875,40.181724548339844
1903,40.05342102050781,10.430886268615723,40.034873962402344,20.268362045288086,8.335293769836426,40.365360260009766,14.131051063537598,12.162016868591309,40.08457946777344,40.12493896484375
1904,40.07547378540039,40.02131652832031,40.04469299316406,20.05626106262207,9.133845329284668,40.525421142578125,15.760132789611816,12.650113105773926,40.00373077392578,40.01123809814453
1905,40.42064666748047,43.81222152709961,41.019630432128906,20.383970260620117,9.410407066345215,41.27136993408203,16.557886123657227,22.142070770263672,40.00182342529297,46.637874603271484
1906,40.22809982299805,40.083648681640625,40.03564453125,20.669097900390625,16.28089141845703,40.46662139892578,14.799206733703613,17.395984649658203,40.249698638916016,40.13359451293945
1907,40.010066986083984,40.050655364990234,40.06763458251953,20.416505813598633,9.719330787658691,40.221588134765625,18.49504852294922,17.632844924926758,40.149078369140625,40.051605224609375
1908,40.16880798339844,40.52407455444336,40.03675079345703,20.106948852539062,8.69343376159668,40.2800407409668,13.2686767578125,16.566083908081055,40.06202697753906,40.085838317871094
1909,40.093570709228516,40.10266876220703,40.17305374145508,20.524930953979492,8.20390796661377,40.02676010131836,19.8622989654541,15.396777153015137,40.09979248046875,40.68623352050781
1910,41.81925582885742,40.94643783569336,40.0101203918457,20.535646438598633,11.495048522949219,41.296207427978516,17.626850128173828,16.05274200439453,40.376930236816406,40.32731246948242
1911,40.40957260131836,40.317501068115234,40.11690902709961,20.38382911682129,8.889298439025879,40.344398498535156,12.114395141601562,11.428398132324219,40.05101776123047,40.1052360534668
1912,40.208160400390625,40.01323699951172,40.0506591796875,20.473377227783203,8.41002368927002,40.03463363647461,12.845297813415527,13.261963844299316,40.00287628173828,40.100833892822266
1913,40.490394592285156,40.164085388183594,40.060237884521484,20.180246353149414,7.009547233581543,40.24673080444336,13.084296226501465,15.189970016479492,40.64544677734375,40.341270446777344
1914,40.50720977783203,40.118900299072266,40.00414276123047,21.441123962402344,7.277680397033691,40.04195785522461,14.701679229736328,16.264802932739258,40.4217643737793,40.18840408325195
1915,40.27931213378906,40.32059860229492,40.01715087890625,20.57119369506836,7.293849468231201,40.440040588378906,13.9448881149292,15.613454818725586,40.05129623413086,40.5065803527832
1916,40.062591552734375,40.05158615112305,40.02634811401367,20.416534423828125,7.147187232971191,40.181640625,13.18722915649414,14.9705810546875,40.1597900390625,40.16718673706055
1917,40.58382797241211,40.73274612426758,40.22502899169922,20.12411117553711,7.831830978393555,40.05101776123047,14.253655433654785,14.602856636047363,40.05037307739258,40.08254623413086
1918,40.003299713134766,40.07624053955078,40.2459602355957,20.660171508789062,7.0496978759765625,40.340782165527344,13.0573091506958,12.03211784362793,40.242584228515625,40.13209533691406
1919,40.03420639038086,40.06763458251953,40.002166748046875,21.149030685424805,7.132184982299805,40.31109619140625,13.353436470031738,14.016154289245605,40.10287094116211,40.04364776611328
1920,40.116424560546875,40.85572814941406,40.66925048828125,23.739896774291992,13.871886253356934,40.02950668334961,13.333829879760742,14.811169624328613,40.54670715332031,40.03450393676758
1921,40.204437255859375,40.00252151489258,40.07497024536133,39.09856033325195,7.960350036621094,40.0262451171875,13.447484970092773,16.10178565979004,40.232765197753906,40.19786834716797
1922,41.045867919921875,40.01384735107422,40.01091384887695,29.27410316467285,8.914037704467773,40.102970123291016,14.799280166625977,15.890205383300781,40.15031433105469,40.22185516357422
1923,40.01077651977539,40.44166946411133,40.24591064453125,20.073774337768555,7.718320846557617,40.066192626953125,13.57845401763916,13.008819580078125,40.118080139160156,40.003292083740234
1924,40.110313415527344,20.18829345703125,40.14023971557617,20.622343063354492,7.098731517791748,40.14130401611328,13.025128364562988,16.12885856628418,40.164127349853516,40.20486831665039
1925,40.00215530395508,20.220779418945312,40.08607482910156,20.21302604675293,7.174442291259766,40.131805419921875,13.33393383026123,15.31966781616211,40.16461181640625,30.72226905822754
1926,40.54798126220703,20.089778900146484,40.39366912841797,21.23080825805664,7.374627590179443,40.11552047729492,13.333515167236328,16.020090103149414,40.23020553588867,30.184480667114258
1927,40.11469650268555,20.508956909179688,40.00995635986328,21.09981918334961,7.033821105957031,40.002262115478516,13.969099044799805,18.49857521057129,40.44976806640625,30.266572952270508
1928,40.39982986450195,20.237220764160156,40.387020111083984,20.059003829956055,8.261194229125977,40.53106689453125,14.865591049194336,19.6507511138916,40.35541915893555,30.5872745513916
1929,40.329620361328125,20.297664642333984,20.432008743286133,22.5275936126709,7.711877822875977,40.165435791015625,13.560924530029297,18.170085906982422,40.01863479614258,30.65646743774414
1930,40.6810417175293,20.483951568603516,20.23746109008789,20.464242935180664,7.2403645515441895,41.429290771484375,13.789813041687012,16.117229461669922,40.010562896728516,30.087614059448242
1931,40.35239028930664,20.216962814331055,20.139183044433594,20.164051055908203,7.701257228851318,40.53969955444336,13.528314590454102,15.639718055725098,40.20598220825195,30.23356056213379
1932,40.073299407958984,20.09832763671875,20.077022552490234,24.112062454223633,20.074268341064453,41.31414031982422,13.056297302246094,16.803918838500977,40.46633529663086,30.152767181396484
1933,40.029598236083984,20.074214935302734,20.025306701660156,26.994226455688477,20.03399658203125,41.21916961669922,13.556416511535645,16.504051208496094,40.00339889526367,30.119260787963867
1934,40.06681442260742,20.31624412536621,20.089767456054688,21.99068832397461,20.04192543029785,41.43565368652344,14.45764446258545,16.149141311645508,40.01994705200195,30.022748947143555
1935,40.000545501708984,20.090253829956055,20.97074317932129,31.130882263183594,20.00971794128418,41.0275993347168,13.334498405456543,15.041504859924316,40.00231170654297,30.20174789428711
1936,40.01921844482422,20.51980209350586,20.022716522216797,20.616308212280273,20.41607666015625,41.15835189819336,12.181245803833008,24.32577896118164,40.19256591796875,40.01852035522461
1937,40.05073928833008,20.46486473083496,20.17120361328125,21.97063636779785,20.04226303100586,40.1812744140625,12.063985824584961,15.79271411895752,40.254119873046875,40.14076232910156
1938,40.14075469970703,21.53898811340332,20.023239135742188,57.51591873168945,20.07491683959961,40.424747467041016,13.822366714477539,13.5783052444458,40.0664176940918,40.44176483154297
1939,40.26286697387695,21.572603225708008,20.00914192199707,24.64077377319336,20.008846282958984,40.12681198120117,12.226798057556152,11.087753295898438,40.01996612548828,40.00200271606445
1940,40.0599479675293,20.936803817749023,20.34649085998535,21.29436492919922,20.15577507019043,40.07524490356445,13.212141036987305,12.715479850769043,40.07768630981445,40.01288986206055
1941,40.0577507019043,24.112462997436523,20.025583267211914,21.924705505371094,20.001752853393555,40.052799224853516,12.112675666809082,11.070649147033691,40.02714157104492,40.01941680908203
1942,40.02488327026367,21.230987548828125,20.590255737304688,28.418840408325195,20.017940521240234,40.08122253417969,13.595036506652832,12.618287086486816,45.203857421875,40.425453186035156
1943,40.40898895263672,20.90636444091797,20.025667190551758,22.217042922973633,20.00132942199707,40.126590728759766,14.340195655822754,14.94018268585205,40.36576461791992,40.19762420654297
1944,40.29031753540039,20.22069549560547,20.269485473632812,23.2208309173584,20.139694213867188,40.511600494384766,12.650580406188965,11.348627090454102,40.3441276550293,40.26274108886719
1945,40.06630325317383,20.074188232421875,20.220590591430664,23.640295028686523,20.02212905883789,40.32295227050781,15.483438491821289,11.820841789245605,42.542930603027344,40.083438873291016
1946,40.057464599609375,20.928998947143555,20.140405654907227,21.957868576049805,7.570977687835693,43.55168533325195,15.92297077178955,17.120460510253906,40.520565032958984,40.48976516723633
1947,40.312862396240234,20.416288375854492,20.270368576049805,20.098663330078125,9.388636589050293,42.86825942993164,19.293140411376953,11.740413665771484,47.25006866455078,40.436744689941406
1948,40.00459289550781,20.411046981811523,20.083385467529297,20.95363426208496,11.738389015197754,40.864864349365234,22.608800888061523,16.265499114990234,40.523529052734375,40.17450714111328
1949,40.44157791137695,21.09245491027832,20.025829315185547,20.36733627319336,12.804754257202148,42.330501556396484,16.378507614135742,12.013765335083008,40.00273895263672,40.09979248046875
1950,40.099952697753906,22.637981414794922,22.345216751098633,20.32780647277832,13.772930145263672,46.08614730834961,23.957439422607422,11.690751075744629,40.00151824951172,40.27824401855469
1951,40.30571365356445,20.154966354370117,20.023710250854492,23.341964721679688,7.546272277832031,42.860069274902344,22.630346298217773,15.206472396850586,40.05044937133789,40.08279800415039
1952,40.01137161254883,20.831418991088867,20.091157913208008,35.38948059082031,7.294114589691162,40.68600845336914,15.402140617370605,41.264556884765625,40.13838577270508,40.620506286621094
1953,40.08281707763672,20.024560928344727,20.019880294799805,24.682308197021484,7.174712181091309,40.9059944152832,15.564516067504883,35.06929397583008,42.11100769042969,40.09894561767578
1954,40.05223846435547,20.307964324951172,21.585887908935547,26.277320861816406,7.619174957275391,47.7194938659668,15.499551773071289,82.00759887695312,40.522682189941406,40.133583068847656
1955,40.736427307128906,20.872726440429688,20.25333023071289,28.80984115600586,10.411407470703125,40.66276931762695,14.269837379455566,39.09922790527344,40.437049865722656,40.30091857910156
1956,40.198265075683594,20.041696548461914,20.074569702148438,25.129831314086914,10.495529174804688,40.36036682128906,18.544443130493164,35.30602264404297,40.00556564331055,40.440940856933594
1957,40.19057083129883,22.174121856689453,20.134098052978516,34.11212158203125,13.399406433105469,40.97903060913086,16.7366886138916,28.532203674316406,40.29922103881836,40.42665100097656
1958,40.068538665771484,20.197418212890625,20.17206573486328,28.8260555267334,8.20571517944336,40.262489318847656,16.727806091308594,37.2188720703125,40.66933059692383,40.46072769165039
1959,41.24805450439453,20.758930206298828,20.669862747192383,20.416324615478516,7.228695869445801,40.2410774230957,21.490863800048828,28.817626953125,40.02060317993164,40.04753494262695
1960,40.05710220336914,20.505443572998047,20.318735122680664,39.326377868652344,7.994469165802002,40.16559982299805,14.797043800354004,32.8145866394043,40.338356018066406,40.537513732910156
1961,40.19892501831055,21.148447036743164,21.833271026611328,23.674327850341797,13.30177116394043,40.0097541809082,14.125693321228027,38.64419174194336,49.535491943359375,40.307579040527344
1962,40.15814971923828,21.637176513671875,31.112607955932617,24.601280212402344,9.702580451965332,40.21915054321289,15.9069185256958,32.36112976074219,50.06410598754883,40.124324798583984
1963,40.08320999145508,20.858489990234375,20.619165420532227,22.277151107788086,9.817058563232422,40.2979850769043,18.19423484802246,36.04042053222656,50.18622589111328,40.24543380737305
1964,40.08363723754883,20.790584564208984,20.4166316986084,24.33171272277832,20.15595245361328,40.22787857055664,30.233625411987305,26.646059036254883,50.29178237915039,40.260990142822266
1965,40.02964401245117,23.22438621520996,21.246810913085938,21.22092628479004,20.612098693847656,40.4039192199707,30.015766143798828,25.903827667236328,50.22626495361328,40.24427032470703
1966,40.051109313964844,21.050811767578125,20.237018585205078,20.268871307373047,20.15575408935547,40.39402770996094,30.087236404418945,28.230276107788086,50.21043395996094,40.018714904785156
1967,40.09590148925781,20.904460906982422,20.586313247680664,22.69534683227539,20.188608169555664,40.198822021484375,30.135717391967773,26.84825897216797,50.06403350830078,40.12554168701172
1968,40.11643981933594,20.432931900024414,20.090662002563477,27.244050979614258,20.0739803314209,40.0057373046875,30.071163177490234,25.431665420532227,50.07245635986328,40.34173583984375
1969,40.001922607421875,20.009506225585938,20.10226821899414,20.23861312866211,20.041454315185547,40.02609634399414,30.374401092529297,26.095136642456055,50.2758903503418,40.12717819213867
1970,40.0265998840332,20.009592056274414,20.227622985839844,20.41627311706543,20.179672241210938,40.08659362792969,30.39583969116211,30.412508010864258,50.01457977294922,40.0106315612793
1971,40.14908981323242,20.05255126953125,20.04006004333496,21.9302978515625,20.155757904052734,40.149166107177734,30.103239059448242,28.084712982177734,50.253875732421875,40.051414489746094
1972,40.049808502197266,20.089111328125,20.125093460083008,27.330608367919922,20.334665298461914,40.198001861572266,30.55906867980957,34.035125732421875,50.15327453613281,40.49863052368164
1973,40.02715301513672,40.02909469604492,20.082416534423828,20.044719696044922,20.13827133178711,40.34415817260742,30.114351272583008,25.019819259643555,50.02403259277344,40.27127456665039
1974,40.248870849609375,41.89105224609375,20.218645095825195,20.00923728942871,20.089902877807617,40.37565994262695,30.153230667114258,29.243024826049805,50.219818115234375,40.03436279296875
1975,41.33675003051758,40.21337890625,20.21552848815918,22.91803550720215,20.318464279174805,40.5666618347168,30.63277244567871,29.98956871032715,51.05830383300781,40.181156158447266
1976,40.613285064697266,40.58913803100586,20.636734008789062,24.20987319946289,21.344392776489258,40.0021858215332,30.34736442565918,25.137815475463867,50.09672927856445,40.73349380493164
1977,40.28007507324219,41.1259651184082,20.468290328979492,20.492395401000977,20.309961318969727,40.05081558227539,30.120851516723633,20.51424217224121,50.17828369140625,40.230712890625
1978,40.058902740478516,41.54264450073242,20.69308853149414,21.034574508666992,20.04933738708496,40.11492919921875,30.070541381835938,16.7935733795166,50.699893951416016,40.05112075805664
1979,40.03544235229492,40.63492965698242,20.244522094726562,22.935762405395508,20.10123634338379,40.003074645996094,30.072879791259766,23.51229476928711,51.618385314941406,40.00177764892578
1980,40.02013397216797,40.327457427978516,20.148649215698242,27.27135467529297,20.278066635131836,40.05130386352539,13.084555625915527,18.603025436401367,50.359954833984375,40.054813385009766
1981,40.036434173583984,40.29710388183594,20.4033203125,20.652196884155273,20.050336837768555,40.297462463378906,12.430671691894531,15.141975402832031,69.87702941894531,40.04985046386719
1982,40.12419128417969,41.57307815551758,20.89946174621582,40.217288970947266,20.416671752929688,40.1033821105957,50.096397399902344,33.375633239746094,54.899845123291016,40.73472595214844
1983,40.001590728759766,40.05146026611328,20.239566802978516,21.4742488861084,20.644275665283203,41.027164459228516,11.299957275390625,19.023292541503906,40.0104866027832,40.00425338745117
1984,40.083316802978516,43.8635368347168,20.136646270751953,23.66379737854004,20.08493423461914,40.007240295410156,11.722433090209961,19.613245010375977,52.59572982788086,40.25090026855469
1985,40.03506851196289,40.00179672241211,40.0190544128418,20.009092330932617,20.136686325073242,40.2466926574707,12.284276962280273,17.356281280517578,40.01307678222656,40.00226593017578
1986,40.2945671081543,40.69657897949219,40.21369552612305,21.71786117553711,21.31993293762207,40.34497833251953,11.429227828979492,35.40563201904297,40.16486358642578,40.100730895996094
1987,40.00242614746094,40.08341979980469,44.780887603759766,21.670347213745117,21.393203735351562,40.572818756103516,11.803093910217285,38.244117736816406,40.09962844848633,40.21345520019531
1988,40.50846862792969,40.06805419921875,40.13274002075195,21.4730167388916,20.076635360717773,40.16230392456055,11.217432975769043,21.539573669433594,40.11616134643555,40.229557037353516
1989,41.42395782470703,40.70254898071289,40.11609649658203,21.67792510986328,23.672748565673828,40.24662780761719,11.217974662780762,29.89117431640625,40.33262634277344,40.00210952758789
1990,40.66481399536133,40.07020568847656,41.25385665893555,24.150344848632812,31.182764053344727,40.311866760253906,14.799705505371094,39.880008697509766,40.4818115234375,40.637081146240234
1991,40.7109260559082,40.07741928100586,40.0025749206543,20.333892822265625,24.2582950592041,40.16148376464844,11.103086471557617,34.3712158203125,40.08331298828125,40.49677658081055
1992,40.29500961303711,40.506919860839844,41.33427429199219,23.917003631591797,29.030725479125977,41.56729507446289,12.120975494384766,29.54079246520996,40.3117790222168,41.93975067138672
1993,40.63175582885742,40.01858139038086,40.11631393432617,24.147815704345703,20.31063461303711,40.848968505859375,11.429034233093262,48.09481430053711,40.01052474975586,43.743751525878906
1994,40.14551544189453,41.27452850341797,40.0272216796875,20.57881736755371,35.11784744262695,40.19732666015625,11.902789115905762,34.79352569580078,40.10066223144531,40.25141906738281
1995,40.25529098510742,41.270938873291016,40.019187927246094,21.76828384399414,24.416179656982422,40.3443717956543,12.407638549804688,42.86282730102539,40.16530990600586,40.22442626953125
1996,40.118099212646484,41.183319091796875,41.85933303833008,33.644065856933594,35.703590393066406,40.0838623046875,14.621170043945312,56.5717658996582,40.00241470336914,42.902286529541016
1997,40.02370834350586,40.25985336303711,40.20265579223633,25.333219528198242,32.20408248901367,40.07836151123047,11.253305435180664,39.54813766479492,40.27991485595703,40.19554901123047
1998,40.15453338623047,40.848392486572266,40.98030090332031,27.90535545349121,42.22232437133789,40.01019287109375,12.376224517822266,38.24421691894531,40.30720520019531,41.21702575683594
1999,40.259159088134766,40.05118942260742,40.22956848144531,24.877561569213867,33.86457061767578,40.14887619018555,12.550840377807617,31.4710750579834,40.00147247314453,40.19872283935547
2000,40.103118896484375,40.021705627441406,40.1993293762207,26.939546585083008,25.659090042114258,40.317909240722656,11.29116153717041,30.663053512573242,40.18172836303711,40.36927032470703
2001,40.06947708129883,40.54008483886719,40.00248336791992,24.416107177734375,33.52265930175781,40.188716888427734,12.764299392700195,30.942535400390625,40.00267791748047,41.758113861083984
2002,40.17658996582031,40.267539978027344,40.64089584350586,28.312700271606445,26.02506446838379,40.54291915893555,13.831499099731445,35.75214767456055,40.14385986328125,40.772430419921875
2003,40.32868576049805,40.1473503112793,40.19600296020508,23.05411720275879,27.66935920715332,40.425750732421875,11.016292572021484,43.13825988769531,40.03650665283203,42.39838790893555
2004,40.59760284423828,40.14030838012695,40.59697341918945,27.13235092163086,22.207008361816406,40.44462966918945,13.57822036743164,42.90113830566406,40.02116775512695,41.029502868652344
2005,10.631667137145996,40.238216400146484,40.19141387939453,23.17600440979004,20.378280639648438,40.08345031738281,15.66248893737793,66.99557495117188,40.57249450683594,41.15681457519531
2006,12.462857246398926,43.16337203979492,40.24961853027344,27.157060623168945,20.75830078125,40.15699005126953,11.309715270996094,29.934526443481445,40.14369201660156,40.55613327026367
2007,10.040059089660645,40.0188102722168,40.27867126464844,23.143617630004883,22.679201126098633,40.30398178100586,13.507706642150879,35.45118713378906,40.06169509887695,43.341102600097656
2008,13.651711463928223,40.297969818115234,41.66252517700195,24.576522827148438,22.494504928588867,40.068119049072266,17.430950164794922,27.34981918334961,40.63631057739258,48.2919807434082
2009,10.84354305267334,40.11726379394531,40.70328903198242,23.18384552001953,21.52252197265625,40.26447296142578,11.868849754333496,37.898956298828125,40.0174560546875,42.932376861572266
2010,10.598753929138184,40.10138702392578,40.13331985473633,23.672636032104492,21.19009017944336,40.02949523925781,12.210897445678711,33.41568374633789,40.52067565917969,40.700626373291016
2011,10.35556411743164,41.12764358520508,40.10191345214844,24.549211502075195,25.560388565063477,40.303531646728516,12.096980094909668,60.93729782104492,40.7521858215332,41.3731803894043
2012,10.860139846801758,40.0614013671875,40.68525314331055,23.589588165283203,20.97060775756836,40.090972900390625,13.441519737243652,18.56282615661621,40.34388732910156,41.73002624511719
2013,10.308673858642578,40.22695541381836,46.37696075439453,26.146434783935547,21.74361801147461,40.137413024902344,22.625423431396484,22.866777420043945,41.470069885253906,60.029483795166016
2014,14.736204147338867,40.0060920715332,40.80033874511719,25.205177307128906,21.574989318847656,40.050174713134766,15.08747673034668,41.46998596191406,40.64524459838867,40.858123779296875
2015,10.19140911102295,40.60823059082031,40.04978561401367,24.02565574645996,21.905607223510742,40.36310958862305,14.098479270935059,63.70695114135742,41.946773529052734,44.52968978881836
2016,10.151212692260742,40.09925842285156,40.04920959472656,23.54280662536621,20.782575607299805,40.068199157714844,14.522644996643066,18.978336334228516,43.76682662963867,54.55076217651367
2017,10.037612915039062,40.56203079223633,40.397239685058594,23.297443389892578,21.841442108154297,40.68980026245117,16.428234100341797,37.35375213623047,40.37430191040039,94.63504028320312
2018,10.485515594482422,40.27121353149414,40.44330596923828,23.021522521972656,20.04083251953125,40.06686782836914,13.090478897094727,19.709556579589844,41.954959869384766,48.31449508666992
2019,10.012401580810547,40.507423400878906,40.3703498840332,23.154375076293945,20.105932235717773,40.585899353027344,11.00758171081543,47.97702407836914,42.4229850769043,53.92064666748047
2020,10.102934837341309,40.90684127807617,41.49092483520508,23.496456146240234,20.562400817871094,40.19670104980469,13.277595520019531,36.55533218383789,40.57337951660156,42.009971618652344
2021,10.353632926940918,40.03825378417969,40.094303131103516,24.372276306152344,20.02796173095703,40.01881790161133,11.965608596801758,32.74002456665039,40.191261291503906,44.575584411621094
2022,11.179831504821777,40.97425079345703,40.319091796875,24.371143341064453,21.532291412353516,40.55000305175781,18.483278274536133,33.44041061401367,42.464088439941406,43.662261962890625
2023,11.298456192016602,43.66649627685547,41.33563232421875,28.69631004333496,22.780689239501953,40.10205078125,14.163436889648438,122.20744323730469,44.26723098754883