year,RWDBIL01_,RWDBIL02_,RWDBIL04_,RWDBIL06_,RWDBIL07_,RWDBIL10_,RWDBIL11_,RWDBIL13_,RWDBIL14_,RWDBIL16_
1835,0,0,0,0.5741178393363953
1836,0,0,0,0.5257258415222168
1837,0,0,0,0.5213931202888489
1838,0,0,0,0.513512909412384
1839,0,0,0,0.5288092494010925
1840,0,0,0,0.47641363739967346
1841,0,0,0,0.45550060272216797,0,0,0,0,0.5727737545967102
1842,0,0,0,0.490381121635437,0,0,0,0,0.6103742718696594
1843,0,0,0,0.5233792066574097,0,0,0,0,0.5460660457611084
1844,0,0.6732448935508728,0.6307031512260437,0.516026496887207,0,0,0,0,0.5436014533042908
1845,0,0.5450379848480225,0.5412324070930481,0.49486157298088074,0,0,0,0,0.5505081415176392
1846,0,0.45042264461517334,0.4546791911125183,0.4995969235897064,0,0,0,0,0.4865286350250244
1847,0,0.5721392035484314,0.4785105288028717,0.567500114440918,0,0,0,0,0.560504138469696
1848,0,0.5197359919548035,0.5295234322547913,0.48065027594566345,0,0,0,0,0.5154756307601929
1849,0,0.593560516834259,0.5954554677009583,0.516309380531311,0,0,0,0,0.5260831713676453
1850,0,0.6035947799682617,0.5550892353057861,0.5716827511787415,0,0,0,0,0.5734354257583618
1851,0,0.5956911444664001,0.6024065613746643,0.5394681692123413,0,0,0,0.684013307094574,0.6112444996833801
1852,0,0.6392013430595398,0.5971406698226929,0.6133627891540527,-999,0,0,0.7148082256317139,0.5841108560562134
1853,0.5171558260917664,0.4954473674297333,0.5338478684425354,0.5576977133750916,0.7173329591751099,0,0,0.5833471417427063,0.5154263973236084,0.4575321674346924
1854,0.49293819069862366,0.49886399507522583,0.5968745350837708,0.6237998604774475,0.7331809401512146,0,0,0.6016802191734314,0.6211426854133606,0.5218827128410339
1855,0.4398215413093567,0.5059530735015869,0.5141535997390747,0.5763373970985413,0.6449194550514221,0,0,0.5856260061264038,0.5223131775856018,0.40648290514945984
1856,0.6113084554672241,0.6202672123908997,0.5878065824508667,0.646414041519165,0.7130967378616333,0,0,0.621127724647522,0.6369869112968445,0.4792790710926056
1857,0.568231463432312,0.625795841217041,0.6148473620414734,0.5875665545463562,0.7210677862167358,0,0,0.6730576157569885,0.6291567087173462,0.5210311412811279
1858,0.5034406185150146,0.5188049077987671,0.5039108395576477,0.6072588562965393,0.6670008301734924,0,0,0.6060905456542969,0.5468546152114868,0.4710463583469391
1859,0.5765154957771301,0.5901684165000916,0.4527442157268524,0.6497480273246765,0.6948727965354919,0,-999,0.601714551448822,0.5571861267089844,0.49372538924217224
1860,0.5077986717224121,0.5012871623039246,0.504729151725769,0.5716490745544434,0.6451965570449829,0,0.5855057835578918,0.5487146377563477,0.5085427165031433,0.46624666452407837
1861,0.443705290555954,0.44363823533058167,0.4487696588039398,0.4167700707912445,0.5811027884483337,0,0.43305572867393494,0.46082958579063416,0.46945637464523315,0.44094014167785645
1862,0.5218831300735474,0.534037709236145,0.5872729420661926,0.5795878171920776,0.6060807704925537,0,0.5633949637413025,0.5733292102813721,0.5007451176643372,0.5107380747795105
1863,0.460175096988678,0.5009762644767761,0.4778948724269867,0.4484040141105652,0.5691196918487549,0,0.4565334916114807,0.49784278869628906,0.5184779167175293,0.4669272303581238
1864,0.4388842284679413,0.4969235360622406,0.47139599919319153,0.5291845798492432,0.46244189143180847,0,0.5295491814613342,0.47414690256118774,0.4777996242046356,0.472774475812912
1865,0.5067912340164185,0.5547793507575989,0.4914742112159729,0.5223574042320251,0.6689819693565369,0.6078559160232544,0.533942699432373,0.6976484060287476,0.6608667969703674,0.4811066687107086
1866,0.5340260863304138,0.5214745998382568,0.5100346207618713,0.523201584815979,0.7124277353286743,0.5066881775856018,0.5631442070007324,0.7208212018013,0.5857574343681335,0.5440034866333008
1867,0.4704846441745758,0.517352819442749,0.47878411412239075,0.5133885145187378,0.7284963130950928,0.5094174146652222,0.5914108157157898,0.6932762861251831,0.5043745636940002,0.5158442258834839
1868,0.5181146860122681,0.5143733024597168,0.46401888132095337,0.44106602668762207,0.6163466572761536,0.480818510055542,0.5930928587913513,0.6390808820724487,0.49292275309562683,0.5059008598327637
1869,0.49348995089530945,0.5829185843467712,0.47213056683540344,0.4418843984603882,0.6414356231689453,0.47532808780670166,0.5418298244476318,0.6431349515914917,0.4799988567829132,0.5094853639602661
1870,0.48018354177474976,0.5408868193626404,0.4526222348213196,0.45445042848587036,0.5995849370956421,0.5156094431877136,0.5508536696434021,0.6005111932754517,0.49262523651123047,0.4955936372280121
1871,0.4638955891132355,0.5925857424736023,0.4436686933040619,0.43033042550086975,0.5850024819374084,0.46521374583244324,0.5252194404602051,0.5924201607704163,0.45352408289909363,0.47418516874313354
1872,0.5182014107704163,0.6879226565361023,0.46221116185188293,0.5444535613059998,0.6851898431777954,0.5074660778045654,0.5969931483268738,0.6414843797683716,0.5404742956161499,0.4808543026447296
1873,0.5188512206077576,0.6446107029914856,0.46287810802459717,0.5356247425079346,0.60796058177948,0.5363589525222778,0.567164421081543,0.5770645141601562,0.49701642990112305,0.4833800196647644
1874,0.5803123116493225,0.718266487121582,0.5661425590515137,0.6028193831443787,0.7157662510871887,0.6366875171661377,0.5860425233840942,0.6086300611495972,0.5425608158111572,0.5035810470581055
1875,0.4630214273929596,0.6137245893478394,0.4500330984592438,0.4656010866165161,0.5857089161872864,0.5686521530151367,0.47279757261276245,0.5319007039070129,0.49180519580841064,0.42069509625434875
1876,0.4806625545024872,0.6252813339233398,0.48056647181510925,0.5637373328208923,0.6194628477096558,0.5633623003959656,0.51980060338974,0.5425185561180115,0.5055434107780457,0.4900590479373932
1877,0.43115776777267456,0.5912570357322693,0.46898186206817627,0.4687649607658386,0.6324161887168884,0.5211679935455322,0.5338292717933655,0.5179516673088074,0.46320807933807373,0.4458802044391632
1878,0.4734092950820923,0.6609453558921814,0.4743154048919678,0.5289821028709412,0.5958493947982788,0.5180636048316956,0.5619534850120544,0.49347516894340515,0.4504767060279846,0.47261402010917664
1879,0.5302115082740784,0.7066139578819275,0.5689762234687805,0.49889811873435974,0.663297712802887,0.5651004314422607,0.6153630018234253,0.5220176577568054,0.46574336290359497,0.5393599271774292
1880,0.4816300570964813,0.6653203368186951,0.5050854682922363,0.5477001070976257,0.6453671455383301,0.5702852010726929,0.5783948302268982,0.5225914716720581,0.5250740647315979,0.5144074559211731
1881,0.6355665922164917,0.6174876093864441,0.46440696716308594,0.49259883165359497,0.6430129408836365,0.48557430505752563,0.5071893334388733,0.4776138961315155,0.4181849956512451,0.44954830408096313
1882,0.5378780364990234,0.6983739137649536,0.5299973487854004,0.6292753219604492,0.7741556763648987,0.5714716911315918,0.6187632083892822,0.577634871006012,0.5371896624565125,0.5715931057929993
1883,0.5360037088394165,0.5887041687965393,0.5503236651420593,0.5019428133964539,0.6116962432861328,0.5365661382675171,0.5212969183921814,0.596642792224884,0.5432567000389099,0.505312442779541
1884,0.4633139967918396,0.597893476486206,0.4657231271266937,0.5342236161231995,0.6183813214302063,0.5448634624481201,0.4835872948169708,0.5986575484275818,0.4322102963924408,0.4834466576576233
1885,0.4720315933227539,0.4985707402229309,0.45342522859573364,0.4857129752635956,0.5782875418663025,0.5508747100830078,0.5644721388816833,0.5791563391685486,0.46340227127075195,0.49243104457855225
1886,0.4234178364276886,0.4479038119316101,0.4386079013347626,0.4694736897945404,0.5557803511619568,0.4849294126033783,0.5000358819961548,0.5647109150886536,0.3987782299518585,0.4215225875377655
1887,0.5504516363143921,0.6084909439086914,0.4688635468482971,0.5224430561065674,0.5888340473175049,0.6020135283470154,0.6547240018844604,0.6571921110153198,0.4290645122528076,0.47288966178894043
1888,0.4422300457954407,0.68583083152771,0.46040406823158264,0.5731160044670105,0.6644331216812134,0.510819673538208,0.584438145160675,0.6318961381912231,0.40290507674217224,0.4653434753417969
1889,0.6428862810134888,0.5399020910263062,0.44532471895217896,0.5221148133277893,0.6747385859489441,0.518754780292511,0.5882443189620972,0.5918963551521301,0.4474785029888153,0.4638601243495941
1890,0.47908222675323486,0.5546463131904602,0.47326207160949707,0.5290372371673584,0.6089320778846741,0.5418797135353088,0.5903879404067993,0.5989511609077454,0.41010764241218567,0.49176791310310364
1891,0.443589448928833,0.5801612138748169,0.45073941349983215,0.5721099376678467,0.6430020928382874,0.5328811407089233,0.5391993522644043,0.5631322860717773,0.446557879447937,0.5040756464004517
1892,0.4461077153682709,0.5424641370773315,0.44759148359298706,0.5472485423088074,0.6059832572937012,0.4939737915992737,0.5380131602287292,0.564473569393158,0.3804662525653839,0.45493972301483154
1893,0.4695989489555359,0.5524177551269531,0.4956141412258148,0.5543414354324341,0.5951476097106934,0.5736137628555298,0.5965445637702942,0.690728485584259,0.5356688499450684,0.4899989366531372
1894,0.45830202102661133,0.6420984268188477,0.5254932045936584,0.6178757548332214,0.6221602559089661,0.575324296951294,0.6110256910324097,0.6630192399024963,0.7521601319313049,0.4431653320789337
1895,0.537116527557373,0.6395641565322876,0.48836371302604675,0.6148975491523743,0.6958234906196594,0.5049900412559509,0.6518478989601135,0.6860052347183228,0.4312947988510132,0.5183911323547363
1896,0.49419456720352173,0.5433717966079712,0.4757542610168457,0.518887996673584,0.5646973848342896,0.5433434844017029,0.5925511121749878,0.6291444301605225,0.5141770243644714,0.48226526379585266
1897,0.4515104591846466,0.5391529202461243,0.43031561374664307,0.547004759311676,0.6053693890571594,0.560768187046051,0.5535750985145569,0.7137888073921204,0.5173012018203735,0.4483579099178314
1898,0.4369317591190338,0.5649072527885437,0.43641728162765503,0.46746626496315,0.6701881885528564,0.5569542646408081,0.5552356243133545,0.6838364005088806,0.403457909822464,0.4530801773071289
1899,0.4784756302833557,0.5458909869194031,0.41989850997924805,0.6477043032646179,0.6183885335922241,0.5870867967605591,0.6279533505439758,0.6574336886405945,0.4686550199985504,0.44196006655693054
1900,0.472766250371933,0.6016954183578491,0.42131978273391724,0.5064916014671326,0.7279014587402344,0.580775797367096,0.6196062564849854,0.6882941126823425,0.4618767499923706,0.46412143111228943
1901,0.5037965774536133,0.5437467694282532,0.4432823359966278,0.5559506416320801,0.5758658647537231,0.5710970759391785,0.618855893611908,0.6482723951339722,0.5458550453186035,0.47617271542549133
1902,0.5370144248008728,0.48240935802459717,0.48350679874420166,0.520816445350647,0.6452232599258423,0.6157066822052002,0.5257860422134399,0.666384220123291,0.5203726887702942,0.48748987913131714
1903,0.5152806043624878,0.5275071263313293,0.6022607684135437,0.5149121880531311,0.610339879989624,0.6016865372657776,0.5163068771362305,0.5978528261184692,0.5430729985237122,0.5419742465019226
1904,0.478598415851593,0.4425490200519562,0.4585300087928772,0.5029522180557251,0.6149708032608032,0.5231534838676453,0.49375277757644653,0.5403329133987427,0.47049108147621155,0.45355600118637085
1905,0.42666155099868774,0.43953728675842285,0.4628269076347351,0.5009979605674744,0.46839016675949097,0.548016369342804,0.5049619078636169,0.44639912247657776,0.42370089888572693,0.40634286403656006
1906,0.4450085461139679,0.4432215988636017,0.4938415288925171,0.49222519993782043,0.5045948624610901,0.5215771198272705,0.4876500964164734,0.5218217968940735,0.4177798926830292,0.4427352547645569
1907,0.49727120995521545,0.4407638609409332,0.583255410194397,0.49675843119621277,0.5539672374725342,0.5578024387359619,0.5041560530662537,0.5468271374702454,0.4243295192718506,0.5122731924057007
1908,0.5313543677330017,0.5171972513198853,0.5755064487457275,0.4865257740020752,0.7365548014640808,0.6079943776130676,0.669095516204834,0.5224995017051697,0.49181780219078064,0.5558753609657288
1909,0.5377369523048401,0.5804951786994934,0.5356810092926025,0.6152589917182922,0.6230466365814209,0.559735894203186,0.5096858739852905,0.5598765015602112,0.5502399206161499,0.47723016142845154
1910,0.4465603232383728,0.4502284526824951,0.4879935681819916,0.556276261806488,0.5521329641342163,0.5662168264389038,0.5228880047798157,0.5166642069816589,0.49192631244659424,0.4510258138179779
1911,0.4641156792640686,0.5469124913215637,0.4758297801017761,0.49579188227653503,0.6459917426109314,0.5258722901344299,0.4964308738708496,0.5086985230445862,0.44504314661026,0.6889183521270752
1912,0.47797393798828125,0.46635374426841736,0.540871798992157,0.5008951425552368,0.602207601070404,0.5335401892662048,0.5614608526229858,0.5157389044761658,0.5438281893730164,0.5556474924087524
1913,0.5642812848091125,0.5941271185874939,0.5900781154632568,0.5924134850502014,0.6438527703285217,0.6306946277618408,0.6598718762397766,0.6336733102798462,0.5603082776069641,0.6271120309829712
1914,0.4643704891204834,0.5526381134986877,0.604613184928894,0.4781133830547333,0.5789662599563599,0.5108022093772888,0.4672783315181732,0.48896917700767517,0.5484061241149902,0.6881444454193115
1915,0.476257860660553,0.46107253432273865,0.5111945271492004,0.5298961997032166,0.5854470729827881,0.47265103459358215,0.4537276327610016,0.49127307534217834,0.4753205478191376,0.5764573216438293
1916,0.5189831256866455,0.5815362334251404,0.5025290846824646,0.5084336400032043,0.6604377627372742,0.4535224735736847,0.6047524809837341,0.5225708484649658,0.516298770904541,0.7293946146965027
1917,0.46718013286590576,0.6052421927452087,0.5150920152664185,0.49454596638679504,0.6216964721679688,0.3925573229789734,0.6646668314933777,0.49364206194877625,0.6749954223632812,0.6943508386611938
1918,0.5114845037460327,0.5438600778579712,0.5089890360832214,0.4892174005508423,0.6713535785675049,0.5551508069038391,0.6780398488044739,0.49394962191581726,0.514819324016571,0.7191322445869446
1919,0.5277390480041504,0.4951895773410797,0.5245211720466614,0.49395254254341125,0.7582439184188843,0.5799675583839417,0.6205654740333557,0.5454171299934387,0.5815858840942383,0.5541900396347046
1920,0.46639126539230347,0.4404301345348358,0.4964970648288727,0.4943058490753174,0.547206699848175,0.5391007661819458,0.4586392641067505,0.47583338618278503,0.47674140334129333,0.4688005745410919
1921,0.5273914337158203,0.4865204095840454,0.5275372266769409,-999,0.7172215580940247,0.5830339789390564,0.6594489216804504,0.5678302645683289,0.5234872698783875,0.5282072424888611
1922,0.4505872428417206,0.44589975476264954,0.5264341831207275,0.4819927215576172,0.5901390314102173,0.5939350724220276,0.5189668536186218,0.479793906211853,0.4705185294151306,0.589256227016449
1923,0.5464189052581787,0.48667147755622864,0.542853593826294,0.4625129997730255,0.6807236671447754,0.5574892163276672,0.6126145720481873,0.5270183682441711,0.467199444770813,0.6229864358901978
1924,0.49966126680374146,0.48036596179008484,0.4878524839878082,0.5258533954620361,0.5534603595733643,0.5061845183372498,0.5516415238380432,0.42351481318473816,0.41859540343284607,0.563730776309967
1925,0.49663156270980835,0.6074070334434509,0.5318524837493896,0.4463385045528412,0.5926040410995483,0.4927704632282257,0.5904340147972107,0.47257140278816223,0.4078857898712158,0.5869951248168945
1926,0.47235655784606934,0.521390438079834,0.43992525339126587,0.436387300491333,0.6435627341270447,0.5566648244857788,0.6170546412467957,0.5264962911605835,0.4426911175251007,0.5453715324401855
1927,0.4879857003688812,0.5054708123207092,0.5119870901107788,0.5480851531028748,0.6229824423789978,0.5365403294563293,0.59340500831604,0.5061856508255005,0.4477240741252899,0.5780618786811829
1928,0.5280101895332336,0.5937623977661133,0.604295015335083,0.5116585493087769,0.6245862245559692,0.5895711183547974,0.6298355460166931,0.511233925819397,0.545368492603302,0.6210190653800964
1929,0.5313127636909485,0.602145791053772,0.5196139216423035,0.4653160274028778,0.6753817200660706,0.436409592628479,0.682117760181427,0.5714073181152344,0.5672067403793335,0.6227912306785583
1930,0.4358971118927002,0.5380423069000244,0.6740422248840332,0.4232722222805023,0.5414071679115295,0.4455868899822235,0.5450236797332764,0.46795231103897095,0.531762421131134,0.573813259601593
1931,0.5448449850082397,0.599152684211731,0.7751012444496155,0.4264971911907196,0.6729412078857422,0.3917809724807739,0.6885731220245361,0.5717612504959106,0.513933539390564,0.6219800114631653
1932,0.46082770824432373,0.44264087080955505,0.7014759182929993,0.4517262578010559,0.5295653939247131,0.3890065550804138,0.5497564077377319,0.5291111469268799,0.4958208203315735,0.5177605152130127
1933,0.5466536283493042,0.6128007769584656,0.7408744692802429,0.48096781969070435,0.6261154413223267,0.40275466442108154,0.6871978044509888,0.6049900054931641,0.5554627776145935,0.5860726237297058
1934,0.5881251096725464,0.6781389117240906,0.7697935104370117,0.5112114548683167,0.7332987785339355,0.3115234971046448,0.6861184239387512,0.6547877192497253,0.5784408450126648,0.6318256855010986
1935,0.4794924855232239,0.5952206254005432,0.7297961115837097,0.45250195264816284,0.6120418906211853,0.37734317779541016,0.6526087522506714,0.4994305670261383,0.48042285442352295,0.5938319563865662
1936,0.4441206753253937,0.42083147168159485,0.6306285858154297,0.4454762935638428,0.5631619691848755,0.4240415394306183,0.5584626197814941,0.4319462478160858,0.4280528426170349,0.4643786549568176
1937,0.49225687980651855,0.49070557951927185,0.7160823345184326,0.3965034484863281,0.6712613701820374,0.4391097128391266,0.6713544726371765,0.5942519307136536,0.458746075630188,0.5018974542617798
1938,0.52738356590271,0.6353760361671448,0.716884970664978,0.38715609908103943,0.7183578610420227,0.4887431263923645,0.7067216038703918,0.6355491876602173,0.48745545744895935,0.6311437487602234
1939,0.5448823571205139,0.6102648973464966,0.6836657524108887,0.4592577815055847,0.6330856084823608,0.5114181041717529,0.6973211765289307,0.7127079963684082,0.5515609979629517,0.560427725315094
1940,0.5174098610877991,0.5453322529792786,0.6825831532478333,0.44321978092193604,0.6630087494850159,0.4971226453781128,0.6681712865829468,0.6308948993682861,0.5142775774002075,0.5593234896659851
1941,0.5755528211593628,0.5190464854240417,0.6862766742706299,0.4101506769657135,0.6277987957000732,0.560096800327301,0.6711356043815613,0.6019886136054993,0.43777209520339966,0.49233224987983704
1942,0.4854447543621063,0.5021908283233643,0.5220121145248413,0.48553189635276794,0.5549057722091675,0.5520510673522949,0.5608769655227661,0.49704888463020325,0.4833061099052429,0.477372944355011
1943,0.5103136897087097,0.5801169872283936,0.6784679889678955,0.3939622640609741,0.5376171469688416,0.6174407005310059,0.5954673290252686,0.6031545400619507,0.39494121074676514,0.4896419048309326
1944,0.567172646522522,0.5080816149711609,0.6147077083587646,0.5457366108894348,0.46363043785095215,0.5693473219871521,0.5979207754135132,0.5863903760910034,0.5047782063484192,0.4393358826637268
1945,0.5683523416519165,0.6699056625366211,0.69618159532547,-999,0.454509437084198,0.6185594797134399,0.6451785564422607,0.6189602017402649,0.5138555765151978,0.41598910093307495
1946,0.5154526829719543,0.4000191390514374,0.5723561644554138,0.6415162086486816,0.5758889317512512,0.587828516960144,0.5905417799949646,0.5978069305419922,0.5100290775299072,0.44923272728919983
1947,0.5229517817497253,0.44106560945510864,0.6101198792457581,0.6539718508720398,0.5878241658210754,0.582947850227356,0.5975488424301147,0.5389953851699829,0.4768950343132019,0.4671883285045624
1948,0.5468859076499939,0.41334253549575806,0.6025080680847168,0.5744524002075195,0.6105229258537292,0.5351516604423523,0.5780216455459595,0.5202819108963013,0.5520537495613098,0.46297115087509155
1949,0.5548496246337891,0.48380517959594727,0.5752710103988647,0.624944806098938,0.6223035454750061,0.5500457286834717,0.5993134379386902,0.484214186668396,0.6072971224784851,0.4939571022987366
1950,0.49988049268722534,0.5283814668655396,0.5162477493286133,0.49984511733055115,0.6146717667579651,0.6006255149841309,0.5489211082458496,0.44741305708885193,0.5311824679374695,0.4687640964984894
1951,0.49615389108657837,0.536422610282898,0.6112421751022339,0.693962812423706,0.7262992858886719,0.5968503952026367,0.6818802356719971,0.5979121923446655,0.5266786813735962,0.6189643144607544
1952,0.3859548568725586,0.4242017865180969,0.6013124585151672,0.4999721646308899,0.6265609264373779,0.5646091103553772,0.6623653173446655,0.5162760615348816,0.5394902229309082,0.3962099552154541
1953,0.3986692726612091,0.4016982614994049,0.4763767421245575,0.4514009654521942,0.58060222864151,0.519760012626648,0.5788841843605042,0.5724456310272217,0.5651441216468811,0.3828851580619812
1954,0.45544150471687317,0.627355694770813,0.5345627665519714,0.6666580438613892,0.60687255859375,0.49198243021965027,0.6504948139190674,0.4869621694087982,0.5238358378410339,0.5575535297393799
1955,0.44868171215057373,0.5235521793365479,0.56893390417099,0.6848113536834717,0.6056819558143616,0.5304120779037476,0.6778349876403809,0.5768983960151672,0.5015833973884583,0.5854994654655457
1956,0.48998770117759705,0.6094578504562378,0.5620636343955994,0.6536377668380737,0.66468346118927,0.6037324070930481,0.6799591183662415,0.5480004549026489,0.5642992854118347,0.5392241477966309
1957,0.47862523794174194,0.5453811883926392,0.44312983751296997,0.6471547484397888,0.6142542362213135,0.5600974559783936,0.5953746438026428,0.48571905493736267,0.5542311072349548,0.46864044666290283
1958,0.43935877084732056,0.6543548703193665,0.5537664294242859,0.6998120546340942,0.6877657175064087,0.5716394186019897,0.7151171565055847,0.5122238993644714,0.5340961813926697,0.6071996092796326
1959,0.4501352906227112,0.4171657860279083,0.5062342882156372,0.6422668695449829,0.583228349685669,0.6275925636291504,0.6366867423057556,0.5697932243347168,0.6169785857200623,0.5027825832366943
1960,0.40141475200653076,0.4441375732421875,0.43859097361564636,0.507182776927948,0.6003698706626892,0.5196117758750916,0.6685732007026672,0.5075139999389648,0.5114867687225342,0.4052993357181549
1961,0.5005478262901306,0.6084709763526917,0.452482134103775,0.524878203868866,0.537260115146637,0.6106278896331787,0.7184965014457703,0.5067687630653381,0.5282474756240845,0.4977717697620392
1962,0.5415249466896057,0.6245645880699158,0.5097204446792603,0.6739469170570374,0.7109895348548889,0.6275162100791931,0.6495877504348755,0.6234281063079834,0.7087879776954651,0.5402075052261353
1963,0.5492794513702393,0.6329765319824219,0.6125339865684509,0.6295910477638245,0.696402907371521,0.6319285035133362,0.6676663756370544,0.5096598267555237,0.6794383525848389,0.5574744343757629
1964,0.5297778844833374,0.6621012687683105,0.5439471006393433,0.5838109850883484,0.6675766110420227,0.5947844982147217,0.6056526899337769,0.5636951327323914,0.5265939235687256,0.6275942325592041
1965,0.496336966753006,0.5886719822883606,0.499367892742157,0.5834748148918152,0.5807720422744751,0.573184072971344,0.6172317266464233,0.5884949564933777,0.591315507888794,0.530636191368103
1966,0.5258629322052002,0.6237111687660217,0.504259467124939,0.6765508651733398,0.5926603674888611,0.6020272970199585,0.6705906391143799,0.5578949451446533,0.4709746837615967,0.6164273619651794
1967,0.531669020652771,0.6096312403678894,0.553693950176239,0.6923113465309143,0.6207564473152161,0.5881056189537048,0.6804345846176147,0.6237965822219849,0.5205594897270203,0.5655010342597961
1968,0.5567266941070557,0.6806913614273071,0.5105535984039307,0.6879789233207703,0.5909117460250854,0.59260094165802,0.6466132402420044,0.5602915287017822,0.5540667772293091,0.5934566855430603
1969,0.4605958163738251,0.7299845814704895,0.6206472516059875,0.6252391934394836,0.6800821423530579,0.627650797367096,0.7184504270553589,0.5848419666290283,0.5801340937614441,0.6847119927406311
1970,0.5447106957435608,0.6245161890983582,0.5373359322547913,0.5221353769302368,0.5394561886787415,0.4445391297340393,0.6195293664932251,0.5880175828933716,0.5836273431777954,0.5956701040267944
1971,0.47708916664123535,0.7819355130195618,0.48954349756240845,0.550194501876831,0.5541397333145142,0.6569094061851501,0.6734291911125183,0.5408388376235962,0.519832968711853,0.6232815384864807
1972,0.5655320286750793,0.6761732697486877,0.5909061431884766,0.6062095165252686,0.530879020690918,0.5493156909942627,0.6997315287590027,0.516180694103241,0.5843260884284973,0.5957895517349243
1973,0.5647274851799011,0.694322943687439,0.6635481119155884,0.6999903917312622,0.6112338304519653,0.7094952464103699,0.6952194571495056,0.6132805347442627,0.5199491381645203,0.6138896942138672
1974,0.48159220814704895,0.47721779346466064,0.5307028293609619,0.6059889793395996,0.5677650570869446,0.5282763242721558,0.6366362571716309,0.5644680857658386,0.4671562612056732,0.4617820382118225
1975,0.4982224702835083,0.5099766254425049,0.47506171464920044,0.6778438091278076,0.536289393901825,0.6202724575996399,0.6757397651672363,0.5507687330245972,0.4481489956378937,0.4597092568874359
1976,0.5306296348571777,0.6730119585990906,0.5737881064414978,0.6826398968696594,0.48741716146469116,0.5552563667297363,0.645730197429657,0.6286788582801819,0.4948054552078247,0.5717258453369141
1977,0.39912527799606323,0.4737664759159088,0.39803481101989746,0.4676097333431244,0.4400642216205597,0.4636945426464081,0.549620509147644,0.48461103439331055,0.3474619686603546,0.3890535533428192
1978,0.4856370985507965,0.6585386991500854,0.5601304173469543,0.6745115518569946,0.5465925335884094,0.7442945837974548,0.6867899894714355,0.5721119046211243,0.45809024572372437,0.6228802800178528
1979,0.47778260707855225,0.5769970417022705,0.5435768961906433,0.5430775284767151,0.5635054111480713,0.6481228470802307,0.6575844883918762,0.5882267355918884,0.4090435206890106,0.5995211005210876
1980,0.5081208348274231,0.7310441136360168,0.6189681887626648,0.6446517109870911,0.566277265548706,0.7166191935539246,0.4339917004108429,0.5948647856712341,0.3950049877166748,0.5206480622291565
1981,0.5521841049194336,0.6091329455375671,0.6709571480751038,0.55950927734375,0.6172120571136475,0.7577179074287415,0.6229337453842163,0.5715234875679016,0.40094611048698425,0.5762172341346741
1982,0.4685523808002472,0.5347962975502014,0.4561005234718323,-999,0.5030049681663513,0.6707772612571716,0.43578600883483887,0.49943381547927856,0.3970295190811157,0.4585845172405243
1983,0.5225781798362732,0.5319048762321472,0.5502827763557434,0.7317408323287964,0.5646944046020508,0.6528453826904297,0.6044252514839172,0.6082947254180908,0.41474649310112,0.48967862129211426
1984,0.4879562258720398,0.4127446711063385,0.5442875027656555,0.5969949960708618,0.5299218893051147,0.7044918537139893,0.6199102997779846,0.5198025703430176,0.45820796489715576,0.48502546548843384
1985,0.47337621450424194,0.6671833395957947,0.579257607460022,0.7644915580749512,0.5572649836540222,0.7507044076919556,0.7264882922172546,0.5927345752716064,0.6246100664138794,0.6651673913002014
1986,0.5494425892829895,0.6271849274635315,0.5079724788665771,0.6616313457489014,0.5750221610069275,0.6983426809310913,0.705800473690033,0.5598388314247131,0.6616236567497253,0.542500376701355
1987,0.4173470437526703,0.5606809258460999,0.479502409696579,0.5912042856216431,0.4922637343406677,0.7584800124168396,0.7076682448387146,0.6001811623573303,0.5468941926956177,0.4978592097759247
1988,0.44011053442955017,0.5717196464538574,0.4631446301937103,0.5163349509239197,0.5478684902191162,0.7353654503822327,0.7237077951431274,0.4860742390155792,0.5261383652687073,0.4782719910144806
1989,0.42474907636642456,0.5402693152427673,0.49387240409851074,0.5972984433174133,0.5434178709983826,0.7534129023551941,0.7536554336547852,0.5155962109565735,0.48642852902412415,0.4562442898750305
1990,0.41486236453056335,0.47928860783576965,0.4877311885356903,0.5477977395057678,0.47436171770095825,0.7521199584007263,0.6516279578208923,0.5228245854377747,0.4715690016746521,0.4826669991016388
1991,0.42206063866615295,0.36840617656707764,0.37989741563796997,0.565340518951416,0.4775509536266327,0.7643578052520752,0.6246833801269531,0.45246878266334534,0.595248818397522,0.4114319980144501
1992,0.47027456760406494,0.7546882033348083,0.6185730695724487,0.658693790435791,0.5115960240364075,0.656162440776825,0.7819650769233704,-999,0.5377544164657593,0.6638081073760986
1993,0.49537211656570435,0.5721824765205383,0.4895632565021515,0.6645991802215576,0.6043716073036194,0.740625262260437,0.7055971622467041,0.748582124710083,0.7421796917915344,0.4635215699672699
1994,0.5160742998123169,0.6228145956993103,0.46014803647994995,0.5832143425941467,0.5290677547454834,0.7270153760910034,0.6184311509132385,0.5523984432220459,0.626381516456604,0.48480767011642456
1995,0.4842519462108612,0.5133346915245056,0.4887159466743469,0.5839311480522156,0.4857657551765442,0.782618522644043,0.7425382137298584,0.4906701445579529,0.5407800078392029,0.46418502926826477
1996,0.44808241724967957,0.5393720865249634,0.4771619737148285,0.48803192377090454,0.5164873600006104,0.7363221645355225,0.7076745629310608,0.7418856024742126,0.6149801015853882,0.5650736689567566
1997,0.49196159839630127,0.4515262544155121,0.3904963731765747,0.6288462281227112,0.5084357261657715,0.8226298093795776,0.7569962739944458,0.48560595512390137,0.5402398705482483,0.44040411710739136
1998,0.45397141575813293,0.5295519232749939,0.4577106535434723,0.582919180393219,0.5179587006568909,0.7188386917114258,0.7590538263320923,0.49752214550971985,0.5279961228370667,0.46871161460876465
1999,0.540248453617096,0.5011997222900391,0.5096797943115234,0.6736652851104736,0.5857191681861877,0.7097256183624268,0.7222067713737488,0.5414708256721497,0.5608967542648315,0.520628809928894
2000,0.5234175324440002,0.49525579810142517,0.559278130531311,0.682522177696228,0.5694664716720581,0.7730003595352173,0.7993063926696777,0.47804132103919983,0.6967161297798157,0.4070543646812439
2001,0.5431029796600342,0.6104996204376221,0.4435098171234131,0.5783075094223022,0.4770601987838745,0.7978584170341492,0.7979806065559387,0.5419545769691467,0.6960161924362183,0.48705214262008667
2002,0.44891294836997986,0.4843001365661621,0.4545813500881195,0.6411339640617371,0.49082615971565247,0.7157938480377197,0.7455479502677917,0.4903365969657898,0.6464290618896484,0.47841474413871765
2003,0.45402297377586365,0.4714522361755371,0.4450693130493164,0.539353609085083,0.47125089168548584,0.8012828230857849,0.7370387315750122,0.41567936539649963,0.669555127620697,0.566026508808136
2004,0.558051586151123,0.372076153755188,0.47182583808898926,0.5217882990837097,0.4750194549560547,0.7775178551673889,0.7877357602119446,0.4637516736984253,0.5933763384819031,0.34415143728256226
2005,0.5200335383415222,0.40125909447669983,0.4270232319831848,0.6847396492958069,0.49770092964172363,0.7607508897781372,0.7975789308547974,0.4275888502597809,0.5416212677955627,0.383866548538208
2006,0.5584405660629272,0.4941943883895874,0.4539070129394531,0.5870668292045593,0.5355890989303589,0.7540600299835205,0.740852415561676,0.5212153196334839,0.6666657328605652,0.4252282977104187
2007,0.5484625101089478,0.41000470519065857,0.3838694989681244,0.645004153251648,0.4530183970928192,0.6882020831108093,0.7831426858901978,-999,0.5722805857658386,0.33996349573135376
2008,0.5200628638267517,0.5051717162132263,0.44099417328834534,0.673245906829834,0.5049987435340881,0.7065111398696899,0.6868600845336914,0.4296876788139343,0.6374563574790955,0.42386576533317566
2009,0.5122543573379517,0.5593233108520508,0.4223969578742981,0.560809314250946,0.460396409034729,0.7659772038459778,0.767279326915741,-999,0.49796533584594727,0.4530734121799469
2010,0.5546689629554749,0.4180999994277954,0.4065203070640564,0.7008892297744751,0.503967821598053,0.7871848940849304,0.7961311936378479,0.5108193755149841,0.4936063885688782,0.33985093235969543
2011,0.5247964859008789,0.42525550723075867,0.43849802017211914,0.5270643830299377,0.4967713952064514,0.8216509222984314,0.7990829348564148,0.47792133688926697,0.5108109712600708,0.32739031314849854
2012,0.5613901019096375,0.3921770453453064,0.4263659417629242,0.6700446009635925,0.449051171541214,0.7293635010719299,0.6836893558502197,-999,0.43635082244873047,0.3387572765350342
2013,0.532342791557312,0.532092809677124,0.42481791973114014,0.5308693051338196,0.5261613726615906,0.7469000220298767,0.5107579827308655,-999,0.45933547616004944,0.5882312059402466
2014,0.6176616549491882,0.6195066571235657,0.4507021903991699,0.618945300579071,0.4903198182582855,0.7261298894882202,0.7486091256141663,-999,0.3612850308418274,0.3770429491996765
2015,0.5705341100692749,0.3997499644756317,0.4124247431755066,0.5606585144996643,0.42063894867897034,0.7835167050361633,0.7804914116859436,0.40670493245124817,0.4186073839664459,0.37611159682273865
2016,0.4668094515800476,0.412955641746521,0.3817552328109741,0.6510552763938904,0.46659886837005615,0.7553480863571167,0.7778643369674683,0.40018585324287415,0.43562519550323486,0.48202818632125854
2017,0.5554894804954529,0.5617836713790894,0.5187342166900635,0.7559990286827087,0.6315891146659851,0.7282068133354187,0.6991210579872131,0.39230215549468994,0.5027105212211609,0.5084460377693176
2018,0.5086812973022461,0.4468417763710022,0.42251211404800415,0.7109862565994263,0.5510324239730835,0.7353441119194031,0.7486252188682556,-999,0.41096973419189453,0.3524952232837677
2019,0.5129038691520691,0.49452897906303406,0.4048054814338684,0.746052086353302,0.5482217073440552,0.8005034923553467,0.7640236616134644,-999,0.4451436400413513,0.40387266874313354
2020,0.5038262009620667,0.34931284189224243,0.3778568208217621,0.7565003037452698,0.5189416408538818,0.7304189205169678,0.6889345645904541,-999,0.4288861155509949,0.4044198989868164
2021,0.4184120297431946,0.4177596867084503,0.3937070071697235,0.6391343474388123,0.5043230056762695,0.6754850745201111,0.7683067917823792,-999,0.4536491930484772,0.5100143551826477
2022,0.5203946828842163,0.6856568455696106,0.41443467140197754,0.644128680229187,0.49971553683280945,0.6512470245361328,0.7227319478988647,-999,0.4451402723789215,0.5951933264732361
2023,0.4941469728946686,0.38982298970222473,0.358987033367157,0.4628693461418152,0.4390025734901428,0.8039738535881042,0.6698790788650513,-999,-999