year,CD*CHO01_,CD*CHO03_,CD*CHO04_,CD*CHO05_,CD*CHO07_,CD*CHO14_,CD*CHO15_,CD*CHO16_,CD*CHO17_,CD*CHO19_
1439,0,0,0,374.50732421875
1440,0,0,0,1248.9393310546875
1441,0,0,0,1155.371337890625
1442,0,0,0,1276.419921875
1443,0,0,0,1323.8323974609375
1444,0,0,0,1156.042236328125
1445,0,0,0,1192.1021728515625
1446,0,0,0,1687.641845703125
1447,0,0,0,1513.029052734375
1448,0,0,0,1412.0439453125
1449,0,0,0,1313.1392822265625
1450,0,0,0,1284.363525390625
1451,0,0,0,1348.0509033203125
1452,0,0,0,1415.903564453125
1453,0,0,0,1613.965576171875
1454,0,0,0,1422.250244140625
1455,0,0,0,1445.8489990234375
1456,0,0,0,1441.63916015625
1457,0,0,0,1319.9261474609375
1458,0,0,0,1180.23193359375
1459,0,0,0,10762.1015625
1460,0,0,0,1388.8109130859375
1461,0,0,0,1140.863037109375
1462,0,0,0,1050.133056640625
1463,0,0,0,857.2320556640625
1464,0,0,0,869.7425537109375
1465,0,0,0,852.3922119140625
1466,0,0,0,753.100830078125
1467,0,0,0,834.0521850585938
1468,0,0,0,712.3431396484375
1469,0,0,0,1038.4471435546875
1470,0,0,0,1185.533447265625
1471,0,0,0,1026.876708984375
1472,0,0,0,966.6477661132812
1473,0,0,0,1074.17333984375
1474,0,0,0,804.302734375
1475,0,0,0,928.3356323242188
1476,0,0,0,968.3790893554688
1477,0,0,0,1072.68115234375
1478,0,0,0,965.7987060546875
1479,0,0,0,1208.0870361328125
1480,0,0,0,1319.45556640625
1481,0,0,0,1324.7152099609375
1482,0,0,0,1193.1234130859375
1483,0,0,0,508.9501647949219
1484,0,0,0,1232.175048828125
1485,0,0,0,1359.63818359375
1486,0,0,0,1055.3424072265625
1487,0,0,0,1595.2830810546875
1488,0,0,0,1247.643310546875
1489,0,0,0,1254.1051025390625
1490,0,0,0,1281.3822021484375
1491,0,0,0,1242.5321044921875
1492,0,0,0,1282.951416015625
1493,0,0,0,1406.6552734375
1494,0,0,0,1524.558349609375
1495,0,0,0,1361.028564453125
1496,0,0,0,1171.847900390625
1497,0,0,0,1214.1124267578125
1498,0,0,0,1461.54248046875
1499,0,0,0,1209.057861328125
1500,0,0,0,1550.1922607421875
1501,0,0,0,1496.2247314453125
1502,0,0,0,1026.3218994140625
1503,0,0,0,1040.4405517578125
1504,0,0,0,1404.5557861328125
1505,0,0,0,1335.2132568359375
1506,0,0,0,1227.1370849609375
1507,0,0,0,1182.218017578125
1508,0,0,0,1413.220458984375
1509,0,0,0,1148.806396484375
1510,0,0,0,1183.212158203125
1511,0,0,0,1241.777587890625
1512,0,0,0,1035.876220703125
1513,0,0,0,937.6076049804688
1514,0,0,0,1341.490234375
1515,0,0,0,1293.986328125
1516,0,0,0,1405.68115234375
1517,0,0,0,1105.627197265625
1518,0,0,0,1225.60595703125
1519,0,3249.54736328125,1756.17236328125,820.279541015625
1520,0,22.7913761138916,1718.174072265625,1151.6099853515625
1521,0,24.46885871887207,0,1177.158447265625
1522,0,32.632598876953125,0,896.653076171875
1523,0,26.459468841552734,942.9931030273438,1201.1876220703125
1524,0,28.986873626708984,1505.535888671875,1081.435546875
1525,0,2491.178466796875,1303.8255615234375,694.5225830078125
1526,0,2650.489013671875,1512.528076171875,848.6480712890625
1527,0,2362.493896484375,1438.2994384765625,762.1055908203125,0,0,2346.02783203125
1528,0,2350.711669921875,1448.189453125,771.7147827148438,0,0,2139.527099609375
1529,0,2558.412841796875,1683.6142578125,66.3971176147461,0,0,2191.146484375
1530,0,2550.765869140625,1997.040771484375,1332.260498046875,0,0,2226.763427734375
1531,0,2388.805908203125,1621.69482421875,1007.705322265625,0,0,1981.9810791015625
1532,0,2219.47802734375,1391.065185546875,949.1385498046875,0,0,1728.0848388671875
1533,0,2082.81591796875,1217.4703369140625,918.2866821289062,0,0,1509.5228271484375
1534,0,2044.2066650390625,1302.9263916015625,875.7261352539062,0,0,1457.828369140625
1535,0,2106.557373046875,1284.50390625,1033.3251953125,0,0,1496.28271484375
1536,0,1757.27490234375,1422.2337646484375,984.0203857421875,0,0,1452.568115234375
1537,0,1717.83740234375,1453.683349609375,898.1309204101562,0,0,1707.7291259765625
1538,0,1772.020751953125,1362.0548095703125,1051.4925537109375,0,0,1510.692138671875
1539,0,1712.3121337890625,1414.1932373046875,1029.32080078125,0,0,1414.740478515625
1540,0,1853.32763671875,1658.523193359375,1059.39990234375,0,0,1553.16015625
1541,0,2098.233642578125,1983.878173828125,1054.76025390625,0,0,1505.34619140625
1542,0,2310.48974609375,1122.1141357421875,1431.2723388671875,0,0,1639.7242431640625
1543,0,2172.38671875,1917.75341796875,1271.7122802734375,0,0,1496.7216796875
1544,0,1908.15283203125,1824.94384765625,1009.5170288085938,0,0,1286.837890625
1545,0,1820.0223388671875,1896.99853515625,1132.7344970703125,0,0,1323.284423828125
1546,0,1958.9029541015625,1953.0438232421875,1363.0975341796875,0,0,1256.663330078125
1547,0,1754.9091796875,1229.3504638671875,749.4427490234375,0,0,1632.2711181640625
1548,0,1745.78125,1504.3660888671875,885.886962890625,0,0,1623.627685546875
1549,0,1633.0390625,1452.3289794921875,957.8164672851562,0,0,1528.50244140625
1550,0,1542.89404296875,1289.7225341796875,913.0411987304688,0,0,1291.529296875
1551,0,1409.334228515625,1475.9521484375,1126.586181640625,0,0,1230.6876220703125
1552,0,1456.8997802734375,1014.7071533203125,674.93408203125,0,0,1419.5811767578125
1553,0,1524.065673828125,1299.48876953125,1003.3446044921875,0,0,1060.125732421875
1554,0,1404.798583984375,1326.656005859375,1092.4744873046875,0,0,1313.1439208984375
1555,0,1342.0968017578125,1206.505126953125,906.6602783203125,0,0,1730.80615234375
1556,0,1455.7716064453125,1359.919921875,1062.984375,0,0,1409.0694580078125
1557,0,1936.4459228515625,2093.00927734375,218.01632690429688,0,0,1307.7310791015625
1558,0,1599.169189453125,1346.56640625,882.93017578125,0,0,1184.6485595703125
1559,0,1449.440185546875,1458.236572265625,1124.9224853515625,0,0,1196.953857421875
1560,0,1794.7998046875,1667.56640625,1056.875244140625,0,0,1274.874755859375
1561,0,1628.096435546875,1334.3798828125,921.565673828125,0,0,1186.3133544921875
1562,0,1590.4981689453125,1494.9705810546875,1218.08447265625,0,0,966.447265625
1563,0,1383.69677734375,1227.837158203125,977.4126586914062,0,0,999.1258544921875
1564,0,1479.1083984375,1352.1082763671875,1147.1407470703125,0,0,1005.8795166015625
1565,0,1604.92724609375,1318.1949462890625,1099.8795166015625,0,0,1059.0069580078125,1630.841796875
1566,0,1711.3076171875,1457.349853515625,1142.5924072265625,0,0,991.6024169921875,1881.1116943359375
1567,0,1327.184814453125,1427.217041015625,1116.62158203125,0,0,1590.902099609375,1944.2294921875
1568,0,1286.3421630859375,1206.9859619140625,767.48974609375,0,0,1591.1097412109375,1930.656982421875
1569,0,1396.42724609375,1371.68896484375,1083.277099609375,0,0,1478.3294677734375,1776.532958984375
1570,0,1625.3717041015625,1179.6241455078125,1096.21435546875,0,0,1205.74609375,1922.9307861328125
1571,0,1064.5369873046875,1589.6746826171875,1148.0496826171875,0,0,1645.0858154296875,1726.622314453125
1572,0,1498.5902099609375,1790.1427001953125,1438.9970703125,0,0,1189.0262451171875,1743.7545166015625
1573,0,1210.716796875,1241.6033935546875,899.40234375,0,0,1055.0126953125,1815.70751953125
1574,0,1168.598876953125,1256.336669921875,1086.1405029296875,0,0,965.5159912109375,1619.646484375
1575,0,1273.647216796875,1213.511962890625,710.3405151367188,0,0,985.2462768554688,1662.3153076171875
1576,0,1236.9923095703125,1420.2540283203125,1191.079833984375,0,0,949.6129150390625,1622.0709228515625
1577,0,1264.2774658203125,1312.255615234375,1085.2366943359375,0,0,1080.64599609375,1614.18701171875
1578,0,949.986083984375,1131.7598876953125,1112.09765625,0,0,822.030029296875,1640.8350830078125
1579,0,1426.369384765625,1193.0029296875,937.3599243164062,0,0,889.8534545898438,1887.165283203125
1580,0,1751.581787109375,2055.237060546875,691.4091796875,0,0,1020.9979248046875,1607.3033447265625
1581,0,1168.5926513671875,1260.05517578125,1074.0931396484375,0,0,972.5753173828125,1343.476318359375
1582,0,1170.2772216796875,1122.9627685546875,1120.4931640625,0,0,1242.6998291015625,1524.908447265625
1583,0,1163.74658203125,1079.0711669921875,1221.883056640625,0,0,962.4943237304688,1575.7391357421875
1584,0,1015.553955078125,0,1087.5626220703125,0,0,1185.64697265625,1706.0364990234375
1585,0,983.905517578125,0,1274.2928466796875,0,0,1198.9129638671875,2137.917724609375
1586,0,803.3943481445312,0,966.6215209960938,0,0,993.338134765625,1423.0740966796875,942.3663330078125
1587,0,1117.371826171875,0,1050.7745361328125,0,0,1061.7559814453125,1352.111572265625,1484.593994140625
1588,0,1016.906494140625,0,1124.9228515625,0,1409.793701171875,911.690185546875,1460.663330078125,1511.1339111328125
1589,0,1290.020263671875,0,1175.57763671875,0,1736.96044921875,1069.29638671875,1847.0574951171875,1506.395751953125
1590,0,905.3071899414062,0,1091.781494140625,0,1330.6663818359375,1168.94775390625,1362.8687744140625,1666.5172119140625
1591,0,801.6190795898438,0,923.870849609375,0,1858.9337158203125,1468.865234375,1266.4306640625,1377.30126953125
1592,0,1038.7535400390625,0,945.6171875,0,1912.752685546875,1221.49609375,1376.25146484375,1274.8604736328125
1593,0,900.759033203125,0,1034.790771484375,0,1596.059326171875,1006.418212890625,1444.46044921875,1615.587646484375
1594,0,1020.1131591796875,0,995.8526000976562,0,1798.5101318359375,1255.4622802734375,1492.35400390625,1459.5440673828125
1595,0,732.0189819335938,0,983.0091552734375,0,1801.28466796875,1060.9254150390625,1417.856689453125,1565.414794921875
1596,0,971.9470825195312,0,997.1312866210938,0,1537.534912109375,1302.10791015625,1492.844482421875,1338.734375
1597,0,858.3291015625,0,1408.28076171875,0,1092.8917236328125,1811.1473388671875,1659.483642578125,1366.271484375
1598,0,918.6121826171875,0,927.3948974609375,0,1666.6092529296875,1299.50537109375,1443.03955078125,1586.67431640625
1599,0,925.9383544921875,0,1001.3634643554688,0,1287.432861328125,1191.4912109375,1315.3935546875,1333.9896240234375
1600,0,914.9619140625,0,841.4984741210938,0,1406.0028076171875,1068.4267578125,1342.3197021484375,1376.6455078125
1601,0,989.5049438476562,0,1053.3946533203125,0,1252.7486572265625,1259.483154296875,1506.9603271484375,1318.792724609375
1602,0,1589.7176513671875,0,1061.613037109375,0,1433.55126953125,1193.1591796875,1446.8751220703125,1721.4219970703125
1603,0,1499.44775390625,0,913.3389892578125,0,2074.505126953125,1204.3182373046875,1348.05615234375,1544.430908203125
1604,0,1485.499267578125,0,1015.9124145507812,0,1666.120361328125,1096.748046875,1452.8623046875,1294.2353515625
1605,0,1703.4912109375,0,405.932861328125,0,1418.3548583984375,2188.704345703125,1871.4525146484375,1346.040771484375
1606,0,1522.2818603515625,0,907.8507080078125,0,1932.9066162109375,1198.0245361328125,1515.0467529296875,1907.0008544921875
1607,0,1421.2772216796875,0,957.5494384765625,0,1835.408447265625,454.8476257324219,1564.63330078125,1296.683349609375
1608,0,1532.1407470703125,0,1112.7525634765625,0,1966.1839599609375,808.467041015625,1659.767333984375,1387.001220703125
1609,0,1552.740966796875,0,1121.818603515625,0,1597.9517822265625,882.2479858398438,1787.7801513671875,1459.013427734375
1610,0,1540.11328125,0,974.9102172851562,0,1931.9686279296875,1762.6217041015625,1737.30615234375,1640.9765625
1611,0,1558.173828125,0,1014.9291381835938,0,1662.5596923828125,1228.82861328125,2001.669921875,1312.3358154296875
1612,0,1718.218017578125,0,1042.9281005859375,0,1702.126220703125,1087.6263427734375,1678.767333984375,1506.30810546875
1613,0,1408.3638916015625,0,834.9046020507812,0,1617.208251953125,1129.873779296875,1535.1632080078125,1560.49169921875
1614,0,1577.497802734375,0,1301.2728271484375,0,1659.927001953125,1144.1998291015625,1865.518798828125,1240.0706787109375
1615,0,1422.5740966796875,0,892.5587158203125,0,1601.0350341796875,1142.420166015625,1513.6815185546875,1712.41796875
1616,0,1433.7977294921875,0,1024.5753173828125,0,1057.21337890625,903.44921875,1465.1727294921875,1417.971923828125,849.2103271484375
1617,0,1425.5130615234375,0,1295.931396484375,0,1318.3922119140625,1075.88330078125,1800.85888671875,1637.79443359375,1210.624755859375
1618,0,1367.963623046875,0,939.3416748046875,0,1133.4581298828125,1070.767822265625,1990.710693359375,1970.58837890625,1349.4124755859375
1619,0,1567.4173583984375,0,1302.289306640625,0,908.640869140625,1003.7750854492188,2512.421142578125,1888.5496826171875,1397.20458984375
1620,0,1646.5830078125,0,1256.3265380859375,0,666.9367065429688,1023.876953125,1837.32470703125,2218.431884765625,1516.4722900390625
1621,0,1346.782958984375,0,927.0787963867188,0,1275.0792236328125,1075.4312744140625,1510.6038818359375,1381.8365478515625,1423.58740234375
1622,0,1420.942138671875,0,1314.370849609375,0,1170.5645751953125,1344.307861328125,1812.900146484375,1922.223388671875,1411.8416748046875
1623,0,1498.009033203125,0,949.5928344726562,0,1456.46240234375,1182.0191650390625,1693.225341796875,1543.866943359375,1515.2100830078125
1624,0,1362.91845703125,0,897.0831909179688,0,1515.7838134765625,1108.54638671875,1627.316162109375,1455.402099609375,1425.557861328125
1625,0,1228.3045654296875,0,935.4006958007812,0,1569.389404296875,1115.143310546875,1543.93359375,1319.58251953125,1307.779541015625
1626,0,1102.5950927734375,0,966.8800659179688,0,1473.3331298828125,1241.7010498046875,1506.5257568359375,1407.2696533203125,1226.779541015625
1627,0,1219.110595703125,0,1306.38232421875,0,1480.2012939453125,1237.67529296875,1638.182373046875,1853.766845703125,1319.588134765625
1628,0,1224.1668701171875,0,1366.7008056640625,0,1433.744873046875,1014.1494750976562,1674.66943359375,1690.5108642578125,1402.149169921875
1629,0,1274.76708984375,0,1064.763427734375,0,1772.1357421875,1175.2431640625,1784.644287109375,1652.8388671875,1282.300048828125
1630,0,1411.6121826171875,0,954.1842041015625,0,1629.431884765625,1143.4534912109375,1605.3936767578125,1566.1397705078125,1482.2313232421875
1631,0,1155.152587890625,0,1066.71435546875,0,1534.22265625,1263.8187255859375,1554.077392578125,1604.6053466796875,1287.0234375
1632,0,1253.8779296875,0,1201.0018310546875,0,1717.3907470703125,1258.43017578125,1805.023681640625,2115.748046875,1356.1656494140625
1633,0,1168.2508544921875,0,1143.7205810546875,0,1720.7159423828125,1245.4989013671875,1592.5592041015625,1754.4508056640625,1171.012939453125
1634,0,1218.175537109375,0,1471.402099609375,0,1604.2034912109375,1291.710205078125,1678.55810546875,2369.15234375,1307.797607421875
1635,0,1252.8751220703125,0,1301.5628662109375,0,1676.5751953125,1205.177734375,1721.005126953125,2377.967041015625,1439.3935546875
1636,0,1265.353515625,0,1314.4105224609375,0,1764.2998046875,1168.246826171875,1808.0545654296875,2178.150634765625,1373.37353515625
1637,0,1281.6356201171875,0,1244.0909423828125,0,1852.787841796875,1067.809326171875,1721.2789306640625,1843.4879150390625,1299.9122314453125
1638,0,1173.5068359375,0,1206.9169921875,0,1669.169189453125,1164.55615234375,1381.9346923828125,1396.6016845703125,1269.8299560546875
1639,0,1077.7232666015625,0,1034.8175048828125,0,1587.38134765625,1190.6619873046875,1472.254638671875,1757.7613525390625,1133.8026123046875
1640,0,1013.7720336914062,0,1202.5966796875,0,1509.59130859375,1170.3946533203125,1167.3848876953125,1585.735595703125,1000.3875732421875
1641,0,1053.3580322265625,0,1135.6177978515625,0,1921.2569580078125,1299.138916015625,1348.335693359375,1758.8304443359375,1235.0264892578125
1642,0,1872.025146484375,0,1320.31591796875,0,1214.889892578125,1085.1591796875,2537.775146484375,1519.974365234375,1588.39306640625
1643,0,1807.0419921875,0,1451.6385498046875,0,1992.340087890625,1418.9111328125,2198.943115234375,1552.4300537109375,1353.729248046875
1644,0,1090.8497314453125,0,1218.399658203125,0,1754.385009765625,1667.690673828125,1618.1114501953125,1671.5628662109375,1273.1986083984375
1645,0,2177.9951171875,0,631.0750122070312,0,1844.2691650390625,1203.733154296875,1895.52197265625,843.5401611328125,1809.9246826171875
1646,0,1260.7724609375,0,1210.6495361328125,0,1640.2010498046875,1735.84375,1491.9324951171875,1529.26513671875,1476.7578125
1647,0,997.1328125,0,1179.5054931640625,0,1894.3382568359375,1268.281982421875,1346.952880859375,1446.836181640625,1257.607177734375
1648,0,1027.53857421875,0,1253.8248291015625,0,2025.96826171875,1357.90673828125,1433.9761962890625,1659.6014404296875,1290.6856689453125
1649,0,1059.094482421875,0,1018.1342163085938,0,2016.9820556640625,1114.316650390625,1350.3880615234375,2554.22119140625,1227.7674560546875
1650,0,1221.5947265625,0,1316.7418212890625,0,1798.4119873046875,970.9434814453125,1620.7003173828125,1575.8824462890625,1412.18017578125
1651,0,1151.391357421875,0,1232.973876953125,0,1792.0682373046875,1342.006103515625,1376.5240478515625,1411.5616455078125,1225.727783203125
1652,0,1160.4520263671875,0,1147.8182373046875,0,1964.9647216796875,1649.4063720703125,1437.02490234375,1573.682861328125,1332.4879150390625
1653,0,2042.365478515625,0,1035.007568359375,0,1785.4808349609375,1101.081787109375,1131.40771484375,355.44427490234375,1263.27685546875
1654,0,1271.0758056640625,0,1077.373046875,0,1672.6810302734375,1148.691650390625,1287.7972412109375,995.4801025390625,1332.931396484375
1655,0,827.4207763671875,0,911.0980224609375,0,1564.768310546875,1111.0987548828125,1190.909912109375,1364.623291015625,1101.794189453125
1656,0,1086.6224365234375,0,1005.098876953125,0,1686.3023681640625,1297.7763671875,1174.97314453125,1917.113525390625,1203.11962890625
1657,0,1231.1092529296875,0,1054.151123046875,0,1660.510009765625,1096.7152099609375,1760.7904052734375,1558.7232666015625,1241.1748046875
1658,0,926.1787719726562,0,992.1216430664062,0,1537.662841796875,1508.5634765625,1325.870849609375,1701.172607421875,1237.4114990234375
1659,0,1134.9769287109375,0,1019.7283325195312,0,1555.8621826171875,1571.7423095703125,1352.4544677734375,1589.3194580078125,1404.2054443359375
1660,0,904.0410766601562,0,991.27783203125,0,1498.8470458984375,1402.6185302734375,1373.75,1622.008544921875,1200.7193603515625
1661,0,1426.08056640625,0,865.5671997070312,0,1294.2857666015625,1241.3604736328125,1572.5384521484375,1720.9603271484375,1599.1748046875
1662,0,1372.2672119140625,0,1245.6884765625,0,1383.80615234375,1071.0174560546875,1524.31787109375,1885.0323486328125,1324.66845703125
1663,0,938.8488159179688,0,1008.3111572265625,0,1641.7513427734375,1384.2808837890625,1298.296875,1410.6448974609375,1202.89599609375
1664,3603.146484375,959.019775390625,0,887.857177734375,0,1455.3466796875,1122.156982421875,1183.2235107421875,1230.01123046875,1144.0289306640625
1665,2804.066162109375,1077.8900146484375,0,1044.9547119140625,0,1434.43408203125,1297.0484619140625,1229.825439453125,1397.69921875,1147.431884765625
1666,2341.02978515625,1039.365966796875,0,1048.9794921875,0,1417.6920166015625,1957.9437255859375,1221.260498046875,1521.5810546875,1084.1998291015625
1667,2212.49560546875,1170.5445556640625,1191.36279296875,1073.3084716796875,0,1522.760986328125,1224.8946533203125,1381.4810791015625,1540.4405517578125,1108.65087890625
1668,2398.712646484375,1229.43603515625,1287.0845947265625,1272.7596435546875,0,1541.02783203125,1436.4102783203125,1317.6903076171875,1731.106689453125,1018.4736938476562
1669,2313.031982421875,1123.896728515625,1249.5013427734375,1075.479736328125,0,1402.3046875,11816.25390625,1286.7249755859375,1538.8292236328125,989.7587280273438
1670,2257.579345703125,1004.3773803710938,1229.876708984375,948.9108276367188,0,1430.2381591796875,1152.7523193359375,1171.15771484375,1254.1943359375,1096.669189453125
1671,2305.00146484375,1236.9554443359375,1247.106201171875,1335.9219970703125,0,1261.50732421875,1497.4027099609375,1282.9217529296875,1369.2142333984375,1135.387939453125
1672,1992.80224609375,1035.342041015625,1116.338623046875,929.0631713867188,0,1281.74365234375,2015.7373046875,1114.887451171875,1192.4295654296875,914.239013671875
1673,1766.638916015625,1074.9268798828125,1007.6748046875,957.5797119140625,0,1220.11328125,1393.736328125,1131.890380859375,1295.224609375,889.3145751953125
1674,1576.7860107421875,884.150146484375,975.3502807617188,871.76708984375,0,1161.2371826171875,1276.4439697265625,1107.8212890625,1339.83642578125,944.4310913085938
1675,2128.660888671875,1475.545166015625,1462.745849609375,1339.026123046875,0,1259.958984375,1313.5411376953125,1775.281494140625,1656.4114990234375,943.9909057617188
1676,2528.3017578125,1177.3184814453125,1502.7406005859375,1283.416259765625,0,1477.907470703125,1132.9432373046875,1533.2821044921875,1115.243408203125,780.7137451171875
1677,1884.6058349609375,807.49072265625,1092.4500732421875,835.843017578125,0,1189.12548828125,1234.797119140625,1163.3333740234375,1349.0845947265625,1021.3905029296875
1678,1745.5369873046875,1118.5372314453125,1086.9935302734375,1014.9286499023438,0,1250.437744140625,1312.8717041015625,1235.2423095703125,1328.4345703125,1016.4033203125
1679,1641.1527099609375,1062.0633544921875,950.8272094726562,1095.6092529296875,0,1080.7156982421875,1146.3328857421875,1174.0347900390625,1586.6822509765625,988.8961181640625
1680,2248.33984375,1285.1766357421875,1418.305419921875,741.6286010742188,0,1302.33056640625,1200.8184814453125,367.35528564453125,1739.410400390625,982.5379028320312
1681,1782.2239990234375,1006.1513061523438,1510.699951171875,1381.8017578125,0,1315.1083984375,1180.6630859375,1346.56005859375,1663.8194580078125,1172.147705078125
1682,1714.18408203125,1192.74853515625,968.0704956054688,959.32958984375,0,1264.13671875,1507.9210205078125,1136.87890625,3810.355712890625,1055.5069580078125
1683,1476.9620361328125,1110.3031005859375,1284.7960205078125,1084.4176025390625,0,1224.2822265625,1673.1673583984375,1368.27734375,1416.35107421875,990.0333862304688
1684,1609.5418701171875,1111.15087890625,1295.4730224609375,1144.3765869140625,0,1089.8583984375,1322.90234375,1303.9217529296875,1470.8233642578125,926.777099609375
1685,1719.897705078125,1213.83154296875,1334.105712890625,1145.47705078125,0,1136.7071533203125,1145.5233154296875,1260.48974609375,1556.9080810546875,1029.7525634765625
1686,1543.01171875,989.2008666992188,1195.87890625,1113.66845703125,0,1064.45947265625,1207.629638671875,1300.528076171875,1243.764404296875,955.80126953125
1687,1665.090576171875,1142.482421875,1352.2095947265625,1081.5262451171875,0,1184.2337646484375,1189.5755615234375,1317.0750732421875,1487.7740478515625,1134.4114990234375
1688,1868.8931884765625,1285.59521484375,1629.543701171875,1104.6011962890625,0,1287.102294921875,1244.5426025390625,1587.60302734375,1663.1741943359375,1087.507568359375
1689,1456.02099609375,967.2341918945312,1542.1751708984375,942.6558227539062,0,1175.848388671875,1298.63232421875,1486.14013671875,1403.7733154296875,989.104736328125
1690,1466.7198486328125,1663.9871826171875,1967.5106201171875,1582.0032958984375,4433.57763671875,802.4503784179688,1233.6160888671875,1959.0816650390625,1199.719482421875,1198.6573486328125
1691,1343.6903076171875,1066.781005859375,1412.9735107421875,1075.140869140625,2998.21044921875,1072.99462890625,1159.741943359375,1310.4453125,1253.9395751953125,986.27392578125
1692,1550.804443359375,1119.017822265625,305.82745361328125,208.58877563476562,2805.40771484375,1085.1771240234375,1127.6959228515625,1328.4613037109375,1928.5634765625,1187.593994140625
1693,1283.496337890625,1045.1492919921875,1460.115966796875,1160.1776123046875,2159.64697265625,1123.545654296875,1147.2701416015625,1241.0439453125,1154.6031494140625,949.6485595703125
1694,1601.8760986328125,1102.7047119140625,1173.2327880859375,899.408447265625,2266.48095703125,1137.8599853515625,1002.731201171875,1281.0618896484375,1394.682861328125,1043.10498046875
1695,1883.1915283203125,2015.5653076171875,1955.4560546875,84.62555694580078,2088.350830078125,828.6992797851562,1023.447509765625,1477.4129638671875,1636.31787109375,1157.885009765625
1696,1644.5977783203125,1777.418212890625,1730.358154296875,1183.147216796875,2719.372802734375,1393.0272216796875,1819.5621337890625,1163.1016845703125,1126.8720703125,914.6804809570312
1697,1342.9239501953125,1049.4708251953125,1206.8038330078125,991.8829345703125,2251.1845703125,907.4234619140625,1106.097412109375,1341.0152587890625,1381.40234375,1408.3189697265625
1698,2263.4462890625,1819.654296875,2068.348388671875,81.05708312988281,0,1484.606201171875,1201.9832763671875,1977.98388671875,1443.447265625,856.82421875
1699,1519.634033203125,1142.3310546875,1347.4287109375,1140.08544921875,1562.4298095703125,1245.9683837890625,1226.89990234375,1337.477783203125,1445.9293212890625,1137.687744140625
1700,1208.056396484375,980.8638916015625,1438.1785888671875,1198.2757568359375,1441.5965576171875,1121.5582275390625,1593.364990234375,1186.068359375,1358.4588623046875,963.921875
1701,1209.662353515625,1199.00537109375,1323.72998046875,1045.4520263671875,1490.9425048828125,1239.0260009765625,1173.229736328125,1260.5086669921875,1214.8551025390625,1026.794677734375
1702,1093.11962890625,1087.6279296875,1166.4039306640625,972.5872802734375,1732.4168701171875,1165.858154296875,1321.2669677734375,1257.40234375,1152.3062744140625,937.1844482421875
1703,1238.7138671875,1128.9854736328125,1314.8319091796875,1235.9359130859375,1409.2503662109375,1144.6641845703125,1239.05712890625,1229.36279296875,1356.380126953125,911.8440551757812
1704,1198.9200439453125,984.6065063476562,1194.796875,1060.09326171875,1770.5989990234375,997.8954467773438,1425.1654052734375,1026.6470947265625,1177.8883056640625,862.177490234375
1705,1238.0140380859375,991.2190551757812,1217.282958984375,1173.64599609375,1429.008544921875,1358.8564453125,1226.463623046875,1137.56103515625,1201.5135498046875,953.3881225585938
1706,1442.1187744140625,1066.77392578125,1557.314208984375,1291.4080810546875,1518.0384521484375,1242.7081298828125,1258.3548583984375,1118.4739990234375,1328.0811767578125,1041.1346435546875
1707,1325.480712890625,917.7188110351562,1205.1085205078125,1020.0574340820312,1308.0748291015625,1061.3929443359375,1612.1475830078125,1040.859619140625,1285.9837646484375,1016.0848999023438
1708,1297.310546875,948.5037841796875,1270.6949462890625,997.4970092773438,1279.2659912109375,1009.2793579101562,1382.2718505859375,985.336181640625,1241.1171875,835.6698608398438
1709,1515.1402587890625,1180.476806640625,1496.7330322265625,1024.277099609375,1464.6998291015625,1016.1159057617188,1139.0982666015625,1152.2301025390625,1858.6275634765625,1049.3182373046875
1710,1406.525146484375,994.5732421875,1221.2984619140625,1131.255126953125,1238.849365234375,1198.89892578125,1505.55224609375,1053.093994140625,2330.003173828125,921.1257934570312
1711,1652.0697021484375,1291.3372802734375,1593.020751953125,1221.704345703125,1315.5430908203125,1428.5491943359375,1126.4986572265625,1312.10693359375,666.4381713867188,1321.3724365234375
1712,1398.9197998046875,1073.5980224609375,1084.7899169921875,1252.1693115234375,1326.48779296875,1229.848388671875,1308.0894775390625,1172.0535888671875,1164.72265625,1131.22265625
1713,1401.81201171875,1055.4605712890625,1361.4576416015625,1100.4332275390625,1397.02685546875,1384.43017578125,1464.620361328125,1321.95849609375,1502.9979248046875,1203.2215576171875
1714,1353.6124267578125,1066.119873046875,1192.435546875,953.1478271484375,1474.4407958984375,1361.5693359375,1431.739013671875,1280.7099609375,1401.0791015625,1090.0391845703125
1715,1221.0689697265625,961.77880859375,1184.754638671875,1115.1064453125,1420.3302001953125,1274.537353515625,1440.36572265625,1247.1505126953125,1324.2894287109375,1181.3197021484375
1716,1216.812255859375,1018.3529663085938,1363.2528076171875,1127.5853271484375,1549.5780029296875,1265.2100830078125,1268.0301513671875,1292.592041015625,1310.9295654296875,1075.39892578125
1717,1540.1800537109375,1293.9091796875,1621.4306640625,1321.917236328125,1214.0286865234375,1487.4957275390625,1412.11328125,1577.2891845703125,1589.2344970703125,888.6895751953125
1718,1339.8062744140625,1186.44580078125,1232.7109375,1270.68310546875,1351.2181396484375,1237.534912109375,1301.4627685546875,1313.398681640625,1189.7900390625,1035.57568359375
1719,1282.770263671875,1026.651611328125,1229.4251708984375,1128.26513671875,1463.125244140625,1199.3709716796875,1144.340087890625,1159.1431884765625,1317.8814697265625,1056.1282958984375
1720,1209.519287109375,940.3275756835938,1021.0142822265625,1021.4913940429688,1370.666259765625,1160.514892578125,1144.2711181640625,1160.15771484375,1150.015869140625,1094.7718505859375
1721,1216.892333984375,1018.8165893554688,1079.556640625,1111.337646484375,1224.656005859375,1200.7508544921875,1157.6524658203125,1182.8448486328125,1220.177978515625,1092.8870849609375
1722,1207.1048583984375,954.2398681640625,1101.8975830078125,1062.84228515625,1464.3779296875,1173.8505859375,1075.5877685546875,1248.662841796875,1326.239990234375,1045.998291015625
1723,1033.3272705078125,923.8815307617188,1064.429443359375,1042.6492919921875,1460.95849609375,1206.187255859375,1112.89892578125,1077.015625,1285.96923828125,990.6161499023438
1724,1193.813720703125,1093.7529296875,1269.5914306640625,1189.1636962890625,1166.9718017578125,1274.1214599609375,1271.6015625,1296.4095458984375,1521.287841796875,971.0643920898438
1725,1238.4276123046875,1201.532470703125,1559.628173828125,1270.9813232421875,1247.372314453125,1642.056396484375,1293.181640625,1351.8653564453125,1468.9544677734375,1126.7772216796875
1726,1119.9725341796875,979.0994262695312,1126.3409423828125,1112.0489501953125,1202.2650146484375,1188.2769775390625,1254.546630859375,1178.06005859375,1336.821044921875,925.4892578125
1727,1158.6302490234375,1128.54052734375,1297.6085205078125,996.8593139648438,1422.93701171875,1226.8331298828125,1397.6138916015625,1226.7301025390625,1210.90576171875,885.1808471679688
1728,1182.84228515625,1007.9910888671875,1160.6739501953125,916.9445190429688,1502.1492919921875,1072.30908203125,1163.53369140625,1228.997314453125,1192.1568603515625,796.6856689453125
1729,1280.064453125,1048.1898193359375,1052.935791015625,1263.8763427734375,1307.1513671875,1197.4591064453125,1205.8358154296875,1246.272705078125,1999.6690673828125,872.8239135742188
1730,1601.9404296875,1365.7225341796875,2016.1583251953125,1504.70654296875,1228.693359375,1719.067626953125,1176.767333984375,1615.2149658203125,1324.560791015625,790.9744873046875
1731,1291.8720703125,1093.1104736328125,1238.3358154296875,1456.0823974609375,1192.3624267578125,1324.54248046875,1775.0731201171875,1285.066650390625,1208.2740478515625,834.5328369140625
1732,1181.990966796875,959.2753295898438,1113.0750732421875,1123.775146484375,1324.5511474609375,1239.396728515625,1223.6754150390625,1174.296630859375,1157.892822265625,872.5014038085938
1733,1001.1870727539062,978.1964111328125,1118.386474609375,1100.8258056640625,1515.0177001953125,1154.119140625,1083.05029296875,1069.9483642578125,1301.2197265625,894.8601684570312
1734,959.994873046875,869.5606689453125,1026.6070556640625,972.6515502929688,1312.9122314453125,1038.2041015625,1183.608642578125,1122.745849609375,929.4558715820312,868.7867431640625
1735,907.6644897460938,873.7557373046875,1041.136962890625,1008.7206420898438,1174.228515625,1214.515380859375,1219.84814453125,1121.494140625,1184.5494384765625,1079.4276123046875
1736,1003.6033325195312,893.7659301757812,1215.2091064453125,1089.9986572265625,1216.1260986328125,1202.446533203125,1237.0977783203125,1113.130859375,1124.1558837890625,940.175537109375
1737,1108.4144287109375,1046.9295654296875,1289.3875732421875,1386.210205078125,1182.5894775390625,1621.679931640625,1056.3489990234375,1546.80126953125,1478.0992431640625,950.7378540039062
1738,934.3150024414062,592.4881591796875,1125.38037109375,1097.535888671875,1300.64892578125,1270.6300048828125,1205.7977294921875,1023.5298461914062,1248.22314453125,959.1387329101562
1739,987.9410400390625,608.340087890625,1109.2132568359375,986.9051513671875,1132.390625,1212.63720703125,1388.984375,1072.965087890625,1132.649658203125,945.2914428710938
1740,1150.207763671875,717.8270874023438,1472.02978515625,1267.70263671875,973.06591796875,1646.86767578125,1255.101318359375,1269.15087890625,1925.8218994140625,1213.06298828125
1741,994.1581420898438,704.6282348632812,1117.1661376953125,1136.979736328125,1062.4036865234375,1386.627197265625,1210.607177734375,1129.937255859375,1430.10400390625,1070.4146728515625
1742,1013.424072265625,773.6649169921875,1206.465576171875,1140.003173828125,837.4137573242188,1326.8095703125,1109.107177734375,1249.5364990234375,1319.093505859375,956.575927734375
1743,1125.7425537109375,543.6280517578125,1401.6146240234375,1208.6148681640625,1152.48388671875,1337.70849609375,1380.883544921875,1401.1988525390625,1234.0186767578125,1018.0838623046875
1744,1126.3414306640625,748.0333862304688,1260.3138427734375,1272.483154296875,1187.2230224609375,1644.740966796875,1348.659423828125,1448.5277099609375,1394.3048095703125,1207.6015625
1745,1033.380615234375,582.1268310546875,1072.710693359375,984.7594604492188,1279.232666015625,1295.4405517578125,1090.2579345703125,1169.4771728515625,1137.8040771484375,1015.60595703125
1746,1018.34814453125,640.7115478515625,932.8317260742188,1075.9505615234375,1180.3984375,1122.7266845703125,1117.5821533203125,1202.0325927734375,1387.7484130859375,948.5476684570312
1747,1100.6380615234375,620.3079833984375,1158.633544921875,1022.0645751953125,1287.972412109375,1269.1522216796875,1063.1534423828125,1305.1800537109375,1360.0718994140625,1085.5968017578125
1748,944.78759765625,642.8375244140625,950.3883056640625,977.6564331054688,987.6232299804688,1035.4798583984375,1120.4266357421875,1149.9324951171875,995.0291137695312,980.2764282226562
1749,906.7626342773438,645.6581420898438,932.1085205078125,929.0345458984375,813.5925903320312,1042.8782958984375,1104.6954345703125,1134.1180419921875,1073.2969970703125,922.70654296875
1750,1062.22802734375,930.5834350585938,1035.1182861328125,1094.8875732421875,987.8555297851562,1144.021240234375,1415.581298828125,1155.931884765625,1167.8447265625,939.1368408203125
1751,1033.9468994140625,1025.209716796875,1055.60986328125,1066.7713623046875,837.451171875,1375.559814453125,1178.8670654296875,1303.182373046875,1272.7515869140625,1106.8485107421875
1752,789.4851684570312,717.2210083007812,1161.298583984375,1149.90283203125,755.7987060546875,1174.8048095703125,980.323974609375,1161.628662109375,995.681640625,1005.1129150390625
1753,953.6112670898438,861.38818359375,1231.5926513671875,1390.7923583984375,882.4959716796875,1223.226806640625,1583.4833984375,1223.3135986328125,1386.683349609375,1133.3013916015625
1754,1098.4752197265625,716.9021606445312,1337.698486328125,1395.0423583984375,1047.2672119140625,1092.255615234375,1233.55859375,1360.6119384765625,1174.38720703125,1210.8013916015625
1755,1046.29052734375,813.7130126953125,0,1089.906494140625,1042.05712890625,981.1214599609375,1139.23046875,1151.31689453125,1045.54638671875,853.6871337890625
1756,1009.5261840820312,680.035400390625,1243.03466796875,1003.2427978515625,794.8714599609375,995.863037109375,1438.3074951171875,1266.295166015625,844.5972900390625,913.0428466796875
1757,1027.2559814453125,750.30078125,1162.087890625,899.1869506835938,795.1163940429688,889.8239135742188,1553.3712158203125,1069.6434326171875,980.4627685546875,827.1376953125
1758,923.4669799804688,822.0042114257812,1095.75048828125,923.6294555664062,783.41796875,874.9209594726562,1369.372802734375,1083.0146484375,953.4497680664062,799.321533203125
1759,1002.0942993164062,931.5901489257812,1197.8316650390625,1122.5245361328125,41.14923095703125,1144.8262939453125,1585.221435546875,1291.7265625,1195.676513671875,919.0892944335938
1760,917.0377197265625,807.1636962890625,1160.1868896484375,1020.3817749023438,1002.978271484375,959.3651123046875,1545.3582763671875,1225.667724609375,1037.7542724609375,910.2532958984375
1761,825.0552978515625,859.2001342773438,1114.7589111328125,1045.0911865234375,925.8502807617188,1165.5018310546875,1138.3590087890625,1185.874267578125,1338.921142578125,1047.341064453125
1762,1151.6513671875,1488.1629638671875,1633.8076171875,516.4391479492188,1229.0814208984375,172.3199005126953,1204.7613525390625,2025.134033203125,439.8523864746094,2309.611328125
1763,876.6500854492188,837.696044921875,1161.0364990234375,808.9857177734375,851.6522827148438,1085.1341552734375,1191.66845703125,26623.24609375,846.6016845703125,908.0369262695312
1764,1180.92529296875,1118.220703125,1340.1942138671875,1137.9127197265625,1075.1934814453125,1412.7896728515625,1115.7598876953125,1453.048583984375,1108.599853515625,1108.6358642578125
1765,1043.7872314453125,938.567626953125,1026.6494140625,1058.0521240234375,962.6876831054688,1214.14892578125,1146.26171875,1145.527099609375,1002.5425415039062,984.6433715820312
1766,945.376708984375,976.1121826171875,1120.1881103515625,865.2338256835938,885.9042358398438,971.8088989257812,1233.4776611328125,1018.4840087890625,1205.4298095703125,913.8805541992188
1767,921.72021484375,975.9225463867188,1124.521728515625,996.2473754882812,926.5608520507812,922.723388671875,1399.718994140625,1109.5535888671875,1067.056640625,1063.5445556640625
1768,1007.5185546875,955.6292114257812,959.4710083007812,885.9716186523438,874.7429809570312,996.9616088867188,1092.5838623046875,1067.20361328125,1279.9339599609375,1022.9794921875
1769,1017.8197631835938,1012.751953125,1031.424560546875,1030.042724609375,955.0286865234375,1218.303466796875,1201.650634765625,1249.774658203125,1262.5948486328125,1132.3660888671875
1770,1078.054931640625,1446.997314453125,951.5481567382812,1365.19189453125,1060.4095458984375,1434.72412109375,1044.29296875,1389.4227294921875,1715.1953125,1173.8038330078125
1771,861.7647094726562,872.1449584960938,862.2427978515625,706.368408203125,837.4619140625,1037.701171875,1089.0645751953125,909.6631469726562,969.0814819335938,930.3751831054688
1772,1207.7490234375,1183.0255126953125,999.6392822265625,1226.5303955078125,977.7735595703125,1347.001708984375,1112.538330078125,1330.7200927734375,1337.6519775390625,1405.892822265625
1773,971.5629272460938,1073.0228271484375,978.4451293945312,911.7737426757812,880.5756225585938,941.5184326171875,1150.5322265625,1101.5557861328125,1377.030517578125,1081.990234375
1774,935.96533203125,871.3580322265625,837.239013671875,887.447021484375,784.6326904296875,906.13232421875,1251.29248046875,973.5806274414062,1036.3582763671875,939.052978515625
1775,963.6109619140625,962.1555786132812,943.0951538085938,839.198486328125,905.9734497070312,1171.2388916015625,1050.242431640625,1003.8640747070312,1158.19775390625,997.5411376953125
1776,958.0293579101562,1364.4876708984375,829.0032958984375,898.3120727539062,932.8630981445312,1147.541748046875,806928.25,1038.16650390625,1361.029541015625,1094.470703125
1777,826.7301635742188,937.62744140625,874.0614013671875,850.3790283203125,719.318603515625,1070.5445556640625,9928.9169921875,994.794677734375,1128.9769287109375,959.9752197265625
1778,867.3442993164062,838.9000244140625,837.6549682617188,815.9405517578125,620.4053955078125,931.2568969726562,1019.6600341796875,802.048583984375,935.3049926757812,832.8046875
1779,1162.66943359375,1100.2310791015625,950.9535522460938,1335.588134765625,879.338134765625,1858.0804443359375,0,1069.7393798828125,1601.1278076171875,1282.573486328125
1780,1170.1644287109375,1196.5263671875,1122.2742919921875,1287.75146484375,855.1318359375,2264.10546875,0,1416.2991943359375,1564.224609375,1119.185302734375
1781,1010.401123046875,928.4653930664062,1088.8851318359375,899.8974609375,768.9927978515625,1114.900634765625,0,838.068115234375,1036.8448486328125,879.9967651367188
1782,942.2051391601562,937.9449462890625,978.6362915039062,959.3722534179688,623.4561767578125,1044.7491455078125,0,884.2974853515625,962.8455200195312,872.9852294921875
1783,921.5527954101562,988.2642822265625,892.6950073242188,878.1145629882812,669.9381713867188,1180.2950439453125,0,955.7921142578125,1099.304443359375,1029.4942626953125
1784,896.8179321289062,1044.82080078125,1029.2796630859375,973.5537719726562,565.299072265625,1000.950927734375,0,866.58056640625,1184.5252685546875,1038.3759765625
1785,817.8499145507812,856.8671264648438,1003.9501953125,726.2847290039062,419.0904846191406,963.0521850585938,0,785.4843139648438,967.3850708007812,878.568603515625
1786,782.4697265625,1023.4306030273438,1031.0233154296875,1004.4015502929688,881.0494995117188,796.539794921875,0,928.46728515625,1072.94775390625,878.11083984375
1787,826.0591430664062,984.8661499023438,971.1170654296875,988.8246459960938,907.2218017578125,956.4366455078125,0,819.3477783203125,958.6119995117188,893.7444458007812
1788,903.8763427734375,1077.7303466796875,1072.22509765625,1070.023681640625,986.2239379882812,944.0827026367188,0,859.0131225585938,1175.7105712890625,896.39453125
1789,731.8449096679688,751.6756591796875,862.4812622070312,809.02392578125,735.7462158203125,759.9968872070312,0,779.294189453125,852.3006591796875,671.3379516601562
1790,859.4569702148438,1036.64013671875,795.5537109375,923.6007080078125,939.8477783203125,1067.5897216796875,0,922.5222778320312,1252.9461669921875,883.8755493164062
1791,792.3145751953125,1068.7841796875,826.8468627929688,963.5234985351562,1003.469970703125,962.0223999023438,0,946.058837890625,1173.1824951171875,780.227783203125
1792,812.0382080078125,918.8078002929688,776.8556518554688,747.2515869140625,863.2299194335938,850.6776733398438,0,791.0980834960938,1112.96533203125,703.6994018554688
1793,1075.2850341796875,1170.11328125,930.2096557617188,838.1888427734375,1078.702880859375,1164.2828369140625,0,1005.3256225585938,1499.617431640625,786.2749633789062
1794,942.5126342773438,1279.200927734375,879.5376586914062,1009.3330688476562,1479.51171875,1456.666015625,0,1314.9652099609375,1818.21630859375,1200.232177734375
1795,808.6830444335938,999.39453125,809.5969848632812,968.9252319335938,1040.5953369140625,1119.982666015625,0,986.873046875,1418.943115234375,939.098388671875
1796,875.9027709960938,1042.130126953125,835.26220703125,1081.227294921875,1190.273193359375,1218.0728759765625,0,987.2167358398438,1431.953857421875,944.9503173828125
1797,875.5926513671875,1116.1552734375,844.5516357421875,915.253173828125,1139.0343017578125,1352.402587890625,0,820.4622192382812,964.1463012695312,1047.5797119140625
1798,825.4893188476562,1062.6103515625,878.7830200195312,826.0455322265625,915.8671875,1123.4951171875,0,977.73583984375,1264.2203369140625,883.1611328125
1799,1031.890869140625,916.6436767578125,828.4949340820312,871.0233764648438,933.7154541015625,1380.4749755859375,0,971.538330078125,1076.772705078125,866.244873046875
1800,877.0858154296875,1076.33251953125,865.8372802734375,889.0826416015625,858.5226440429688,1255.1966552734375,0,1020.9315795898438,1238.3680419921875,966.6532592773438
1801,1128.884033203125,1345.1190185546875,1416.7720947265625,1366.988525390625,1630.326904296875,2311.68359375,0,1560.1368408203125,1440.017822265625,1020.1339111328125
1802,1045.828857421875,1025.3326416015625,825.0333862304688,791.999755859375,896.6260375976562,1659.267822265625,0,998.8742065429688,1177.630859375,15328.9833984375
1803,963.2625122070312,1158.082275390625,785.31982421875,923.3006591796875,1011.7542114257812,1388.2421875,0,1051.27685546875,1407.5428466796875
1804,1138.056396484375,1395.346435546875,784.0420532226562,1111.7623291015625,1247.764892578125,1653.6728515625,0,2413.6572265625,1464.458251953125
1805,833.0446166992188,961.8316650390625,810.0491943359375,817.5197143554688,1191.7867431640625,1075.1185302734375,0,976.2760620117188,1274.7523193359375,585.835693359375
1806,864.8050537109375,1039.5286865234375,814.1217041015625,1037.1884765625,1304.03173828125,1331.125732421875,0,1239.3177490234375,1525.8367919921875,411.7156066894531
1807,735.1959228515625,942.133544921875,804.7703247070312,816.3338012695312,1252.8214111328125,1221.9200439453125,0,901.6739501953125,1126.6533203125,540.2720947265625
1808,736.2656860351562,1061.669921875,825.9910888671875,861.0123291015625,1213.00341796875,1111.2515869140625,0,919.0714721679688,1278.5797119140625,667.1622314453125
1809,769.84765625,1056.7115478515625,818.37939453125,838.2697143554688,1160.1597900390625,1235.302490234375,0,937.032470703125,1383.6492919921875,769.0935668945312
1810,700.6426391601562,934.7404174804688,837.86962890625,674.242919921875,1238.75146484375,1123.4652099609375,0,957.8464965820312,1205.743408203125,803.63427734375
1811,817.0205078125,1023.351318359375,841.27392578125,830.5128173828125,1041.61376953125,1230.2734375,0,894.24365234375,2946.25439453125,851.6646728515625
1812,803.7797241210938,1535.2017822265625,802.7330932617188,1098.45556640625,987.729248046875,1523.59814453125,0,1157.8427734375,1238.0648193359375,879.5247192382812
1813,887.231201171875,1775.252685546875,799.631103515625,1015.576416015625,1212.03759765625,1119.0018310546875,0,1239.8345947265625,1008.7318115234375,1176.4981689453125
1814,854.3793334960938,1686.2493896484375,727.5020141601562,908.1078491210938,1181.210693359375,1775.4246826171875,0,1176.7503662109375,1153.6329345703125,1473.715087890625
1815,860.5045776367188,1350.8427734375,749.9798583984375,912.9900512695312,1200.6717529296875,1858.263427734375,0,1038.2696533203125,1199.6553955078125,1087.437255859375
1816,823.8906860351562,1011.6595458984375,806.3992309570312,779.3018188476562,948.2885131835938,1438.240234375,0,1000.4705200195312,1368.940185546875,1028.5430908203125
1817,706.919921875,933.6502075195312,1353.0333251953125,2233.290283203125,1773.241455078125,1311.100830078125,0,2265.326171875,1502.72509765625,1475.7147216796875
1818,1992.259033203125,1261.4781494140625,750.4799194335938,1495.89453125,2088.839599609375,1042.86376953125,0,1485.5595703125,1499.6856689453125,260.9712219238281
1819,839.6879272460938,976.1893310546875,807.1192626953125,894.012451171875,1097.42431640625,1327.4786376953125,0,977.6396484375,1255.5848388671875,1031.8173828125
1820,966.1668701171875,1047.791015625,729.2508544921875,952.2222900390625,985.5123901367188,1299.23828125,0,1011.9735717773438,1902.2529296875,1126.1734619140625
1821,946.9646606445312,978.66943359375,753.9251098632812,928.880859375,990.31591796875,1540.1943359375,0,993.922607421875,1455.0145263671875,1241.0994873046875
1822,1113.642578125,1055.3118896484375,1003.1997680664062,1325.4951171875,1182.8682861328125,2122.4404296875,0,1417.1094970703125,757.3197631835938,1375.3212890625
1823,1204.252197265625,1066.3951416015625,987.4727172851562,1143.3336181640625,1061.8626708984375,1646.69580078125,0,1084.1856689453125,1043.0601806640625,1094.2301025390625
1824,1175.149658203125,1108.2113037109375,903.7177734375,1038.404052734375,959.0467529296875,1637.05712890625,0,989.8428955078125,1238.428955078125,1255.8656005859375
1825,1149.2646484375,1265.0211181640625,918.2720336914062,1189.105224609375,1183.5006103515625,1423.555908203125,0,1089.669921875,1232.1373291015625,1089.90576171875
1826,1046.07568359375,1157.1519775390625,900.5153198242188,1041.75732421875,1006.6600341796875,1175.8314208984375,0,947.537353515625,1301.0743408203125,1101.719482421875
1827,1145.6676025390625,1273.2913818359375,1015.0902709960938,1250.8643798828125,1208.9443359375,1792.4410400390625,0,1498.6414794921875,673.3753051757812,1181.2127685546875
1828,1007.224853515625,1138.1539306640625,834.6959228515625,911.9194946289062,858.9271850585938,1414.418701171875,0,1148.0638427734375,1330.91796875,982.8792724609375
1829,992.9410400390625,1192.67919921875,818.28857421875,1072.14599609375,933.3580322265625,1358.15380859375,0,1157.3060302734375,1239.64208984375,1128.5977783203125
1830,685.1052856445312,1253.4742431640625,787.445068359375,999.2382202148438,786.1617431640625,1102.850341796875,0,1387.9278564453125,1204.8780517578125,934.3599243164062
1831,759.1240844726562,1282.2520751953125,733.7630004882812,723.417724609375,753.7860717773438,957.9717407226562,0,1189.831298828125,1285.504150390625,879.2492065429688
1832,847.9400024414062,1025.3668212890625,798.856201171875,787.2555541992188,778.2421875,1093.365234375,0,1099.95166015625,1502.226806640625,1031.26953125
1833,840.1793212890625,1056.748046875,759.4873657226562,868.2587280273438,821.9442138671875,1070.5341796875,0,1046.6727294921875,1409.3817138671875,907.8314208984375
1834,828.0988159179688,1102.048095703125,733.1502075195312,927.1478881835938,832.2402954101562,1052.767578125,0,998.1852416992188,1223.67041015625,953.5667114257812
1835,714.9186401367188,927.3541870117188,697.2202758789062,812.7462768554688,771.8329467773438,925.879150390625,0,913.8583984375,1345.6092529296875,844.8397827148438
1836,936.2049560546875,989.2592163085938,607.736328125,912.308349609375,787.9464111328125,0,0,930.0891723632812,1313.940673828125,748.3358154296875
1837,1646.9853515625,1000.7867431640625,932.7261352539062,1626.702880859375,1416.1690673828125,1120.73828125,0,204.73138427734375,495.99920654296875,1173.1395263671875
1838,898.7896118164062,909.0537719726562,670.3719482421875,1035.142333984375,724.8529052734375,1108.08349609375,0,894.23583984375,1080.2137451171875,825.086181640625
1839,745.4325561523438,1023.6318359375,980.9240112304688,982.9535522460938,727.9363403320312,1233.1807861328125,0,874.4116821289062,1128.7674560546875,887.001953125
1840,778.219482421875,1076.451171875,889.8728637695312,895.427978515625,942.1126098632812,1211.6346435546875,0,895.0901489257812,1218.861083984375,942.868896484375
1841,1281.534912109375,1022.62890625,934.3785400390625,1663.888427734375,1453.390625,1610.86767578125,0,1769.332763671875,554.1393432617188,940.6837768554688
1842,912.8560791015625,928.15087890625,883.849853515625,909.4675903320312,794.6843872070312,1387.0809326171875,0,1007.4607543945312,1134.6046142578125,908.7872314453125
1843,741.0886840820312,1004.8115844726562,765.4451904296875,795.2999267578125,801.212158203125,1129.2373046875,0,857.3493041992188,1272.027587890625,886.1055297851562
1844,816.0926513671875,1173.5213623046875,1118.8084716796875,869.9630126953125,1191.1495361328125,1553.033203125,0,1092.2508544921875,1247.3028564453125,1080.337646484375
1845,848.7432861328125,1188.7464599609375,972.0244140625,911.78515625,1082.6827392578125,1419.4444580078125,0,1029.03564453125,1334.6881103515625,931.6626586914062
1846,684.5737915039062,811.4298095703125,728.1416015625,692.7954711914062,721.7279052734375,1265.5108642578125,0,853.0847778320312,1093.5264892578125,642.3258056640625
1847,795.0274047851562,982.18017578125,748.0454711914062,910.080322265625,940.7633666992188,1416.2161865234375,0,979.1199951171875,1588.901611328125,716.7030029296875
1848,938.602294921875,1376.6905517578125,763.7285766601562,1135.83251953125,1021.1381225585938,1637.796875,0,1017.5782470703125,1271.40087890625,983.3735961914062
1849,972.91455078125,1320.710693359375,1512.6256103515625,1327.065185546875,1431.1832275390625,1660.450439453125,0,1321.77587890625,1049.7330322265625,1051.1473388671875
1850,758.9393920898438,969.5479125976562,756.4812622070312,916.0778198242188,915.4816284179688,1206.3902587890625,0,945.3624877929688,1286.0704345703125,932.4139404296875
1851,857.9188842773438,1054.7769775390625,814.1484375,947.4629516601562,1091.7586669921875,1392.88525390625,0,1126.1663818359375,1297.9656982421875,1022.8030395507812
1852,701.0255126953125,1204.562255859375,909.547607421875,846.0310668945312,1198.365966796875,1473.340087890625,0,1044.9246826171875,1375.120361328125,1160.0113525390625
1853,1104.8245849609375,1134.416015625,1000.6006469726562,974.4935302734375,1101.6815185546875,1506.408447265625,0,1083.2850341796875,1156.036865234375,1274.0618896484375
1854,736.0419311523438,1020.12353515625,876.7698364257812,821.8779296875,856.286865234375,1217.654296875,0,892.1783447265625,1463.0926513671875,954.80078125
1855,853.1904907226562,1016.750244140625,889.3624267578125,880.7101440429688,956.6244506835938,1301.546142578125,0,890.9720458984375,1138.177490234375,885.8467407226562
1856,1116.0679931640625,1149.2279052734375,1102.746826171875,1220.2811279296875,1162.5997314453125,1552.216552734375,0,1191.3731689453125,1161.3741455078125,1186.749755859375
1857,915.27392578125,1057.816162109375,802.3232421875,1027.572998046875,1156.2379150390625,1490.3306884765625,0,1181.99658203125,1490.5333251953125,1082.3367919921875
1858,917.9597778320312,918.098876953125,817.4635009765625,820.2877197265625,909.8383178710938,1087.656005859375,0,932.1710205078125,1096.5069580078125,742.9906616210938
1859,903.6438598632812,1294.4462890625,1038.6629638671875,1176.827880859375,806.9544067382812,1438.8189697265625,0,1375.3082275390625,1465.06591796875,1045.3538818359375
1860,877.8224487304688,960.4558715820312,1121.8006591796875,1029.1806640625,885.7391357421875,1150.9332275390625,0,960.3167724609375,1213.4449462890625,874.7213134765625
1861,702.261474609375,926.0086059570312,957.2340698242188,910.4169921875,848.1997680664062,892.9414672851562,0,866.1648559570312,1126.1920166015625,800.4157104492188
1862,805.185302734375,1114.414794921875,978.8296508789062,1014.6749877929688,1125.587646484375,1010.1907958984375,0,977.8602294921875,1341.453125,890.46142578125
1863,1110.8465576171875,1388.54736328125,1351.04345703125,1387.40673828125,1201.03125,1553.676513671875,0,1312.573486328125,1856.8441162109375,1126.5667724609375
1864,1328.2962646484375,1575.0794677734375,1310.7601318359375,1717.337646484375,1604.298095703125,1504.5174560546875,0,1518.915283203125,1720.0028076171875,1051.7581787109375
1865,799.0230712890625,1188.7708740234375,1108.5482177734375,909.4943237304688,1186.3416748046875,1296.0865478515625,0,1062.4322509765625,1407.6331787109375,971.9885864257812
1866,836.247314453125,1115.16357421875,1015.6658935546875,957.6754150390625,954.9428100585938,1144.768310546875,0,939.9154052734375,1148.232666015625,822.0392456054688
1867,854.4013671875,1078.949462890625,928.7803955078125,892.2517700195312,959.3244018554688,1010.8438110351562,0,849.6710205078125,1212.7899169921875,690.2327880859375
1868,671.899658203125,1031.12841796875,1021.3623046875,837.5345458984375,918.975830078125,967.5364379882812,0,909.7565307617188,1162.2308349609375,740.2256469726562
1869,642.8935546875,976.466064453125,914.5518188476562,803.9114990234375,879.9436645507812,958.7799072265625,0,980.0907592773438,1123.6986083984375,659.345947265625
1870,636.1826782226562,1025.070556640625,885.3590087890625,796.7063598632812,922.1006469726562,953.5489501953125,0,951.7680053710938,1008.4578247070312,655.7862548828125
1871,736.2252197265625,1055.6895751953125,945.1034545898438,808.98779296875,1036.591796875,992.3626098632812,0,998.2403564453125,1057.3056640625,855.254150390625
1872,724.0869750976562,1059.4296875,1028.658447265625,866.4942016601562,924.1049194335938,1079.004638671875,0,1029.452880859375,1091.86572265625,917.320556640625
1873,697.1621704101562,983.5174560546875,1031.577880859375,876.5239868164062,983.83154296875,1063.2032470703125,0,1008.7774047851562,1145.468505859375,725.3453979492188
1874,808.8922119140625,1108.6192626953125,1075.430419921875,898.8984985351562,909.95703125,1026.462890625,0,991.1448974609375,1327.41796875,831.9708862304688
1875,958.6969604492188,1154.693115234375,1005.8802490234375,975.9451904296875,1094.033203125,1193.275390625,0,1051.448486328125,1700.072265625,1020.106201171875
1876,727.3223266601562,933.6883544921875,991.9558715820312,837.2427368164062,905.0380249023438,1216.2501220703125,0,933.3731079101562,1198.2572021484375,796.8663330078125
1877,714.376220703125,897.0806884765625,881.0400390625,789.704345703125,857.1018676757812,960.7685546875,0,878.1400756835938,1031.556640625,729.9608154296875
1878,669.2786254882812,905.9401245117188,939.3590698242188,865.810546875,877.664794921875,958.5068969726562,0,901.1237182617188,1044.558837890625,638.5506591796875
1879,895.976806640625,1011.6207275390625,966.5123901367188,911.9664916992188,985.0991821289062,1078.12890625,0,1026.9200439453125,1255.4715576171875,725.183837890625
1880,751.5220336914062,890.2340698242188,863.229736328125,914.2427368164062,988.23583984375,994.9315185546875,0,952.6065063476562,1132.781982421875,704.9467163085938
1881,983.1243286132812,1030.5880126953125,1121.9739990234375,1024.456298828125,1003.2673950195312,1216.4556884765625,0,1032.356201171875,1218.3358154296875,782.1627807617188
1882,962.7809448242188,1018.3153076171875,1097.3663330078125,1083.785888671875,991.8450317382812,1369.3275146484375,0,948.6282348632812,1251.413330078125,791.9191284179688
1883,948.4389038085938,931.9747314453125,934.3385620117188,967.99755859375,901.3670043945312,1188.22119140625,0,928.7794799804688,1166.1258544921875,891.73828125
1884,1070.914794921875,1093.4722900390625,1072.4180908203125,1062.6905517578125,1249.197998046875,1451.9813232421875,349.91156005859375,1038.2664794921875,1355.7159423828125,812.74560546875
1885,986.4493408203125,974.0144653320312,1036.29833984375,1000.1887817382812,952.94580078125,1384.6368408203125,863.123291015625,698.072998046875,1109.5982666015625,670.3499755859375
1886,1143.9473876953125,1035.8350830078125,939.7528076171875,1175.4296875,1107.1455078125,1638.5609130859375,482.1669921875,802.6376953125,1430.9444580078125,1003.3287963867188
1887,1466.668212890625,1014.3987426757812,1139.2000732421875,1823.9306640625,1224.6744384765625,2589.0146484375,507.71392822265625,820.8380126953125,1759.1859130859375,924.530517578125
1888,935.25830078125,1011.3803100585938,1218.720458984375,1234.2237548828125,1190.506591796875,1451.8797607421875,834.3881225585938,677.8528442382812,1265.2911376953125,776.1134033203125
1889,765.9407348632812,884.4447631835938,937.2113037109375,982.5711669921875,969.284423828125,1086.5523681640625,867.6863403320312,644.851806640625,1147.205810546875,668.4880981445312
1890,804.7313842773438,909.1699829101562,975.9072265625,950.18017578125,902.871337890625,1101.91259765625,759.2152099609375,759.307861328125,1228.507080078125,593.5733642578125
1891,715.737548828125,802.8379516601562,903.3597412109375,893.7123413085938,778.431884765625,981.5291137695312,731.4962768554688,728.2587890625,1008.5335083007812,519.670166015625
1892,912.66357421875,1137.541259765625,1192.2991943359375,1162.4595947265625,1115.081787109375,1450.8955078125,714.1775512695312,1082.402587890625,1596.1419677734375,849.8535766601562
1893,772.1864013671875,1137.45751953125,1047.312744140625,1307.3262939453125,994.7274169921875,1323.043701171875,925.9888305664062,837.826904296875,1317.442138671875,726.9209594726562
1894,798.9359130859375,457.1321716308594,927.2713623046875,920.3634643554688,730.770263671875,1033.34814453125,886.2529296875,780.8410034179688,1141.216064453125,524.1788940429688
1895,867.865478515625,583.7454223632812,942.3490600585938,886.4880981445312,999.5369873046875,1059.4354248046875,745.06640625,794.431884765625,1093.4334716796875,455.5056457519531
1896,1347.7103271484375,746.3873901367188,1158.7196044921875,1029.4591064453125,1115.8199462890625,1414.9105224609375,690.8993530273438,978.5162963867188,1466.0509033203125,802.5509643554688
1897,870.5109252929688,546.0762329101562,1035.5418701171875,865.6307983398438,1009.5358276367188,1084.120361328125,924.2347412109375,790.062255859375,1144.6065673828125,565.255126953125
1898,855.7905883789062,640.0684814453125,1046.89306640625,884.0712280273438,904.1636962890625,1090.638916015625,795.9974975585938,711.2615966796875,1192.93310546875,651.6055297851562
1899,940.0963134765625,985.3223876953125,1063.837158203125,901.160888671875,953.3770751953125,1155.8319091796875,755.1333618164062,815.1673583984375,1239.7099609375,646.4852905273438
1900,1046.5999755859375,955.9807739257812,1292.241455078125,987.5017700195312,951.1889038085938,1327.969482421875,734.5161743164062,820.986083984375,1256.654541015625,790.0711669921875
1901,958.0945434570312,726.4901123046875,1055.0946044921875,915.2683715820312,899.6567993164062,1273.2252197265625,706.79736328125,752.9500122070312,1141.4312744140625,555.5814819335938
1902,1038.0908203125,667.7025756835938,960.4283447265625,961.377685546875,951.2841796875,1104.28173828125,666.458740234375,771.3421630859375,1064.53857421875,457.3688049316406
1903,908.4368896484375,704.27001953125,869.83203125,834.3981323242188,956.7313842773438,1016.3397216796875,754.7056274414062,664.0489501953125,982.0599365234375,524.7990112304688
1904,981.1454467773438,631.2734375,910.804443359375,859.8065795898438,909.0220947265625,1081.1400146484375,722.7625732421875,888.860107421875,998.1820068359375,590.6881713867188
1905,983.4324951171875,888.7457275390625,1041.041259765625,1190.14013671875,971.212890625,1395.1668701171875,736.875732421875,846.8884887695312,1307.8348388671875,777.4260864257812
1906,887.6644287109375,744.0189819335938,980.6563110351562,945.0477905273438,847.9563598632812,1195.083251953125,801.5439453125,744.4559936523438,1307.6722412109375,666.9625244140625
1907,909.4125366210938,909.2157592773438,962.5733032226562,915.8660888671875,994.857666015625,1255.9859619140625,791.9307250976562,787.990234375,1138.9482421875,477.85174560546875
1908,1058.45166015625,833.20263671875,1001.8446044921875,898.9769897460938,1001.0602416992188,1090.581298828125,897.9511108398438,811.8416748046875,1145.5152587890625,693.3182983398438
1909,1061.4085693359375,754.9075317382812,1030.3359375,892.0770874023438,935.1214599609375,1399.434326171875,757.7045288085938,798.0812377929688,1106.7315673828125,4441.3046875
1910,938.7364501953125,832.1486206054688,1145.5242919921875,896.9552001953125,790.52587890625,1274.6917724609375,746.9735107421875,759.7227783203125,1172.0096435546875,750.74658203125
1911,1056.7435302734375,804.1214599609375,1157.64892578125,828.532470703125,747.5955810546875,1262.8790283203125,718.729736328125,829.1115112304688,1148.84619140625,627.443603515625
1912,992.3350219726562,773.9483032226562,833.8305053710938,842.218505859375,817.5616455078125,1054.8375244140625,694.8338012695312,724.7304077148438,1029.4403076171875,636.2001953125
1913,1003.6054077148438,788.8805541992188,1082.9566650390625,921.3741455078125,819.1459350585938,1158.50732421875,670.0891723632812,765.4286499023438,1233.4781494140625,294.5292053222656
1914,854.2875366210938,822.480224609375,903.4207153320312,755.92724609375,854.31884765625,926.8449096679688,746.211181640625,713.9354858398438,1019.9768676757812,523.510498046875
1915,1266.9666748046875,1034.758544921875,1187.0537109375,1188.6195068359375,1034.6207275390625,1252.07080078125,698.348876953125,998.7250366210938,1492.931396484375,519.1321411132812
1916,1046.7374267578125,872.4683227539062,1197.0123291015625,1088.4080810546875,1167.7979736328125,1231.2587890625,815.446044921875,873.1279296875,1352.1378173828125,709.782470703125
1917,904.93603515625,720.15869140625,902.061279296875,799.8125,809.044189453125,908.023681640625,701.57177734375,750.6712646484375,983.4973754882812,640.5927734375
1918,1015.6157836914062,964.611328125,1133.6624755859375,977.6017456054688,896.608642578125,1032.186767578125,682.5852661132812,840.2509765625,1189.1978759765625,497.2042541503906
1919,1118.8636474609375,916.1990356445312,1060.532958984375,901.8101196289062,903.5850830078125,1160.9942626953125,678.4301147460938,850.1865844726562,1334.841796875,585.1640014648438
1920,986.2125244140625,824.2974243164062,1070.0379638671875,762.8242797851562,767.2719116210938,918.5220947265625,600.6905517578125,669.5333251953125,1110.865478515625,661.8284912109375
1921,1101.8218994140625,969.19775390625,1048.753662109375,955.5870971679688,1021.1843872070312,1118.046630859375,746.2609252929688,937.5503540039062,1319.93798828125,608.100341796875
1922,1112.521728515625,813.547607421875,959.8826293945312,898.4901123046875,799.9742431640625,993.45556640625,728.5863647460938,751.2402954101562,1109.6033935546875,772.7435913085938
1923,1211.14501953125,971.4570922851562,1152.8343505859375,1075.5294189453125,1113.960693359375,1068.0914306640625,848.6334838867188,1002.9840087890625,1405.477294921875,643.6683959960938
1924,988.20458984375,732.8416137695312,979.1798706054688,963.7131958007812,901.6361694335938,957.978271484375,819.3511962890625,908.01171875,1235.908447265625,631.228759765625
1925,1206.4893798828125,946.0477294921875,1360.06103515625,926.8924560546875,898.9375610351562,1039.395751953125,778.2843017578125,831.4932250976562,1216.648681640625,611.1046142578125
1926,985.1550903320312,948.1842651367188,1179.844970703125,1058.684814453125,1217.1243896484375,1154.8004150390625,926.9046020507812,857.9293212890625,1626.837158203125,660.0326538085938
1927,1125.7724609375,913.6275024414062,1066.436279296875,961.1222534179688,1010.9822998046875,1159.7857666015625,814.5553588867188,928.8125,1254.321533203125,678.6781005859375
1928,1008.9521484375,856.4729614257812,1105.1085205078125,1025.4332275390625,854.0425415039062,1296.6578369140625,809.7213745117188,1047.7271728515625,1245.7364501953125,654.5367431640625
1929,833.0447998046875,918.778076171875,1247.6297607421875,1017.9857177734375,1059.8551025390625,1208.197265625,887.1533203125,968.6282958984375,1273.7791748046875,585.2384643554688
1930,946.7645874023438,789.7479248046875,1015.5936279296875,807.0811767578125,765.4158325195312,1015.9871826171875,795.1741333007812,775.7312622070312,1075.015869140625,582.238037109375
1931,882.2182006835938,895.4022827148438,1045.154541015625,785.3927612304688,925.9033813476562,1002.5938110351562,859.2640380859375,823.9425048828125,1169.6932373046875,559.3909912109375
1932,1012.0861206054688,823.61376953125,899.0399780273438,775.7694091796875,898.0811767578125,1041.3265380859375,853.0367431640625,994.8916625976562,1178.9927978515625,679.8055419921875
1933,970.4910278320312,815.4075927734375,970.525146484375,738.6875,801.958984375,924.1348266601562,847.4846801757812,824.8053588867188,1108.2845458984375,476.57269287109375
1934,858.5322265625,822.4984741210938,946.2196655273438,798.9171142578125,1059.7933349609375,1159.4654541015625,839.7998657226562,871.7667846679688,1178.2613525390625,602.9695434570312
1935,825.9926147460938,891.6993408203125,833.4818725585938,648.253173828125,801.2522583007812,845.6854858398438,748.56201171875,742.6904907226562,1020.9285278320312,481.5858154296875
1936,825.650390625,820.6829223632812,927.6040649414062,733.8642578125,771.4650268554688,864.9052734375,662.0905151367188,745.26806640625,963.34521484375,466.6689758300781
1937,1002.9348754882812,688.5758056640625,868.1103515625,782.6331176757812,699.81982421875,884.302490234375,660.2616577148438,736.1856079101562,959.4698486328125,498.48040771484375
1938,890.1149291992188,817.884521484375,847.7489013671875,687.8057861328125,759.8375244140625,864.9288940429688,676.6410522460938,687.212890625,991.5394287109375,380.22259521484375
1939,839.5927734375,657.1046752929688,833.8590087890625,626.382568359375,675.0112915039062,811.4387817382812,647.6885375976562,696.6950073242188,907.2842407226562,428.1925964355469
1940,799.3981323242188,736.2049560546875,857.5360717773438,630.3439331054688,754.3328247070312,852.2532348632812,685.7449340820312,635.9130859375,903.6996459960938,417.4956359863281
1941,1231.9757080078125,961.7133178710938,1381.4395751953125,861.14111328125,1073.819580078125,1210.0701904296875,896.4910278320312,999.1251831054688,1280.5345458984375,665.0911254882812
1942,934.4522705078125,775.2664794921875,1026.921142578125,640.7012329101562,789.1705932617188,992.9451904296875,735.9346313476562,717.8469848632812,1044.2823486328125,442.4986267089844
1943,897.470947265625,751.4230346679688,776.8831787109375,519.8173828125,862.9161376953125,951.9817504882812,731.630859375,747.7987670898438,1132.6375732421875,330.3634338378906
1944,909.9244384765625,850.764892578125,851.0746459960938,609.1046142578125,760.2005004882812,909.1104736328125,979.6876220703125,746.2070922851562,941.1980590820312,351.449951171875
1945,1155.408447265625,1003.342041015625,1123.5396728515625,727.9745483398438,1342.219482421875,1054.4619140625,765.9797973632812,1695.013427734375,1475.6669921875,454.8367004394531
1946,1019.8851928710938,915.4166259765625,1094.172607421875,555.4216918945312,1052.8336181640625,1015.35595703125,710.3744506835938,785.2395629882812,909.923583984375,541.7709350585938
1947,867.637451171875,814.7730102539062,796.9544677734375,529.6428833007812,713.775634765625,900.4231567382812,705.2723999023438,767.706787109375,959.9725952148438,544.1686401367188
1948,869.9053955078125,815.9744262695312,954.6851806640625,501.24603271484375,754.8048095703125,844.1981811523438,887.671142578125,721.6642456054688,966.658447265625,645.4385986328125
1949,918.6765747070312,961.927490234375,1027.2452392578125,541.251953125,856.1066284179688,941.3234252929688,973.1689453125,847.904052734375,1221.8094482421875,624.775390625
1950,875.6044311523438,977.8368530273438,979.2984008789062,570.8292236328125,1047.1328125,1055.481201171875,802.9812622070312,967.24853515625,1392.197265625,743.457763671875
1951,843.7748413085938,948.8906860351562,815.1490478515625,489.79052734375,918.9757080078125,847.805908203125,792.1149291992188,810.644775390625,1183.32373046875,481.5958557128906
1952,808.1229858398438,771.7835693359375,825.5953979492188,576.2801513671875,838.9326171875,761.8900146484375,818.4368896484375,793.9274291992188,1030.07666015625,449.4445495605469
1953,870.7171630859375,845.6864013671875,833.1294555664062,806.459228515625,806.8970947265625,893.9940795898438,847.111083984375,867.760498046875,1118.4952392578125,424.9270324707031
1954,896.2099609375,894.3436889648438,936.436279296875,979.8493041992188,2744.15673828125,1053.823974609375,737.6207885742188,1001.3186645507812,1389.1893310546875,561.1244506835938
1955,793.4010620117188,778.2758178710938,846.8113403320312,877.6234130859375,938.9357299804688,911.51611328125,739.258544921875,819.7061767578125,1119.3648681640625,450.26055908203125
1956,757.1766357421875,834.7426147460938,743.1234741210938,784.2122802734375,1032.4454345703125,865.7230224609375,791.6121826171875,741.2615356445312,944.6925659179688,472.96673583984375
1957,1022.504638671875,766.8406982421875,1043.36181640625,791.9996337890625,866.75390625,972.3040161132812,863.6362915039062,819.5751342773438,1060.9339599609375,606.0704345703125
1958,823.960205078125,851.94287109375,982.3921508789062,857.1245727539062,892.2979125976562,817.1900024414062,835.0878295898438,912.6538696289062,1043.5587158203125,449.9222412109375
1959,869.0432739257812,845.9951782226562,968.1505737304688,853.6351928710938,955.3530883789062,977.6064453125,698.068359375,941.2135620117188,1087.23779296875,550.1578369140625
1960,691.1007690429688,754.0501098632812,801.1288452148438,654.32373046875,744.0679321289062,790.0381469726562,699.9489135742188,782.0208129882812,894.7391967773438,412.8696594238281
1961,661.74560546875,798.7161865234375,786.3270874023438,672.6638793945312,729.7425537109375,825.1397705078125,837.5718994140625,728.14892578125,852.56689453125,416.9891662597656
1962,999.40576171875,1060.318359375,1170.8851318359375,1120.8692626953125,1027.5963134765625,1272.239990234375,800.23046875,1325.7633056640625,1602.73193359375,525.3184814453125
1963,791.118896484375,813.6626586914062,1061.4051513671875,878.9354858398438,719.8768310546875,938.7918090820312,763.0111083984375,873.2730712890625,896.5985107421875,506.3350524902344
1964,852.1996459960938,872.8310546875,1130.355224609375,910.234375,859.0474853515625,990.7335815429688,801.7594604492188,833.6756591796875,1181.2252197265625,576.338623046875
1965,773.9191284179688,731.1875610351562,988.0734252929688,745.3294067382812,841.5578002929688,826.2675170898438,740.3842163085938,729.8264770507812,1019.0487060546875,514.31884765625
1966,760.693115234375,699.4677124023438,793.478515625,747.4686889648438,747.412841796875,861.9179077148438,739.4808349609375,721.7297973632812,930.4403686523438,503.29498291015625
1967,755.1035766601562,748.5734252929688,1032.0068359375,801.0809326171875,718.872314453125,884.7935180664062,861.1636962890625,784.26806640625,908.6753540039062,486.65521240234375
1968,959.2832641601562,937.207275390625,1071.1212158203125,865.2156372070312,918.9738159179688,943.674072265625,746.3294677734375,840.3341064453125,1210.4617919921875,559.6339111328125
1969,880.484619140625,714.0551147460938,945.4619140625,747.6889038085938,805.5338745117188,769.5762329101562,752.6712646484375,762.3086547851562,966.1697998046875,522.6122436523438
1970,857.525390625,786.8098754882812,885.0380859375,771.6526489257812,759.3779907226562,813.2261352539062,760.539306640625,727.508544921875,989.9945678710938,407.4688415527344
1971,900.50830078125,784.4551391601562,878.80517578125,627.696533203125,731.4337158203125,797.7659912109375,875.7088623046875,730.1823120117188,929.2879638671875,469.99530029296875
1972,1052.658203125,1012.5430297851562,1160.58740234375,857.3678588867188,981.10302734375,1040.483642578125,735.9237670898438,863.5364990234375,1156.523681640625,530.72607421875
1973,959.2552490234375,779.93896484375,785.107421875,802.57080078125,740.6906127929688,878.5460815429688,807.7987060546875,725.7427368164062,1019.8363647460938,487.590576171875
1974,904.2902221679688,780.3140869140625,953.591552734375,773.1995239257812,810.913330078125,774.3001098632812,736.8087768554688,721.2661743164062,881.7947998046875,441.51123046875
1975,830.0449829101562,686.1351318359375,955.1218872070312,739.9029541015625,738.0257568359375,828.39990234375,834.9161376953125,28964642,1024.7611083984375,427.9813232421875
1976,1050.4791259765625,840.501220703125,1005.4759521484375,824.393310546875,928.870361328125,862.9640502929688,726.6536865234375,789.904052734375,993.3941650390625,588.105224609375
1977,884.7304077148438,733.14892578125,863.00146484375,768.7111206054688,778.7072143554688,678.4522094726562,799.3486938476562,715.2625732421875,1025.24267578125,544.5249633789062
1978,1201.51220703125,988.2025756835938,1743.29541015625,952.1480102539062,1208.2183837890625,1021.67138671875,803.2138061523438,915.414306640625,1385.8624267578125,554.12841796875
1979,1135.6287841796875,1212.3843994140625,1444.2525634765625,1017.6249389648438,1280.764404296875,1116.5643310546875,895.9475708007812,1023.0452270507812,1235.7113037109375,748.7437133789062
1980,982.5714721679688,882.2618408203125,980.1141357421875,802.98095703125,873.7816772460938,909.649169921875,807.9012451171875,816.770751953125,1082.0885009765625,594.7259521484375
1981,1077.8275146484375,916.8843383789062,1370.837890625,826.7079467773438,1045.09228515625,954.9901733398438,647.7025146484375,883.2869873046875,1084.7984619140625,497.4144592285156
1982,980.8798217773438,827.0726318359375,890.653076171875,703.2197265625,951.7130737304688,943.4163208007812,400057.15625,764.2557983398438,1015.9005126953125,505.46478271484375
1983,790.6876220703125,810.8983764648438,911.1141967773438,667.7969360351562,844.1958618164062,796.4593505859375,730.3617553710938,707.7694702148438,904.4257202148438,462.05938720703125
1984,932.8637084960938,892.0517578125,1115.322265625,933.0562744140625,1181.7442626953125,1241.8841552734375,680.3038330078125,766.10498046875,851.4605102539062,332.2232666015625
1985,1040.76123046875,927.9547119140625,1194.0943603515625,817.4952392578125,1386.1146240234375,1005.5513305664062,816.3363647460938,899.3702392578125,1003.8351440429688,629.5137939453125
1986,899.801025390625,779.5267944335938,1154.802978515625,848.5498046875,1032.3509521484375,947.2898559570312,731.1151733398438,791.401123046875,959.2171020507812,551.1846923828125
1987,923.0668334960938,791.8748779296875,1037.1719970703125,690.177734375,1016.3319702148438,963.3978271484375,794.60791015625,869.541259765625,1031.5137939453125,574.1141357421875
1988,953.884033203125,869.9335327148438,1057.2373046875,803.412109375,875.3751220703125,997.044677734375,750.385498046875,900.7651977539062,1061.8111572265625,582.0264892578125
1989,894.1232299804688,774.9041748046875,1107.7825927734375,879.1602172851562,955.4598999023438,935.0518188476562,693.5523681640625,844.5256958007812,969.7008056640625,514.0413818359375
1990,865.2105712890625,786.9426879882812,1141.5438232421875,813.552001953125,978.9530639648438,959.1575927734375,712.9686279296875,922.3287963867188,948.6009521484375,436.3183898925781
1991,980.4990234375,880.9515991210938,1044.797119140625,770.2941284179688,989.2505493164062,935.1646728515625,814.4769897460938,871.1034545898438,920.954345703125,466.77874755859375
1992,1322.37548828125,1185.57373046875,1975.16796875,903.2321166992188,1105.65234375,1256.4993896484375,698.3177490234375,1086.087890625,990.4531860351562,623.6730346679688
1993,935.8307495117188,944.1411743164062,1296.3853759765625,772.9287109375,926.2252807617188,992.7290649414062,711.8131103515625,882.7921752929688,942.5286865234375,476.36395263671875
1994,983.6546630859375,760.4529418945312,1085.4847412109375,840.6593627929688,800.3040161132812,798.4370727539062,781.0660400390625,827.1148071289062,1021.6478271484375,453.54833984375
1995,962.7752685546875,843.577392578125,1093.362548828125,783.8385009765625,851.2866821289062,811.1161499023438,743.8026733398438,824.916748046875,910.9635620117188,467.3806457519531
1996,1001.77978515625,802.2616577148438,959.7394409179688,830.2438354492188,1005.77783203125,1008.5850830078125,688.4390258789062,832.0673828125,872.220703125,522.27294921875
1997,989.7294921875,887.6858520507812,911.634521484375,807.4447631835938,922.6432495117188,914.2542724609375,728.9585571289062,859.1434936523438,889.12841796875,565.0972290039062
1998,1288.9501953125,851.9678344726562,1018.7005004882812,832.407470703125,1089.8453369140625,1016.1734008789062,768.2606811523438,882.7372436523438,1217.0467529296875,690.2579956054688
1999,899.6361694335938,839.6103515625,998.7164306640625,807.5974731445312,910.4323120117188,947.3182983398438,678.9432983398438,792.6237182617188,711.408203125,741.1720581054688
2000,1092.01025390625,917.816650390625,1140.574462890625,935.3175048828125,1045.4482421875,1088.2296142578125,740.5574951171875,920.9244384765625,976.839599609375,812.0570678710938
2001,1125.2718505859375,968.53076171875,1112.822265625,782.0201416015625,765.5068969726562,967.326171875,691.146484375,791.3533935546875,1120.8421630859375,692.6689453125
2002,1012.8786010742188,924.75048828125,1251.6566162109375,766.549560546875,964.37744140625,991.8501586914062,664.187255859375,819.3043212890625,963.9691772460938,713.2638549804688
2003,1001.0125732421875,826.7140502929688,1430.4674072265625,855.8292846679688,771.8395385742188,983.1077880859375,694.6961059570312,908.6400756835938,1058.8546142578125,664.4918212890625
2004,1061.184326171875,696.7945556640625,1389.157470703125,738.0482177734375,612.913818359375,914.5244140625,564.1739501953125,917.0953979492188,964.6766357421875,583.5931396484375
2005,977.2280883789062,701.4800415039062,944.9830932617188,678.1805419921875,746.0653076171875,783.7242431640625,679.6660766601562,856.8599853515625,984.2225952148438,588.426513671875
2006,967.6279296875,750.481689453125,1133.409423828125,753.6226196289062,766.7201538085938,784.4853515625,634.7506713867188,972.951171875,1058.717041015625,606.7755126953125
2007,903.9679565429688,768.5218505859375,1073.39697265625,819.7056884765625,750.4505004882812,769.6875,515.7000122070312,859.1223754882812,875.8090209960938,612.8513793945312
2008,1084.7568359375,813.7982177734375,1175.1439208984375,765.0726318359375,842.6494750976562,686.4673461914062,562.2094116210938,912.55126953125,909.0883178710938,642.2249755859375
2009,1071.1484375,785.9057006835938,1233.3349609375,840.8372802734375,805.8831176757812,829.2831420898438,587.7091064453125,898.8129272460938,913.361572265625,573.1567993164062
2010,1383.9041748046875,1078.991455078125,1837.3240966796875,772.0226440429688,920.9663696289062,1096.1033935546875,614.1757202148438,1237.1649169921875,986.4974365234375,631.5645751953125
2011,1369.6661376953125,758.529296875,1092.8116455078125,708.5233764648438,776.6181030273438,770.501220703125,462.7672119140625,817.2880859375,939.5508422851562,619.9483642578125
2012,1312.6749267578125,649.060546875,969.6041259765625,672.707763671875,770.1359252929688,737.3676147460938,452.513916015625,769.8522338867188,949.8511962890625,547.9514770507812
2013,1542.5325927734375,778.9464111328125,1380.498779296875,807.525390625,871.3274536132812,976.6803588867188,531.4053344726562,1145.5294189453125,982.003662109375,520.7268676757812
2014,1439.746337890625,694.234375,1421.0892333984375,801.9253540039062,970.4932250976562,928.6760864257812,491.6652526855469,1046.12060546875,986.6312255859375,538.3707275390625
2015,1563.3328857421875,792.211181640625,1177.8111572265625,740.0552368164062,965.7236938476562,777.0880737304688,513.6964111328125,778.6137084960938,983.7183837890625,471.72442626953125
2016,1861.119140625,643.9915771484375,1145.3394775390625,754.2554931640625,1190.54541015625,751.3981323242188,490.70391845703125,736.5845336914062,921.7351684570312,542.4688720703125
2017,1387.28271484375,697.325927734375,1780.4285888671875,1006.626708984375,1037.034423828125,1049.2581787109375,610.996826171875,1108.3294677734375,882.6532592773438,611.331298828125
2018,1266.03125,646.9067993164062,1238.174072265625,811.3545532226562,1052.822265625,861.569580078125,523.4421997070312,802.45654296875,834.47802734375,527.297607421875
2019,7144.56494140625,866.8374633789062,1282.7960205078125,786.5341186523438,1157.5543212890625,840.720947265625,477.2995300292969,835.4441528320312,872.2781372070312,462.822509765625
2020,1625.6685791015625,987.211181640625,1649.6737060546875,791.887939453125,817.396240234375,885.383056640625,358.52203369140625,964.6923217773438,780.2652587890625,545.431396484375
2021,0,623.221923828125,1873.0614013671875,701.3355102539062,0,793.3904418945312,271.0601806640625,713.9977416992188,691.6539306640625,564.9573974609375