year;CWTtanCHO01_;CWTtanCHO03_;CWTtanCHO04_;CWTtanCHO05_;CWTtanCHO07_;CWTtanCHO14_;CWTtanCHO15_;CWTtanCHO16_;CWTtanCHO17_;CWTtanCHO19_;aver
1439;0;0;0;3.843468666;;;;;;;0.960867167
1440;0;0;0;3.23507452;;;;;;;0.80876863
1441;0;0;0;3.834500313;;;;;;;0.958625078
1442;0;0;0;3.817268372;;;;;;;0.954317093
1443;0;0;0;3.433711052;;;;;;;0.858427763
1444;0;0;0;3.883738279;;;;;;;0.97093457
1445;0;0;0;3.789223909;;;;;;;0.947305977
1446;0;0;0;2.955973148;;;;;;;0.738993287
1447;0;0;0;2.776708603;;;;;;;0.694177151
1448;0;0;0;3.529182673;;;;;;;0.882295668
1449;0;0;0;3.334047079;;;;;;;0.83351177
1450;0;0;0;3.55479598;;;;;;;0.888698995
1451;0;0;0;3.336910963;;;;;;;0.834227741
1452;0;0;0;3.678837299;;;;;;;0.919709325
1453;0;0;0;3.918965578;;;;;;;0.979741395
1454;0;0;0;3.798676014;;;;;;;0.949669003
1455;0;0;0;4.102850437;;;;;;;1.025712609
1456;0;0;0;3.962888241;;;;;;;0.99072206
1457;0;0;0;3.861292839;;;;;;;0.96532321
1458;0;0;0;4.403352737;;;;;;;1.100838184
1459;0;0;0;4.193388939;;;;;;;1.048347235
1460;0;0;0;4.075570107;;;;;;;1.018892527
1461;0;0;0;4.42347765;;;;;;;1.105869412
1462;0;0;0;4.584859848;;;;;;;1.146214962
1463;0;0;0;4.503247738;;;;;;;1.125811934
1464;0;0;0;5.238699436;;;;;;;1.309674859
1465;0;0;0;5.01652956;;;;;;;1.25413239
1466;0;0;0;5.132377148;;;;;;;1.283094287
1467;0;0;0;4.694865227;;;;;;;1.173716307
1468;0;0;0;5.189207077;;;;;;;1.297301769
1469;0;0;0;4.958708763;;;;;;;1.239677191
1470;0;0;0;4.517930508;;;;;;;1.129482627
1471;0;0;0;4.359793186;;;;;;;1.089948297
1472;0;0;0;4.444483757;;;;;;;1.111120939
1473;0;0;0;3.787205935;;;;;;;0.946801484
1474;0;0;0;4.466623783;;;;;;;1.116655946
1475;0;0;0;4.296538353;;;;;;;1.074134588
1476;0;0;0;4.720582008;;;;;;;1.180145502
1477;0;0;0;4.578351974;;;;;;;1.144587994
1478;0;0;0;4.341199398;;;;;;;1.08529985
1479;0;0;0;3.729382992;;;;;;;0.932345748
1480;0;0;0;4.189449787;;;;;;;1.047362447
1481;0;0;0;4.179314137;;;;;;;1.044828534
1482;0;0;0;4.381270885;;;;;;;1.095317721
1483;0;0;0;4.023463726;;;;;;;1.005865932
1484;0;0;0;4.614655972;;;;;;;1.153663993
1485;0;0;0;4.215101719;;;;;;;1.05377543
1486;0;0;0;3.954841375;;;;;;;0.988710344
1487;0;0;0;3.536813021;;;;;;;0.884203255
1488;0;0;0;3.776909113;;;;;;;0.944227278
1489;0;0;0;3.810081244;;;;;;;0.952520311
1490;0;0;0;3.881353378;;;;;;;0.970338345
1491;0;0;0;3.171036482;;;;;;;0.79275912
1492;0;0;0;3.721545696;;;;;;;0.930386424
1493;0;0;0;3.747178555;;;;;;;0.936794639
1494;0;0;0;3.059920311;;;;;;;0.764980078
1495;0;0;0;3.29361105;;;;;;;0.823402762
1496;0;0;0;3.705335379;;;;;;;0.926333845
1497;0;0;0;3.615749121;;;;;;;0.90393728
1498;0;0;0;3.276515961;;;;;;;0.81912899
1499;0;0;0;3.342895269;;;;;;;0.835723817
1500;0;0;0;3.541595459;;;;;;;0.885398865
1501;0;0;0;2.967427969;;;;;;;0.741856992
1502;0;0;0;3.910511971;;;;;;;0.977627993
1503;0;0;0;3.790190458;;;;;;;0.947547615
1504;0;0;0;3.515326977;;;;;;;0.878831744
1505;0;0;0;3.297020674;;;;;;;0.824255168
1506;0;0;0;3.829373837;;;;;;;0.957343459
1507;0;0;0;3.135642052;;;;;;;0.783910513
1508;0;0;0;3.071534395;;;;;;;0.767883599
1509;0;0;0;3.352889776;;;;;;;0.838222444
1510;0;0;0;3.668813229;;;;;;;0.917203307
1511;0;0;0;4.063876629;;;;;;;1.015969157
1512;0;0;0;3.912723303;;;;;;;0.978180826
1513;0;0;0;3.844918013;;;;;;;0.961229503
1514;0;0;0;3.755492449;;;;;;;0.938873112
1515;0;0;0;3.441183329;;;;;;;0.860295832
1516;0;0;0;2.601367235;;;;;;;0.650341809
1517;0;0;0;3.21884346;;;;;;;0.804710865
1518;0;0;-999;3.301033735;;;;;;;-248.9247416
1519;0;2.943246603;2.843064308;3.733613014;;;;;;;2.379980981
1520;0;2.620469093;2.42625761;3.634961367;;;;;;;2.170422018
1521;0;2.251927614;-999;2.802015066;;;;;;;-248.4865143
1522;0;2.343919992;-999;3.293678522;;;;;;;-248.3406004
1523;0;2.409311056;2.453462362;4.287261486;;;;;;;2.287508726
1524;0;2.546742916;2.546447992;4.734300137;;;;;;;2.456872761
1525;0;2.449641943;2.593184233;4.269097805;;;;;;;2.327980995
1526;0;2.586577177;2.97376442;4.021584511;;;;;;;2.395481527
1527;0;2.769550085;3.520956516;4.987516403;0;0;2.725238562;;;;2.000465938
1528;0;2.920379162;2.817615032;4.196053505;0;0;3.2778759;;;;1.887417657
1529;0;2.098155975;2.174098969;2.977057219;0;0;3.469946146;;;;1.531322615
1530;0;2.132618189;2.048082829;3.17188406;0;0;3.629935741;;;;1.568931546
1531;0;2.086750031;2.669914961;3.701781273;0;0;3.26624012;;;;1.674955198
1532;0;2.210718632;2.582533121;4.230554104;0;0;3.282569647;;;;1.758053643
1533;0;2.380961418;2.741743565;3.793591261;0;0;2.729331732;;;;1.663661139
1534;0;2.440387487;2.707274437;3.809846401;0;0;2.846339941;;;;1.686264038
1535;0;2.674274683;2.742421389;3.671264648;0;0;2.879090548;;;;1.709578753
1536;0;2.323796272;2.791153431;3.414200068;0;0;2.759677649;;;;1.612689631
1537;0;2.745911837;2.786573887;3.603065252;0;0;2.867778301;;;;1.714761325
1538;0;2.1992805;2.44649148;3.663466692;0;0;2.747673988;;;;1.579558952
1539;0;2.291093349;2.647037268;3.51704669;0;0;2.904121161;;;;1.622756924
1540;0;2.265886545;2.412847519;3.22653842;0;0;3.113095522;;;;1.574052572
1541;0;1.892845631;2.020226955;3.56191659;0;0;3.219316244;;;;1.527757917
1542;0;1.90343821;1.916160107;3.711090803;0;0;3.929488182;;;;1.637168186
1543;0;2.234736443;2.142266989;2.995646;0;0;4.056983471;;;;1.6328047
1544;0;2.462976217;2.388983488;3.315307379;0;0;3.377783298;;;;1.649292912
1545;0;2.493304014;2.287060261;3.324953794;0;0;3.509505272;;;;1.659260477
1546;0;2.4260149;2.572051764;3.478059053;0;0;3.909343004;;;;1.769352674
1547;0;2.419966221;2.57358861;3.479840279;0;0;3.353847265;;;;1.689606053
1548;0;2.330630064;2.608378887;3.647360563;0;0;2.74539566;;;;1.618823596
1549;0;2.529448986;2.723671198;3.630657911;0;0;3.190406322;;;;1.724883488
1550;0;2.911957502;2.772079945;3.732298613;0;0;3.158647537;;;;1.796426228
1551;0;3.097690582;2.629770279;3.550283909;0;0;3.460230589;;;;1.819710766
1552;0;2.977386475;3.690073729;3.772852659;0;0;3.166245461;;;;1.943794046
1553;0;3.299320698;3.457066774;3.773387909;0;0;3.225678921;;;;1.9650649
1554;0;2.73123455;2.865349293;3.631839275;0;0;2.883616924;;;;1.730291435
1555;0;2.704018831;3.029653072;3.979138851;0;0;2.159754038;;;;1.696080685
1556;0;2.191438675;2.385939121;3.302494287;0;0;2.550675154;;;;1.490078177
1557;0;2.045605659;2.063205481;5.372437;0;0;2.879963875;;;;1.765887431
1558;0;2.554456711;2.761260033;3.385127068;0;0;2.713427782;;;;1.630610228
1559;0;2.389433622;2.84527421;3.483807564;0;0;2.800417185;;;;1.645561797
1560;0;2.872133017;2.841349363;3.24898839;0;0;2.700047016;;;;1.666073969
1561;0;2.837388515;2.765474796;3.528159857;0;0;3.04556942;;;;1.739513227
1562;0;3.240320683;3.170260906;3.392374277;0;0;2.952661753;;;;1.822231088
1563;0;2.527409077;3.06756711;3.416857243;0;0;3.33209753;;;;1.763418709
1564;0;2.483758688;3.010656118;3.225281715;0;0;2.863239765;;;;1.654705184
1565;0;3.058052778;3.435162544;3.6946733;0;0;2.992449045;2.642463923;;;1.977850199
1566;0;2.924245358;2.820679903;3.239328384;0;0;3.156407118;2.685810328;;;1.853308886
1567;0;2.507448196;2.784041882;3.233601332;0;0;2.45043993;2.355524063;;;1.666381925
1568;0;3.173772812;3.181830883;3.80574131;0;0;2.468407154;2.355781078;;;1.873191655
1569;0;3.688210726;3.059341669;3.519460917;0;0;2.842658043;2.215520859;;;1.915649027
1570;0;2.873720169;2.582296133;2.955882788;0;0;2.585922718;1.998572588;;;1.624549299
1571;0;3.33975625;2.561061382;3.212273121;0;0;2.774782896;2.559890985;;;1.805970579
1572;0;2.612455606;2.892057896;4.686400414;0;0;3.08368063;2.507893562;;;1.972811013
1573;0;3.249179363;3.249683142;3.50720787;0;0;3.587181568;2.858711004;;;2.056495368
1574;0;2.872237206;2.620224237;3.439928532;0;0;2.832180738;2.88645792;;;1.831378579
1575;0;4.10828352;3.743868589;4.630761623;0;0;3.148932695;2.987761259;;;2.327450961
1576;0;4.34368372;3.71214962;3.486301422;0;0;3.240069628;2.916154623;;;2.212294877
1577;0;3.565148115;3.067690849;3.140400648;0;0;3.127677202;2.589374781;;;1.936286449
1578;0;3.55913496;3.19176507;3.465543032;0;0;3.474740505;2.820616484;;;2.063975006
1579;0;3.389214754;2.974422932;3.543441057;0;0;3.858448267;2.655424833;;;2.05261898
1580;0;2.806596994;2.42920351;3.131512642;0;0;3.433971405;2.623968363;;;1.803156614
1581;0;3.302941799;2.936044693;3.275539637;0;0;3.148663282;2.9085567;;;1.946468264
1582;0;3.041700602;2.876427412;3.082680225;0;0;2.765331745;3.42398262;;;1.898765326
1583;0;3.075454712;3.002834797;3.344505072;0;0;2.917020559;2.330164671;;;1.833747476
1584;0;3.186158895;0;3.296499968;0;0;2.799613476;2.652894735;;;1.491895884
1585;0;3.199271917;0;3.850194693;0;0;3.252872229;2.155554533;;;1.557236671
1586;0;2.947832346;0;3.2269454;0;0;3.030401945;2.852786779;3.17655158;;1.692724228
1587;0;2.535039902;0;3.120518684;0;0;3.694576502;2.583798885;2.785742044;;1.635519558
1588;0;3.15536046;0;3.238333225;0;3.92842865;3.222795248;3.60352993;2.391336918;;2.171087159
1589;0;2.791236401;0;3.498151541;0;3.288719893;2.874936104;2.517812014;2.851935387;;1.980310149
1590;0;3.333810806;0;3.275738716;0;3.825327158;3.380565405;2.59696126;2.261421204;;2.074869394
1591;0;2.971456528;0;3.337373734;0;3.59596014;3.066373348;2.875852346;2.835489511;;2.075833956
1592;0;3.335105896;0;3.606054068;0;3.921195745;2.928847075;2.819606304;2.776972771;;2.154197984
1593;0;3.163439274;0;3.313280821;0;3.798326969;3.298923731;2.857819796;2.936812401;;2.152066999
1594;0;2.865622282;0;2.947307825;0;3.750266314;3.32419014;2.258930445;3.044600725;;2.021213081
1595;0;3.492198944;0;3.289329529;0;3.824715137;2.385522604;2.687739611;2.373183727;;2.005854395
1596;0;3.699786663;0;3.344464064;0;4.015613079;2.889083624;2.624622583;2.738977671;;2.145838632
1597;0;3.196471214;0;4.133505821;0;3.806705952;2.552657604;2.196325064;2.884972811;;2.085626496
1598;0;3.420189619;0;3.11092639;0;3.881272316;2.652254581;2.611809731;2.721891642;;2.044260475
1599;0;3.277462244;0;3.392968178;0;4.110898495;2.688575268;2.477650166;2.719553709;;2.074123118
1600;0;3.811883211;0;3.597852468;0;4.068645954;3.808408022;2.719442368;2.656694412;;2.295880715
1601;0;3.166619062;0;3.011710644;0;4.037824631;3.206549406;2.269248486;3.072360516;;2.084923638
1602;0;3.216653109;0;3.057268143;0;4.038018703;2.953205347;2.259789467;2.476165771;;2.000122282
1603;0;3.365971088;0;3.440087795;0;3.568078756;3.271095514;2.486471891;2.482805729;;2.068278975
1604;0;3.545120478;0;3.635936737;0;4.004508972;2.906282187;2.30065918;2.774470091;;2.129664183
1605;0;3.363150597;0;3.622939825;0;3.610942841;2.330251694;2.162534952;2.720930815;;1.978972303
1606;0;3.284472227;0;3.0838871;0;4.060930729;2.926567793;2.18111062;2.549083233;;2.0095613
1607;0;3.112593651;0;2.972546816;0;3.627623558;2.72273922;2.107978106;2.703391314;;1.916319185
1608;0;3.137108326;0;3.002697229;0;3.547744274;2.834979534;2.204687834;2.45424962;;1.909051869
1609;0;3.313074112;0;3.357500792;0;3.454163551;2.946920156;2.197860718;2.639868021;;1.989931928
1610;0;3.41599369;0;3.35742712;0;3.505866289;2.35400939;2.083899975;2.833912373;;1.950123204
1611;0;3.266284704;0;3.498089075;0;3.709871769;2.706084967;2.100315094;3.40803647;;2.076520231
1612;0;3.340907812;0;3.427333832;0;3.831526518;2.381045818;2.226139545;2.581677198;;1.976514525
1613;0;3.432459116;0;3.64517045;0;3.683825731;2.720752954;2.247398138;2.860224485;;2.065536764
1614;0;2.982355118;0;3.234889507;0;3.486433506;2.290540218;2.033785582;2.865809917;;1.877090428
1615;0;3.420440197;0;3.15301919;0;3.683996916;3.403606415;2.249943018;2.201996565;;2.012555811
1616;0;3.400973082;0;3.297174931;0;3.610686064;2.901137829;2.203015089;2.632747412;3.675792694;2.17215271
1617;0;3.089298964;0;4.068599701;0;3.372961998;3.000798225;2.07784462;2.817003965;4.408075333;2.283458281
1618;0;3.291563034;0;3.075239897;0;3.482032776;3.147656441;2.203322172;2.708200932;4.015116215;2.192313147
1619;0;2.895983219;0;3.802006245;0;3.210459709;2.484294653;2.064756632;2.669401169;4.104633808;2.123153543
1620;0;2.669524193;0;3.758635044;0;4.741289616;2.783453465;2.105399847;3.115029097;2.91675806;2.209008932
1621;0;3.051501513;0;3.232443571;0;3.026091099;2.805273294;2.142105103;2.561227322;3.554865122;2.037350702
1622;0;3.463750362;0;3.343143702;0;3.25179863;3.012104511;2.186525106;2.734548092;3.238473415;2.123034382
1623;0;3.582271338;0;3.187213421;0;3.031706333;3.02608037;2.212111712;2.533703327;3.057177305;2.063026381
1624;0;3.726706743;0;3.247364998;0;2.924896479;2.70125699;2.238712549;2.706925631;3.298100233;2.084396362
1625;0;3.657211781;0;3.503584385;0;3.346753359;3.113821507;2.299544811;2.773722172;4.589167118;2.328380513
1626;0;3.081702709;0;2.998937368;0;3.200945854;2.665445566;2.25911665;2.592332125;4.240594864;2.103907514
1627;0;2.687066793;0;3.709912777;0;3.194249868;2.447669744;2.13162303;2.464569569;3.390516043;2.002560782
1628;0;2.926719666;0;3.328652382;0;3.837879658;2.706978083;2.107714415;2.559904814;3.145249367;2.061309838
1629;0;3.662696838;0;3.279295444;0;2.898605585;2.563493252;2.155511618;2.421673775;3.681039572;2.066231608
1630;0;3.428090334;0;3.223858118;0;2.916236639;2.495677948;2.209193707;2.679503441;3.809899807;2.076245999
1631;0;3.485947132;0;3.23544836;0;3.231404781;2.287362814;2.37143898;2.700301886;3.542690039;2.085459399
1632;0;2.915116072;0;3.375614882;0;3.015626669;2.338579416;2.044720173;2.542268276;3.171154976;1.940308046
1633;0;2.750812769;0;3.354038954;0;3.142078638;2.389342785;2.33837533;2.327573538;2.968654394;1.927087641
1634;0;2.386107206;0;3.013180017;0;2.943972826;2.544945478;2.300045252;2.435508251;2.766261339;1.839002037
1635;0;2.78939724;0;3.197800159;0;3.04748559;2.443824053;2.196890116;2.33017683;2.984544277;1.899011827
1636;0;3.21502614;0;3.03506875;0;2.738530636;2.696547747;2.271252155;2.514265776;3.125388145;1.959607935
1637;0;3.095453501;0;2.888405561;0;2.65149951;2.688117266;2.634475946;2.483282804;2.833508015;1.92747426
1638;0;3.295560122;0;3.141991854;0;2.552892447;2.419502497;3.089256287;2.440450668;3.274547815;2.021420169
1639;0;2.861892462;0;3.182873487;0;2.96253705;2.348032475;3.754257917;2.488102674;2.857009411;2.045470548
1640;0;2.946210146;0;2.962358952;0;2.85807395;2.459757805;3.063621759;2.525627851;3.06818676;1.988383722
1641;0;2.998032808;0;2.988110065;0;3.111500502;2.575881243;3.105391741;2.996282816;2.89025569;2.066545486
1642;0;1.889415264;0;3.037247896;0;3.841312647;2.599896908;2.020425081;2.240364313;2.444392443;1.807305455
1643;0;2.156049967;0;2.847636938;0;3.20325613;2.747403622;1.990882516;2.339862823;3.19954133;1.848463333
1644;0;3.137553215;0;2.880621672;0;2.680459976;2.288627386;2.392819881;2.509849787;2.596168041;1.848609996
1645;0;2.335107803;0;2.999190807;0;2.497914314;2.66680932;2.268382311;2.419709921;2.571229219;1.77583437
1646;0;2.629801035;0;2.989701748;0;3.058363199;2.390608311;2.742921591;2.637911797;2.682156324;1.9131464
1647;0;3.140809298;0;3.118262053;0;2.687466383;2.357183933;2.767846346;2.435853004;3.071658611;1.957907963
1648;0;2.852728367;0;3.23861599;0;2.825371981;2.527225256;2.725675344;2.376785755;2.927241325;1.947364402
1649;0;3.25666666;0;3.213376999;0;2.918206215;2.848532915;2.778767824;2.705252647;2.642440319;2.036324358
1650;0;2.68427825;0;2.968886614;0;2.66903615;2.783195019;2.523439646;2.42349124;2.470430374;1.852275729
1651;0;3.612247944;0;3.717246532;0;2.763930082;2.344861269;2.84875083;2.478208542;2.675113678;2.044035888
1652;0;3.021780729;0;2.885566711;0;4.220980167;2.160514116;2.689074039;2.719434738;2.743008614;2.044035912
1653;0;2.537101746;0;3.215899944;0;3.731758118;2.621476173;3.367207289;3.898197651;2.875631094;2.224727201
1654;0;2.95575881;0;3.153851509;0;4.730278015;2.80810976;3.651526928;3.147352934;2.770695448;2.32175734
1655;0;3.21351409;0;3.381520987;0;4.783274174;2.718977451;3.999918222;2.87505722;3.787880659;2.47601428
1656;0;3.384245872;0;3.454070807;0;4.683421135;2.265241146;3.025936365;2.575810194;3.244702578;2.26334281
1657;0;3.2751894;0;3.25950098;0;3.596530676;2.409301758;2.999697447;2.669919968;2.688583374;2.08987236
1658;0;3.717782021;0;3.288504124;0;3.681600094;2.32320261;3.061202049;2.500365257;3.188854694;2.176151085
1659;0;3.526254892;0;3.514844179;0;3.828497887;2.240220785;2.590811729;2.594065189;3.038913727;2.133360839
1660;0;3.526471853;0;3.629986763;0;3.288934708;2.225523949;2.871316433;2.551752567;3.341681004;2.143566728
1661;0;2.961279154;0;3.420417309;0;3.76014185;2.351168156;2.168879271;2.298538208;2.373081446;1.933350539
1662;0;2.804427385;0;3.343239307;0;4.612418175;2.525357962;2.575347185;2.528819084;2.919708014;2.130931711
1663;0;4.016651154;0;3.340970039;0;4.576015472;2.27598691;2.78719306;2.590971231;3.794616461;2.338240433
1664;2.974424362;3.518816233;0;3.536595106;0;4.94597435;2.441671133;2.878902674;2.942070723;3.996549606;2.723500419
1665;2.697742224;3.606976748;0;3.323572397;0;4.497161865;2.43224597;3.092214823;2.851479769;4.35080719;2.685220098
1666;2.958023548;3.179652452;0;3.473327398;0;3.872508764;2.181702137;3.171801805;2.640892267;3.519290924;2.49971993
1667;2.638451099;3.183214426;3.004622221;3.234009504;0;3.861726999;2.566318274;3.433524132;2.624595165;3.316165209;2.786262703
1668;2.758735895;3.531949759;2.90388608;3.830385923;0;4.041797638;2.275936365;2.930466175;2.794374466;3.134415627;2.820194793
1669;2.930077553;3.00655055;2.701815605;3.278746367;0;3.837496758;2.46331048;2.675074577;2.787457943;3.049471617;2.673000145
1670;2.447846413;3.09273243;2.556183577;3.212562084;0;3.897977352;2.641849756;2.720942497;2.65687108;3.064484835;2.629145002
1671;2.345116854;2.848901272;2.36435461;3.57273531;0;3.924342394;2.144078016;2.41031599;2.535866976;3.057889938;2.520360136
1672;2.649605989;3.4771173;2.644377232;3.378495455;0;4.130429268;2.203618288;2.929963827;2.852548599;2.850193501;2.711634946
1673;2.499085426;3.179960966;2.673927546;3.323744535;0;4.168764114;2.254271507;2.573894739;2.553545237;2.969193935;2.619638801
1674;2.650966167;3.436348438;2.996840954;3.556330442;0;4.502517223;2.395883083;3.001622915;2.834522963;3.396633863;2.877166605
1675;2.168796301;2.625609636;2.188800812;3.386088371;0;3.764716625;2.602596521;2.179602146;2.480092764;2.818729877;2.421503305
1676;2.848970413;2.769444227;2.453822613;3.099712133;0;3.670143604;2.61360693;2.456446886;2.91922164;3.089725971;2.592109442
1677;2.992207527;3.099624634;3.258589268;3.401598215;0;4.46435976;2.408739328;2.861960173;2.757588148;2.840764046;2.80854311
1678;2.474723101;2.879198074;2.359065056;3.250724077;0;4.074700356;2.422094584;2.729028702;2.600049734;2.958776951;2.574836063
1679;2.382493019;3.010421038;2.436575651;3.224578142;0;3.889670134;2.495219707;2.828089476;2.524571419;2.497548103;2.528916669
1680;2.385002613;2.676460743;2.637706518;4.04838562;0;4.315910339;2.628495932;2.450277567;2.740190268;2.330671787;2.621310139
1681;2.638950109;3.062596083;2.087399244;3.498888254;0;3.53110075;2.420134306;2.691501379;2.799636602;2.960300684;2.569050741
1682;2.968261719;3.979786158;2.765352964;3.407670498;0;3.958567142;2.235996485;3.60424614;2.662822008;3.048292875;2.863099599
1683;2.743483305;3.567692757;2.868311882;3.372465372;0;4.557079315;2.187512159;3.334839821;3.466074228;3.13521862;2.923267746
1684;2.560811758;2.679305315;2.481104374;3.247189045;0;4.127893925;2.505725622;3.101919889;2.884205818;2.951102018;2.653925776
1685;2.527652025;3.317958593;2.481910229;3.204293251;0;3.812381029;2.691973925;2.885478735;2.698666573;3.049816608;2.667013097
1686;2.467414141;2.872274637;2.444352865;3.10209775;0;4.090109825;2.491019964;2.903959513;2.735341787;2.986868143;2.609343863
1687;2.514185429;3.2170403;2.501670837;3.305462599;0;3.746559858;2.485213041;3.188317776;2.746227026;3.039533854;2.674421072
1688;3.096730471;3.169266939;2.442760229;3.270015478;0;4.134215355;2.274677992;2.687310219;2.898263454;3.072576523;2.704581666
1689;2.697850227;3.349704027;2.632219315;3.679220676;0;4.604358673;2.50338769;2.753982544;2.614772558;2.919960737;2.775545645
1690;2.324951887;2.564188719;2.311361313;3.927086592;2.785879135;4.493247032;2.390021801;2.836038351;3.228447437;3.041547775;2.990277004
1691;2.850334167;2.871947527;2.214633226;3.089195251;2.746960402;4.950758457;2.391631126;3.037109613;2.838460684;2.960993052;2.995202351
1692;2.468338013;2.771176577;4.082805634;3.373487949;2.624532461;3.697731018;2.250966072;2.922231197;2.694621086;2.927247763;2.981313777
1693;2.829149485;3.584760189;2.200845242;3.215108633;2.532919407;5.02683115;2.639014244;4.006439686;2.873215199;3.127525091;3.203580832
1694;2.996329069;3.361997604;2.644214392;3.597915888;2.650076389;4.748950005;2.324208975;3.868396997;2.900527716;3.326627254;3.241924429
1695;1.909997106;2.705248594;2.350652456;2.856054783;2.495799303;2.798081636;2.758438349;2.154181242;2.936239958;2.657894611;2.562258804
1696;1.837219834;2.042571783;2.421839714;3.051286221;1.948107481;3.002794981;2.174456596;1.948593855;2.856909752;3.077761889;2.436154211
1697;2.857735634;2.94377017;2.323195457;2.976524115;2.357884169;4.359158516;2.629549026;2.958623409;2.500178099;2.996216536;2.890283513
1698;2.369652987;2.443324327;2.472751856;3.855296373;0;3.418383121;2.23425436;2.500617027;2.617049456;2.971174955;2.488250446
1699;2.744604826;2.508935213;2.177605629;2.866719484;2.610026598;4.125832081;2.250940561;2.661368608;2.758415461;3.122642517;2.782709098
1700;2.778688192;2.584314346;2.349124432;3.067822933;3.229722261;3.755016565;2.222627163;2.717978477;3.16256237;3.097172737;2.896502948
1701;2.758511066;3.356859684;2.238523006;3.008840322;3.29731226;4.129945755;2.316913128;3.546200752;2.822048903;3.020498037;3.049565291
1702;2.693954945;3.560567617;2.533873081;3.287584066;3.309808016;4.253277779;2.446129084;4.03716898;2.826152325;3.134526491;3.208304238
1703;2.676063061;3.085026264;2.431737423;3.056972027;3.281765223;3.951046228;2.324276924;2.795763016;2.79537487;2.920015335;2.931804037
1704;2.437099218;2.929543734;2.317620277;2.998548985;3.526414633;3.736589909;2.195654631;2.689759493;2.704213619;2.977666616;2.851311111
1705;2.593215704;3.007683992;2.385904551;2.980033636;3.59142065;3.385523081;2.191270113;2.574045658;2.826466084;3.067423105;2.860298657
1706;2.452754736;2.8805058;2.18915081;3.206620693;3.612544775;3.637605667;2.289157867;2.76977706;2.669706821;2.912744999;2.862056923
1707;2.633704901;3.163358927;2.430782795;3.173799038;3.529207468;3.639166594;2.128452539;2.958598852;2.664615154;3.107256889;2.942894316
1708;2.70100975;3.137009144;2.458017826;3.493032932;3.816498756;4.105415821;2.259278536;2.99386692;2.641285181;2.8474195;3.045283437
1709;2.815573692;2.855024099;2.249489307;3.209848881;3.535676003;3.873438358;2.204692364;2.965432644;2.282066345;2.846502066;2.883774376
1710;3.353648901;2.874364376;2.375860691;2.957104206;3.837986946;4.265769005;2.207838774;3.035012007;2.415169239;2.98231864;3.030507278
1711;2.060605764;2.417519093;1.94867897;3.122329473;3.612511873;1.821359873;2.514371157;2.161260366;2.056411982;2.495929956;2.421097851
1712;2.268013716;2.725612164;2.209017992;2.817148447;3.387310743;2.441782236;2.184737444;2.369466543;2.200869083;2.916910887;2.552086926
1713;3.132400513;3.305367947;2.583040714;3.304905415;3.528841734;2.817454576;2.105018616;2.624936342;2.618847609;3.12304306;2.914385653
1714;2.661061049;2.966058969;2.666109324;3.368280888;3.159516811;2.686833382;1.976420641;2.593644857;2.765972853;3.159590244;2.800348902
1715;2.413207054;2.625107527;2.267928362;2.932304144;3.51543045;2.331083775;2.198825598;2.438311338;2.355108261;2.720977306;2.579828382
1716;2.404529095;3.330216169;2.719894648;3.658600807;3.797976971;2.60838151;2.120748281;3.129978895;3.019842148;3.161738157;2.995190668
1717;2.648596525;2.986998558;2.461541891;3.765007019;3.669505358;2.984338045;2.417951584;2.488198519;2.939827204;3.298145294;2.966011
1718;2.510879993;3.005449533;2.360099316;3.29331708;3.221065044;2.452653885;2.187695742;2.587362528;2.853200436;3.218301773;2.769002533
1719;2.56720233;3.023428679;2.161809444;3.243706226;3.582296133;2.553648233;2.252391338;2.887700319;2.601775885;3.375455856;2.824941444
1720;2.443182945;2.89771986;2.286665916;3.262337446;3.903534174;2.319476604;2.23026228;2.882894278;2.622003555;3.09286809;2.794094515
1721;2.423205853;2.693431854;2.455749035;3.03622508;3.841052055;2.141909361;2.217539072;2.779753923;2.661339045;2.927007437;2.717721272
1722;2.4881742;3.144903898;2.496565819;3.299069881;3.30225873;2.259799957;2.182746887;2.795112133;2.595480442;3.046874762;2.761098671
1723;2.51209259;3.444782734;2.703277826;3.526809454;3.144545317;2.56508255;2.288077116;3.042085648;2.803619623;3.214506865;2.924487972
1724;2.589854956;2.675308466;2.133999348;2.993460894;3.546477556;2.04031086;2.323732853;2.777429342;2.402147293;2.979042768;2.646176434
1725;2.604335785;3.014743805;2.135479212;2.733245611;3.622558117;2.132747173;2.208908319;2.841928005;2.427252054;3.127117395;2.684831548
1726;2.651165962;3.37341857;2.811847448;3.107984781;3.467746735;2.537463665;2.000993967;3.278760672;2.798505545;3.407253504;2.943514085
1727;3.177869081;3.491765261;2.79297781;3.287715673;3.056170702;2.90291667;2.30051446;3.73935461;3.572950602;3.449576378;3.177181125
1728;3.282836437;3.270439148;2.817125797;3.195017576;3.010371447;2.842692852;2.451420069;2.929849863;3.116666555;3.537042618;3.045346236
1729;2.859959364;3.063633442;2.272703409;3.045223236;3.637739897;2.274430037;2.193506241;2.860471964;2.615187168;3.312240124;2.813509488
1730;2.48355937;2.757821798;2.104530811;2.767466307;3.884171009;1.849951148;2.629135609;2.15656805;2.832335711;2.801693916;2.626723373
1731;2.915431023;2.818902016;2.293595314;2.647746086;3.866477013;2.648636341;2.308417082;2.715119123;2.781496048;3.264775276;2.826059532
1732;4.080735683;3.529157877;3.086517811;3.179366112;3.318844795;3.157579899;2.114073515;3.593424082;3.668303013;3.899266481;3.362726927
1733;3.965951443;3.063007355;2.763375998;3.063007832;3.853934765;2.609429121;2.245872974;3.033730984;2.86776495;3.561578751;3.102765417
1734;4.106320858;3.188954353;3.028655291;3.109362602;3.33544302;2.744468212;2.24299407;3.289806604;3.367294073;3.520346642;3.193364573
1735;4.133146763;2.611160994;2.186799049;2.898426056;4.138480186;2.168135405;2.245871305;2.493522167;2.475489378;2.59792614;2.794895744
1736;3.929183245;3.07866478;3.218413591;2.92529726;3.523507833;2.572425842;2.191079617;3.019312382;2.814996004;3.127094746;3.03999753
1737;4.016142845;3.434581041;3.151920319;3.052700281;3.321285248;2.307890177;2.371454716;3.342927694;3.067992449;3.520170212;3.158706498
1738;4.228095531;3.843952894;3.040747643;3.28857851;2.88577795;2.556602955;2.260790825;3.023436546;2.624816656;3.278547049;3.103134656
1739;4.052092552;3.759203672;2.728355169;3.14960742;3.665788412;2.236456633;2.060572624;3.056774616;2.764300585;3.396331072;3.086948276
1740;3.241300106;3.560175657;2.420142412;2.701093912;4.481388569;1.839478731;2.293518305;2.440006733;2.756505966;3.105142832;2.883875322
1741;3.343141079;3.60708952;2.4185884;2.663449287;3.991210699;1.882460594;2.572637081;2.553250313;2.400187016;3.121203661;2.855321765
1742;3.394843102;2.966379642;2.043141842;2.428001642;3.725014448;1.799497724;2.448281288;2.302973747;2.360645533;2.908017635;2.63767966
1743;3.908932447;3.615698338;2.488725662;2.752776146;3.480905533;1.928165555;2.142882824;2.669478655;3.035128117;3.345630646;2.936832392
1744;3.294662714;3.392980814;2.39374423;2.477591038;3.136811018;1.738692403;2.182562113;2.295094252;2.398616791;2.681255102;2.599201047
1745;3.649294853;3.385802984;2.785544395;2.922027588;2.931594372;2.204195261;2.76773262;2.678752661;3.245004654;2.907743931;2.947769332
1746;4.032727718;3.51154232;3.003880978;3.05074501;3.456961632;2.284540176;2.610525131;2.938440561;3.066860914;3.298794746;3.125501919
1747;3.792614698;3.308187723;2.632946014;2.833291292;3.14400053;2.033380508;2.883038759;2.792877913;2.873253107;3.098617554;2.93922081
1748;3.8005445;3.612396002;3.37618351;3.08961606;3.654859543;2.249230862;2.084320068;2.979168415;3.041906118;2.89533186;3.078355694
1749;4.502899647;3.403965235;3.700354099;3.227523088;3.853070736;2.249785185;2.4059093;3.211261988;3.074601173;2.879011631;3.250838208
1750;4.67099905;3.535148382;4.15568924;3.018984556;3.572146654;2.236515284;2.211956263;3.485136271;2.960634708;2.98718667;3.283439708
1751;3.175673962;2.443068504;2.42229557;2.280783415;3.576541662;1.612259626;2.275119305;2.421353102;1.96661675;2.295291901;2.44690038
1752;3.928011656;2.818557978;2.572263002;3.152545214;3.881100178;2.064641953;2.340891361;3.034435034;3.065413713;2.865473032;2.972333312
1753;3.274811745;3.383636951;3.82197237;3.019896746;3.654122829;1.913857102;2.228886127;2.727522612;2.75077033;2.773988008;2.954946482
1754;3.539267778;3.491121769;3.231771708;2.839955568;2.727155209;2.118762016;2.197598457;3.157079697;2.877029896;2.83291173;2.901265383
1755;3.777491808;3.35432148;0;3.056628227;4.612671375;2.232438087;2.01013279;3.194049597;3.420993567;2.925339222;2.858406615
1756;4.396634102;3.252256393;4.671958923;3.252523899;3.996175289;2.284922838;2.265214205;3.50993681;4.083484173;3.071142912;3.478424954
1757;4.248673439;3.33346343;5.313617706;3.23980546;4.873694897;2.381410599;2.206256628;3.213915586;4.11798811;3.070854664;3.599968052
1758;4.201256752;3.365766764;4.907800198;3.535464764;4.737512112;2.533348083;2.226258278;3.712915659;3.687091589;3.223516703;3.61309309
1759;4.044598103;3.085730791;4.556774139;3.439754725;2.999343395;2.413171053;2.212529182;3.500525236;2.986764431;3.139000654;3.237819171
1760;3.781182766;3.515429497;3.784548759;3.313076258;4.275917053;2.301549911;2.200143814;3.216474295;3.588425636;3.152397871;3.312914586
1761;3.373793364;3.093981504;3.427411795;2.900084257;4.938650608;2.064324856;2.409297705;2.618134737;2.761417866;3.128391981;3.071548867
1762;2.686594248;3.095149279;2.157782555;3.85526967;3.937853098;1.590340137;2.587577343;2.407419443;3.001281738;2.600195885;2.79194634
1763;3.579085588;3.246095896;4.146011353;3.063023806;3.988897324;2.058897972;2.509101629;3.101747513;3.070383549;2.959525585;3.172277021
1764;3.144028664;2.771227598;3.869842052;2.763929605;3.721182823;2.103680611;1.903885841;3.644645691;2.58799696;2.751643181;2.926206303
1765;3.150994778;3.103365183;3.897029161;2.810014725;3.888929367;2.073790073;2.356824636;3.130450487;2.69316411;2.875705957;2.998026848
1766;3.614953041;3.474742413;4.489751816;2.97046876;4.343240261;2.350705862;2.279534817;3.374799252;3.340134621;2.821310282;3.305964112
1767;3.837093115;3.433938742;4.393823624;3.246657133;4.468543053;2.255791426;2.215620518;3.005093575;3.487966776;2.78907609;3.313360405
1768;3.656367064;3.352249384;4.024101734;3.2371521;4.212751389;2.118513823;2.651177406;3.242747545;3.163231611;2.99460268;3.265289474
1769;4.097978115;3.394006968;4.024040222;2.99915123;4.573253155;2.319489479;2.298761606;2.75218606;3.382180691;3.050947905;3.289199543
1770;3.317153215;3.054602385;3.602641106;3.134243727;4.122647285;2.472329617;3.011779547;2.63530755;2.752445221;3.116804123;3.121995378
1771;3.853211403;3.29734993;4.416786194;2.977871418;4.137526035;2.267468929;2.580467463;3.04585886;3.119681597;3.295017242;3.299123907
1772;3.741548777;2.789138556;3.674011946;2.681937456;3.954344034;2.228651285;2.587343931;2.841342211;2.571986914;2.767945051;2.983825016
1773;3.717857122;3.300838947;4.452613831;3.097748041;3.99743104;2.279118776;2.69364357;3.309602022;3.069378614;2.9828372;3.290106916
1774;4.039629459;3.626001596;4.748949528;3.384820223;4.543141365;2.19565773;2.281741142;3.593039036;3.552772045;3.089889765;3.505564189
1775;3.974066496;3.191318512;4.690896988;3.609148026;3.808793545;2.11590147;2.565478086;3.046957731;2.822900057;2.706786871;3.253224778
1776;3.837820768;3.38010025;3.774136782;3.426882029;4.142448902;2.175329924;2.365101099;3.220721006;2.922122478;2.903690577;3.214835382
1777;3.613624334;3.376486778;4.393348217;3.375209808;3.881177664;2.086427689;2.308705091;3.229186773;2.862058401;2.986652136;3.211287689
1778;4.368943691;4.059363842;5.529119492;3.837638617;4.400296688;2.218649864;2.547708035;3.657136679;3.499877691;3.290677071;3.740941167
1779;3.002962589;2.69689846;3.617231131;2.756049156;3.499294043;1.986973047;0;2.126423359;2.295584202;2.525120974;2.450653696
1780;2.736062288;2.558457851;2.941864491;2.260463953;3.897979021;1.905214667;0;2.2437675;2.318012714;2.44932127;2.331114376
1781;3.232933044;3.466732264;4.721184731;2.976333618;3.978250027;1.925443411;0;2.943402529;2.932990313;2.863857031;2.904112697
1782;4.35641861;4.055455208;4.796719074;3.353547096;4.221292496;2.29063344;0;3.455098152;3.803843975;3.332237482;3.366524553
1783;3.658398867;3.144542456;4.297982216;2.886389732;3.541010618;2.059319496;0;2.706083059;2.771198511;2.908643484;2.797356844
1784;3.915462732;3.712424278;4.509064674;3.14152956;3.605341434;2.340578556;0;3.141345501;3.456247568;3.265596151;3.108759046
1785;4.052384853;3.377516985;4.909328938;3.746019602;3.674549341;2.099428177;0;3.062144518;3.283384323;3.006849051;3.121160579
1786;4.361533165;3.688202858;5.157273769;4.162410259;3.526351213;2.433276892;0;3.378626347;3.213849783;3.423774481;3.334529877
1787;4.221765995;3.163786888;4.916460037;3.364399672;3.007394791;2.18576622;0;2.995530128;3.077643394;2.915110111;2.984785724
1788;3.890461445;3.088342667;4.504889965;3.271205425;3.020421743;2.275611401;0;2.896802187;2.953419924;2.916370392;2.881752515
1789;4.074196339;3.654094934;5.621822357;3.752351522;3.168583632;2.155915737;0;3.219738245;3.547427893;2.923183918;3.211731458
1790;3.92638135;3.203920126;4.544557095;3.386637211;3.078522444;2.066305161;0;2.994513273;2.978533268;2.818575859;2.899794579
1791;4.069913387;3.617901564;5.017928123;3.614302158;3.300865412;2.337499857;0;3.397205591;3.224195957;2.978494406;3.155830646
1792;4.560103893;3.284717083;5.187743187;3.706108809;3.183262348;2.227191687;0;3.330340147;3.187978745;2.886744499;3.15541904
1793;3.985447645;3.276632309;4.515506268;3.73776269;3.288718224;2.390584469;0;3.064465284;2.794870853;2.761147261;2.9815135
1794;3.654759884;3.007020473;3.710027933;3.059521198;2.444009304;1.893223643;0;2.580484629;2.482416391;2.801316261;2.563277972
1795;3.874610662;3.105930805;3.710297585;2.705440044;2.651221037;2.050982714;0;2.646696568;2.501295805;2.910445213;2.615692043
1796;4.009254456;3.555406332;4.201816559;2.819771767;2.636849403;2.216539145;0;2.547170639;2.730795622;2.858664036;2.757626796
1797;3.221088648;3.063616276;4.261891365;2.924612761;2.508955717;2.037416935;0;2.590782642;2.664072037;2.685370922;2.59578073
1798;4.02451086;3.544666529;5.04364109;3.557320356;2.985570431;2.379863739;0;2.977248669;2.381763458;2.962342978;2.985692811
1799;3.344516039;2.974246502;3.670155525;3.027198315;2.251377344;2.0310812;0;2.454414606;3.142801762;2.682603121;2.557839441
1800;3.69490695;3.696381807;4.061229706;2.959520578;2.715795755;2.113573551;0;2.680692196;2.505700111;2.864650965;2.729245162
1801;2.890623808;3.136521101;3.312859297;2.425992012;2.010399103;2.219614506;0;2.446218967;2.824447393;2.236294031;2.350297022
1802;3.198376179;3.074222565;3.69513464;2.785718918;2.253191233;2.025778532;0;2.38910079;2.629658937;2.432754517;2.448393631
1803;3.391180038;3.287034273;4.392535686;2.634270906;2.659184456;2.026700974;0;2.473478079;2.554306746;;2.602076795
1804;3.213440418;3.016170263;4.038627625;2.663453341;2.677788496;2.18038702;0;2.534474134;2.85843277;;2.575863785
1805;3.519148827;3.467260838;4.36574316;3.145997763;2.993323088;2.238069296;0;2.590638876;2.994568825;2.865716934;2.818046761
1806;3.332838774;3.294221878;3.540015697;2.620054245;3.203346252;2.188083887;0;2.420245886;2.687320709;2.700503349;2.598663068
1807;3.717220783;3.544755697;4.224146366;2.960629225;3.446546316;2.109402895;0;2.602384329;2.646525145;3.467544556;2.871915531
1808;3.344876766;3.50249362;3.978162289;2.999741077;3.668209791;2.356827021;0;2.629131556;3.075791597;3.407883406;2.896311712
1809;3.480860472;2.874278307;3.841892004;2.721199989;2.83113575;2.071134567;0;2.341871738;2.448960066;3.435960054;2.604729295
1810;3.479156017;3.508775949;3.920110703;3.026517153;2.795924664;2.183044672;0;2.639385462;2.73489213;3.121517658;2.740932441
1811;3.675525904;3.244316101;4.107766628;3.047011137;2.91810298;2.259499311;0;2.528745413;2.583358049;4.05252409;2.841684961
1812;3.408306837;3.182115316;3.696274519;2.839506149;2.869566441;1.935706973;0;2.430813074;2.605542898;3.726173878;2.669400609
1813;3.152600527;3.288249731;3.811684608;2.641175747;2.77356267;1.803592324;0;2.28847909;2.794887543;3.07262826;2.56268605
1814;3.421128988;3.222501755;3.915008783;2.672718763;3.15653944;2.089086056;0;2.401013136;2.737185001;3.708274126;2.732345605
1815;3.594394684;3.169122219;4.054242611;2.916080713;3.078731775;2.084553957;0;2.410128832;3.346469164;3.187009573;2.784073353
1816;2.732623339;3.918183088;3.574684143;2.41449523;2.350027323;2.009829998;0;2.161379576;3.315339804;2.816887856;2.529345036
1817;3.103291988;2.603015423;3.872585297;2.695028305;2.708879709;1.828379393;0;2.261366129;3.553061247;3.261777401;2.588738489
1818;2.798952818;3.221049786;3.351371288;2.382058144;2.867685795;1.828370452;0;2.335900307;3.975712538;2.143728733;2.490482986
1819;3.582536936;3.253998756;3.861962557;2.676855803;2.935833216;2.200585604;0;2.69742918;2.180869818;2.748147011;2.613821888
1820;3.012854338;3.686002731;3.899236917;2.824044943;2.751440525;2.060804367;0;2.51110673;2.508412838;2.858108521;2.611201191
1821;3.267039776;3.224846363;4.149941921;2.721264362;2.875367641;2.223264456;0;2.508892298;2.712233305;2.815728903;2.649857903
1822;3.217759848;3.631614923;3.474443197;2.439343214;2.438330173;1.987129927;0;2.672602654;2.814233541;3.26832509;2.594378257
1823;2.764729977;2.833558083;3.344278097;2.327642441;2.141763449;1.907282829;0;2.295833826;2.759553909;2.60997653;2.298461914
1824;2.575018167;2.873215914;3.139260054;2.403949738;2.118290424;1.836815;0;2.331150532;2.796345711;2.536409616;2.261045516
1825;3.213103294;3.593766689;3.599548817;2.605687857;2.604081869;2.448776484;0;2.637656927;3.064091444;2.844522476;2.661123586
1826;3.594658613;3.598959923;3.664763927;2.891753674;3.161513567;2.350380659;0;2.909926414;2.397595167;2.981722355;2.75512743
1827;3.574868441;3.281108856;3.531069756;2.563495636;2.684654713;2.240718603;0;2.776511192;2.25156951;3.153648376;2.605764508
1828;3.173358679;3.291940212;3.417760372;2.742423058;3.201697826;2.133993387;0;2.644712448;2.509355307;2.981683731;2.609692502
1829;3.437026262;3.377791882;3.615494013;2.648941994;3.033635616;2.166291475;0;2.508764029;2.82661891;2.986489058;2.660105324
1830;3.122543573;3.223053455;3.5149858;3.10145402;3.325939894;2.225779295;0;2.652718782;2.996528149;3.08804822;2.725105119
1831;2.965630531;3.326419353;3.302936554;3.500606298;3.12950635;2.541272879;0;2.41246748;2.835945129;2.97595787;2.699074244
1832;3.568004131;3.247092009;3.368524551;3.134255171;2.670221567;2.311789751;0;2.581131697;3.704870224;2.913239717;2.749912882
1833;3.345402479;3.303216219;3.686279774;3.04556489;3.225040913;2.269954443;0;2.840533018;3.487102985;2.767198324;2.797029305
1834;3.888922453;3.624601364;4.291766644;3.966204643;3.245922565;2.846609831;0;2.808032036;3.464152813;2.843620777;3.097983313
1835;3.15797472;3.172675133;3.500710964;3.441076756;2.848619461;2.332217932;0;2.566947699;3.226253033;2.812389135;2.705886483
1836;3.701830626;3.185925007;4.272257328;3.676601648;2.731934071;0;0;2.623872519;2.859146357;3.235277176;2.628684473
1837;3.331308365;3.210189104;3.233314514;2.692742348;2.872723818;2.987428904;0;2.208562613;3.5873909;3.57302618;2.769668674
1838;3.513777733;3.087493896;3.391735554;2.547260761;3.129429817;2.708723545;0;2.529548645;3.241421223;2.965763569;2.711515474
1839;3.685023546;3.158222198;2.752547979;2.969389677;3.464628458;2.799796104;0;2.557324886;2.868391037;2.918444872;2.717376876
1840;3.613434553;3.187795162;3.111209393;3.129012346;3.046902657;3.022871733;0;2.577892303;3.015147448;2.910736561;2.761500216
1841;3.630650759;3.185369015;2.437823057;2.716554403;2.8418262;2.715495825;0;2.34907937;2.965248823;2.855219126;2.569726658
1842;3.148137093;2.936292887;2.529054403;2.779935598;2.786165476;2.404190063;0;2.33873868;2.649560928;2.73079443;2.430286956
1843;3.579617023;3.17399478;3.063223839;3.10713768;3.311520338;2.817698956;0;2.592183828;3.344579697;3.070596933;2.806055307
1844;3.380595446;3.482825756;2.59854269;3.045716763;3.281288147;2.816541672;0;2.601102829;2.918689251;3.6596632;2.778496575
1845;3.533063889;3.17882967;2.868830919;3.064492702;3.281759024;2.550091505;0;2.82881856;2.645023346;2.943416595;2.689432621
1846;3.70303607;3.353579998;3.228703499;3.272554636;3.583259821;2.900954247;0;2.754805803;2.918820381;3.069664717;2.878537917
1847;3.838794231;3.524525404;3.870731354;3.075429916;3.228261709;2.680683136;0;2.707939863;3.432966948;3.17350173;2.953283429
1848;2.730696201;3.024013758;2.443407536;2.273222208;2.756976366;2.458919048;0;2.275895119;2.788183689;2.644798756;2.339611268
1849;3.483415365;2.552036762;2.377585888;2.435978889;2.878692627;2.407368898;0;2.418939114;2.972922087;3.040485144;2.456742477
1850;3.903630257;3.454610348;3.024024248;2.906736851;3.342456818;2.605021477;0;2.75541091;2.981110334;3.294922352;2.826792359
1851;3.408715963;3.369199514;3.069017649;2.936626434;3.106848478;2.488041401;0;2.632262945;2.728774309;4.074203014;2.781368971
1852;3.681912422;3.365759373;3.2356534;3.39314723;3.089843273;2.613200426;0;2.933377028;3.66787529;3.975013018;2.995578146
1853;3.212451935;2.692895889;2.879141808;2.815883875;2.414379358;2.434884071;0;2.462257385;3.268676758;2.844329596;2.502490067
1854;3.387041569;3.400247812;2.807201147;3.120726109;2.966629267;2.819245815;0;3.155601263;2.577390432;3.099686861;2.733377028
1855;3.942129374;3.212517262;3.445574045;3.340144396;2.928944588;3.130594492;0;2.892169476;2.973954916;3.163264751;2.90292933
1856;3.55056119;2.719399214;2.573362827;3.189179182;2.449204922;2.858538628;0;2.525537491;3.12069869;2.95016551;2.593664765
1857;3.552459478;2.979018927;2.588795185;2.674817562;2.572402;2.392882347;0;2.460102797;2.744108677;3.594717503;2.555930448
1858;3.880089045;3.369127274;4.331237793;3.686036825;2.648185015;3.214607954;0;2.892862797;2.815738916;3.012578487;2.985046411
1859;4.248909473;3.552577496;3.289760113;3.506884098;2.64323473;2.802643299;0;2.648679495;2.923168898;3.186068058;2.880192566
1860;3.873186588;3.034688234;3.268810034;3.355163097;2.69285059;2.639735222;0;2.655822754;2.787060738;3.239699364;2.754701662
1861;3.858311653;3.440259695;3.083017349;3.218155622;2.84203124;2.809206724;0;2.926718712;3.121836662;3.570931911;2.887046957
1862;3.874005795;2.797725439;2.766714811;3.093196869;2.813477993;2.653590202;0;2.698850393;3.057107925;3.494103909;2.724877334
1863;2.513887882;2.686805964;2.508134127;2.335690975;2.15605545;2.240964174;0;2.435092926;2.669059038;2.942052603;2.248774314
1864;3.126455069;2.742258549;2.228720427;2.750820398;2.439053774;2.412413597;0;2.438534498;2.722137928;3.019755363;2.38801496
1865;3.578737497;3.377280235;2.938142061;2.987696648;3.038712263;2.619287729;0;3.0087955;2.984839201;3.471170425;2.800466156
1866;3.356607914;2.917044401;3.032741785;3.123430729;2.732253313;2.466566563;0;2.770283461;2.789379597;3.143965244;2.633227301
1867;3.535848379;3.040571928;2.753871918;3.271178007;2.941408157;2.66282773;0;2.738539219;3.01342845;3.186232328;2.714390612
1868;3.606328487;3.338567734;3.048988819;3.506842852;3.402966022;2.902297497;0;3.11234808;2.950672626;3.381320238;2.925033236
1869;3.944655657;3.621264935;3.101271152;3.38754797;3.623818874;2.66184783;0;2.780874729;3.247672796;3.369818211;2.973877215
1870;3.314008713;3.361319542;3.117693663;3.377351522;3.649370909;2.693527699;0;2.961211681;3.248279095;3.294575691;2.901733851
1871;3.357646704;3.441077232;2.875420809;3.266984701;3.143217802;2.547264814;0;2.690083504;2.634670019;3.204411507;2.716077709
1872;3.227005959;2.990460873;2.752573252;2.865760088;2.767875671;2.543164253;0;2.669901133;2.75240016;3.232066631;2.580120802
1873;3.53183198;3.310165167;2.872475624;2.875684261;3.106857061;2.587996244;0;2.707692385;2.806997776;3.179275036;2.697897553
1874;3.709899664;3.086661816;2.746616125;3.118832588;2.92267251;2.684484482;0;2.76100421;2.796074629;3.381672382;2.720791841
1875;3.423413754;3.00465107;2.44618392;2.563279867;2.293281794;2.827442884;0;2.550246954;2.812661648;3.225953102;2.514711499
1876;3.031116486;2.983074665;2.717597485;2.759912491;2.67371726;2.497667313;0;2.638101578;2.592964888;3.0310781;2.492523026
1877;3.445127249;3.139816284;3.30191493;3.453348637;3.004393101;2.63000536;0;3.029866934;3.118603706;3.303431511;2.842650771
1878;4.18532896;3.797208309;3.977031946;3.593387604;3.258047581;3.076602221;0;3.179625988;3.073726177;3.127005339;3.126796412
1879;3.435206175;3.278207779;2.826973677;3.295204401;3.155109167;2.661928415;0;2.820120811;2.86891222;3.133982182;2.747564483
1880;3.311437845;2.884162664;3.128610373;2.79470706;3.586845636;2.566398621;0;2.746280909;2.629794598;2.936781883;2.658501959
1881;3.384523869;3.004018307;3.17986393;2.951412201;2.346756935;2.598576307;0;2.788307667;3.029365778;3.224648476;2.650747347
1882;3.724102497;3.096230507;3.387341499;2.911605597;3.051619053;2.844155788;0;2.899359941;3.076451778;3.367562056;2.835842872
1883;3.397628069;3.154590368;3.070835829;2.819977999;2.530650616;2.483952284;0;2.663923025;2.623696089;3.385985613;2.613123989
1884;3.30603838;3.022543907;2.876490116;2.615420818;2.800439358;2.622909546;3.162305593;2.735158205;2.759716272;3.176728487;2.907775068
1885;2.876284361;2.666498184;2.597027302;2.52081275;2.23896265;2.312993288;3.100826025;3.216730356;2.557960987;2.852112532;2.694020844
1886;2.430826187;2.415398359;2.077139616;1.942439318;1.937213182;2.133374214;2.764243603;2.672811508;2.559727907;2.418315172;2.335148907
1887;3.461006403;2.916119337;2.332467794;2.32029891;2.271609306;2.276600122;2.789425611;3.03890419;2.605274677;2.895292759;2.690699911
1888;3.427218437;3.448312283;2.900628328;2.825638056;2.937277794;2.440934181;2.974116087;3.494547606;2.817503929;3.308432579;3.057460928
1889;3.528354406;3.458856106;3.343806028;2.921149731;2.873559952;2.806015015;3.441053391;3.589514732;3.107406616;3.509547234;3.257926321
1890;3.683100939;3.632689714;3.307063103;3.308323622;3.009182692;2.646852493;3.477835417;3.749257088;3.081011772;3.551196814;3.344651365
1891;3.647576094;3.358011007;3.167341948;2.944565773;3.198009968;2.552913904;3.340671301;3.602311134;3.064408779;3.273074627;3.214888453
1892;3.315222502;3.072694778;2.564854383;2.756020784;2.618598938;2.760449409;3.241566181;2.975743532;2.666022778;3.228579998;2.919975328
1893;3.151441336;2.893393517;2.596121788;2.576128483;2.789940834;2.449051857;3.331322432;3.405189037;2.639555931;3.062705755;2.889485097
1894;3.397570848;3.49812007;3.200873852;2.830350876;3.177313805;2.545239687;2.882717848;3.572788954;2.866810799;3.412564993;3.138435173
1895;3.719083548;3.108648777;3.412019014;3.192168236;3.444356441;2.745977163;2.964037895;3.615813971;3.061933517;3.447818756;3.271185732
1896;3.24465394;2.959450245;2.823431969;2.74403882;2.467015743;2.717274427;3.073180199;3.228740692;2.831822157;3.008889437;2.909849763
1897;3.675348043;3.389719486;2.925830603;3.249196291;3.592782974;2.572037458;3.102312803;3.942362785;2.996533632;3.183842421;3.26299665
1898;3.688946486;4.124258041;3.221792221;3.165341854;3.970117092;2.588755369;3.15429163;4.075372219;2.890749931;3.412757397;3.429238224
1899;3.952738285;3.785948277;3.036251307;3.236773014;4.144880772;2.732996225;3.157621861;3.882869482;3.01875186;3.510428429;3.445925951
1900;2.725866795;2.162940979;2.268711329;2.462244511;2.387016535;2.188997984;3.08821106;2.86776042;2.318815708;2.554557562;2.502512288
1901;3.759337187;3.40609622;3.084334612;3.118917465;3.548868418;2.631917238;2.608132839;3.852563381;3.08638525;3.160069227;3.225662184
1902;3.957135677;3.639031887;3.398221016;3.227179527;3.844079494;2.989842653;3.304478407;3.893938541;3.072034359;3.433329582;3.475927114
1903;3.960606813;3.85243392;3.290004253;3.34657836;4.055279732;2.807478666;3.559265137;3.956686735;3.103888988;3.368369818;3.530059242
1904;3.544778585;3.583297729;3.329679728;3.022750616;3.846127748;2.581180334;3.38483572;3.532131433;2.938159943;3.651905537;3.341484737
1905;2.44357872;2.583536386;2.329115629;2.324119568;2.37633419;2.274053097;3.283272743;2.949725628;2.398047209;2.606726646;2.556850982
1906;3.079434872;3.057084322;2.458049297;2.689211369;2.721507788;2.432280064;2.791558743;3.111784697;2.615851641;3.075509071;2.803227186
1907;3.783902884;3.714036942;3.52699995;3.305178642;3.281647444;2.655182838;3.181121111;3.879161596;3.399653435;3.525739193;3.425262403
1908;3.902868271;3.570661306;3.428860188;3.143113375;3.643476725;2.403313637;3.497521877;3.846534252;3.117143393;3.231817245;3.378531027
1909;3.571023941;3.875088692;3.603046417;3.574707031;3.589190722;2.617237568;3.450350046;3.515530348;3.217212915;3.487529755;3.450091743
1910;2.948483706;2.683425903;2.395520926;2.480996132;2.420986652;2.22393322;3.368528843;2.791585445;2.477068663;2.426776171;2.621730566
1911;4.029797077;3.391296387;2.883917809;3.145681143;4.152367115;2.454945087;2.845109463;3.447653294;3.01224184;3.171541691;3.253455091
1912;3.971735954;3.612556219;3.44171381;3.577261686;3.320699215;2.664516449;3.177670479;3.625294209;2.918097019;3.170039892;3.347958493
1913;4.063942909;4.244464397;3.359669209;3.629366159;3.791733742;2.726570129;3.426657915;3.659133911;3.5526824;3.254974842;3.570919561
1914;4.243281364;3.710632324;3.072039604;3.612401247;4.04009819;2.924099207;3.443459272;3.803602219;3.292444944;3.407907486;3.554996586
1915;3.167792559;3.049879074;3.06498313;2.703648806;2.577666044;2.675583839;3.39009285;4.213655949;2.58912611;3.524732113;3.095716047
1916;3.218763113;3.212661266;2.461364508;2.823494434;2.682388544;2.435368776;2.724071741;3.019766569;2.455308199;3.259667397;2.829285455
1917;3.962670326;3.526217937;2.877195835;3.028670311;3.516616106;2.555202246;3.137711763;3.415317535;3.046229839;3.242311239;3.230814314
1918;3.462651253;3.018609285;3.118466616;2.888072252;2.523152113;2.53569603;2.784774065;2.934834003;2.675408602;3.469865322;2.941152954
1919;3.338285208;3.147581577;2.848298788;2.763540506;2.73427844;2.359334707;2.773183584;2.648835421;2.555273771;3.039961815;2.820857382
1920;2.625199795;2.522302389;2.218349457;2.601360083;2.361666918;2.370857954;2.738852501;2.60287118;2.334754467;2.573343277;2.494955802
1921;3.010162115;3.518139839;2.741185427;2.861718655;2.749163628;2.446291685;3.073786259;2.951089144;2.793376446;3.109658003;2.92545712
1922;3.103153229;2.924716234;2.924290419;2.674444675;2.593891859;2.486759186;2.887105227;2.779702425;2.595166922;2.715111971;2.768434215
1923;3.27073884;3.27325511;2.954274416;2.843113899;2.671584129;2.649950266;2.771647692;3.182678461;2.771780729;2.739379168;2.912840271
1924;2.743933201;3.05799675;2.551152706;2.829693556;2.960907459;2.494527102;2.910261631;2.869805813;2.522730827;2.958494186;2.789950323
1925;3.245908737;3.116515636;2.930065632;2.907053709;2.732237101;2.477459669;2.950490952;2.843832731;2.644330502;2.916490316;2.876438498
1926;3.457881927;3.602563143;3.017056704;2.895636559;2.73346138;2.657881737;2.983983994;3.150886059;2.767735958;4.374456406;3.164154387
1927;2.945897818;3.296509504;2.734130621;2.853075504;3.081350088;2.558392763;3.018460512;2.992877722;2.672592163;3.313108206;2.94663949
1928;3.300517082;3.732783079;2.96070528;2.737763882;3.067949295;2.46164465;3.063385487;2.77550602;2.647734165;3.761166334;3.050915527
1929;2.997070313;3.199120998;2.829735279;2.864268541;2.820046186;2.389524221;2.800916195;2.671898603;2.586413383;3.221805096;2.838079882
1930;3.561753273;3.49098444;2.858291864;2.941036463;2.856184483;2.656999588;2.965253592;2.991231441;2.75593257;3.173547745;3.025121546
1931;3.30199337;3.772034883;3.622012854;3.070796728;3.05851078;2.777930021;3.069145203;3.064818382;2.877518654;3.13071537;3.174547625
1932;2.74461937;3.349447012;2.713788509;2.849362612;2.965583086;2.421604395;2.743481398;2.609094858;2.60535121;3.239525795;2.824185824
1933;3.733700275;4.235476017;3.226064682;3.601688147;4.24474287;3.014490366;3.252788782;3.409267664;3.229424477;2.956093311;3.490373659
1934;3.473280907;3.716283083;3.043719053;3.231123924;3.330858707;2.487652302;3.045176506;3.464412689;2.821180582;3.043370247;3.1657058
1935;3.657909632;4.190273285;3.37338233;3.388606787;4.145209789;2.762564659;3.535588741;3.931983709;3.253824711;2.986870289;3.522621393
1936;3.260264874;3.061168432;2.927597523;3.004871368;3.801946402;2.495626926;2.863793135;3.17492795;2.835328817;2.929409981;3.035493541
1937;3.222989082;3.121014595;3.103168726;3.122299433;3.434156179;2.500606537;3.13956666;3.021590471;2.896908045;3.212593317;3.077489305
1938;3.982419014;3.566831827;3.45593977;3.503564119;4.165309429;2.769484997;3.430714369;3.658369541;3.242926359;3.108112097;3.488367152
1939;3.828721046;3.543848991;3.39523983;3.142055273;3.531537056;2.572281837;3.082060099;3.443306923;2.944522142;3.08681798;3.257039118
1940;4.422111511;3.746822596;3.405440331;3.556535482;4.032497883;2.638166428;3.658095121;3.569257975;3.155478001;2.973427534;3.515783286
1941;3.345510721;2.557812929;2.969441891;3.39084959;2.923603773;2.548462391;3.082905293;2.884539604;2.772356749;2.815832853;2.929131579
1942;3.462595701;3.139639139;2.954340696;3.244287729;3.026571274;2.633526325;3.19856596;3.064447641;2.760729074;3.283633471;3.076833701
1943;3.275866032;4.068854332;3.130962133;3.118427753;3.134507179;2.669517279;3.444683552;3.119620323;2.889121771;3.290696859;3.214225721
1944;3.6290977;3.955757618;3.538807631;3.47368598;3.977887154;3.106494904;3.332209587;3.3108356;3.272536516;3.327182531;3.492449522
1945;3.771924019;4.060805798;3.512311935;3.135813951;3.592688084;2.890604973;2.793120384;3.541566849;3.426163435;3.303438663;3.402843809
1946;3.39331913;3.545623302;3.104497671;3.286364555;3.095465183;2.626370907;3.031582117;2.786767006;3.132661104;3.015217543;3.101786852
1947;3.596356153;3.167349339;3.135051489;3.090037107;3.107132435;2.890399218;2.633697748;3.185388088;2.837551117;2.965319872;3.060828257
1948;3.004903078;2.840446711;2.786812305;2.908246756;2.631502867;2.60178256;3.179748058;2.711809397;2.509410143;2.900359154;2.807502103
1949;3.491856813;3.270175934;3.073792458;3.295887709;2.878665686;2.976764679;3.030975342;2.995021582;2.977938175;3.134634018;3.112571239
1950;3.273000717;3.148144484;3.020461559;2.969299316;2.720934391;2.602678776;3.806238651;2.871009827;2.559160948;2.974039793;2.994496846
1951;4.103637695;4.053058624;2.998028278;3.216820955;3.234090805;2.741341352;3.38233304;3.55121851;3.06990695;2.812396288;3.31628325
1952;3.910157681;3.517327785;3.220897198;3.305828333;3.53305006;2.6169765;3.335430861;3.489104509;3.216452599;3.052446604;3.319767213
1953;3.885481596;4.241370678;3.205490351;4.094420433;3.56441164;2.672536612;2.807893276;3.604480505;2.979935884;2.927062511;3.398308349
1954;3.584854841;2.718840361;3.032258987;3.704802275;2.549758434;2.433230877;3.178208828;2.887234449;2.56149435;3.13111639;2.978179979
1955;3.713965654;3.466269732;2.925794363;3.560016632;3.014542818;2.600578308;3.476196766;3.001390457;2.609447718;3.11068368;3.147888613
1956;3.9423666;3.59736824;3.459392309;3.957420111;3.715086699;2.71023941;2.848996401;3.666020393;3.005043983;3.051501513;3.395343566
1957;3.070250034;2.986557722;2.625512123;3.743390799;3.312660456;2.264070034;3.438449144;3.005031824;2.656505108;2.821514606;2.992394185
1958;4.204180241;3.298016548;2.896795988;3.861092567;3.584203959;2.731383324;3.411931038;3.527971268;3.069141388;3.192337513;3.377705383
1959;3.764723063;3.589259148;3.200628281;4.071316719;3.586999416;2.667330742;3.446153402;3.292367697;3.281558514;3.341555357;3.424189234
1960;4.323550224;4.296210766;3.025414944;3.909249067;3.644121885;2.761632204;3.344963074;3.714118481;3.377295971;3.392746449;3.578930306
1961;4.441442966;3.104016781;2.93738389;3.772513866;3.367721081;2.645272255;3.183778048;3.429349422;3.224773169;3.433021545;3.353927302
1962;3.280125618;2.905080318;3.225643158;3.492743254;2.850144625;2.360634089;3.218518972;3.274141788;3.381651878;3.233127594;3.122181129
1963;3.565021276;3.135271072;2.6315341;3.491635799;3.163136005;2.560991049;2.917737961;2.982560635;3.0452528;3.177734375;3.067087507
1964;3.255976677;2.979007721;2.679880857;3.328737259;2.720387936;2.642639399;3.36493659;2.992396593;2.718168974;3.18813014;2.987026215
1965;4.231277943;3.821690559;3.350087166;4.279737949;3.76295948;2.892323494;3.148726225;3.760233402;3.310996056;3.122638464;3.568067074
1966;3.584877729;3.203741312;2.823230267;3.603296041;3.223641634;2.513085842;3.204562426;3.326471329;3.00539732;3.105859995;3.159416389
1967;3.92950654;3.071282864;2.658545732;3.679688215;3.209294319;2.816781044;2.953716993;3.435533762;2.957823992;3.314660072;3.202683353
1968;3.699298143;3.039695501;2.844761848;3.58406806;3.141458511;2.770917892;3.082936287;3.350830317;2.869370461;3.42069602;3.180403304
1969;2.950617075;2.881771326;3.044989586;3.903731585;3.393354177;2.55841589;3.46182704;3.495449305;3.683851242;3.354068041;3.272807527
1970;4.134171963;3.87237072;3.656797171;4.198117733;3.568890572;2.459076643;3.205026865;3.953201294;3.313057423;3.54120636;3.590191674
1971;3.955337048;3.417122364;3.021239996;3.726195335;3.823619604;2.448745728;2.775796652;3.546214581;3.320474863;3.413950443;3.344869661
1972;3.174262762;2.789311886;2.783809185;3.431074142;2.978570461;2.165158272;3.124281168;3.227979422;2.883671045;3.62688303;3.018500137
1973;3.617726088;3.303263903;2.885149002;3.5367167;3.221995831;2.391976357;3.676229954;3.450163364;3.180883646;3.34270072;3.260680556
1974;3.763715982;3.453727961;3.182764292;3.801254749;3.420444965;2.394545555;3.130212069;3.478735447;3.443737745;3.471713543;3.354085231
1975;3.677617311;3.063944578;2.853769541;3.797279835;3.107997656;2.278656721;3.362156868;3.242623329;3.083904028;3.72658515;3.219453502
1976;3.355748892;3.108649731;2.935967445;3.666178226;2.684813738;2.36793232;3.190871954;3.363045216;3.139168501;3.54461503;3.135699105
1977;3.57561779;3.059282541;3.02161026;3.712549448;3.063085079;2.55860734;2.8627069;3.488106251;3.299588919;3.607982874;3.22491374
1978;2.66807723;2.985137224;2.489907265;3.48230958;2.875929832;2.306402683;2.876050234;3.098692894;2.495253086;3.821451664;2.909921169
1979;2.45345068;2.230931759;2.085134029;3.003799915;2.144733429;2.259375334;3.457250118;2.760522842;2.502340555;3.196509361;2.609404802
1980;2.763749599;3.01593852;2.375392675;3.218255281;2.635247707;2.353862286;3.230615377;3.012561083;2.889507771;3.416717529;2.891184783
1981;2.764631271;2.775846243;2.481150389;3.787750483;2.700016022;2.407024384;3.353546381;2.929400206;3.168493509;3.582927942;2.995078683
1982;3.271708012;3.293836832;2.74590373;3.726581573;3.300818205;2.496922731;3.324653864;3.533327579;3.280539513;3.895085335;3.286937737
1983;3.328909397;3.618837357;3.044719696;4.334606647;3.381337881;2.536406755;3.781068802;3.75717783;3.752004147;3.600912809;3.513598132
1984;2.318708181;2.02031374;1.983348489;2.958602905;2.164306402;1.997457623;2.83235693;2.634038687;2.485268593;3.349782228;2.474418378
1985;2.869604349;2.817430735;2.367592812;3.500577688;2.58384347;2.494515657;3.387235403;3.209280968;2.914516926;3.601825953;2.974642396
1986;3.053750038;3.068575144;2.618498087;4.062482834;2.982941866;2.270476341;3.744324446;3.292457819;3.065567493;3.729988337;3.18890624
1987;3.484327555;3.334471464;2.436962843;3.880100012;3.267077446;2.410829782;3.587982893;3.371006727;3.435860395;3.554191589;3.276281071
1988;2.765176058;2.945763826;2.865926504;3.719771624;2.75199604;2.230533838;3.297283888;2.836222172;3.013378143;3.449261904;2.9875314
1989;3.113471746;3.322409868;2.847294569;3.808646441;3.132686138;2.291450024;3.651218653;3.059780836;3.141436338;3.723361492;3.209175611
1990;2.956176281;2.944806337;2.651553869;3.813315392;3.133188486;2.44086194;3.427456617;2.942642927;3.232920885;3.847296238;3.139021897
1991;2.886442184;3.110465765;2.764393568;3.904949188;3.471868753;2.453498363;3.886013508;3.37818861;3.640882492;4.008236408;3.350493884
1992;2.238364935;2.147635698;2.544059753;3.065441132;2.333081961;2.186331987;2.77635026;2.520862579;2.609793663;3.711887121;2.613380909
1993;2.948949575;2.797007561;2.397614717;3.615922451;2.674989462;2.061303854;3.490972519;3.002441168;3.35187912;3.469240427;2.981032085
1994;2.79554534;3.159334898;2.609714985;4.327035904;3.047963858;2.382311106;4.109722137;3.485925674;3.476235151;3.750917912;3.314470696
1995;2.881909132;3.545499086;2.849593401;4.169650555;3.121761084;2.612933159;4.2158885;3.441277504;3.848163128;3.796435356;3.44831109
1996;2.559550047;2.736155987;2.477926016;3.495849609;2.641858578;2.268095255;3.058033705;2.805277586;3.019989729;4.00532341;2.906805992
1997;2.639916658;3.185186625;2.885463715;3.735650778;2.910077095;2.318942308;3.579520941;3.134143591;3.486200094;3.636044741;3.151114655
1998;2.294569492;2.72213316;2.602262735;3.782643557;2.655098438;2.272194147;2.927441835;2.972738028;3.080093861;3.763247728;2.907242298
1999;2.5883286;2.859165192;2.773855209;3.753846645;2.523461103;2.253105164;3.203759432;2.73465848;3.405520678;2.923650742;2.901935124
2000;2.388330698;3.325273752;2.489535332;3.600533962;2.7269454;2.313491821;3.513674736;3.014576197;4.453806877;3.046182394;3.087235117
2001;2.544425726;3.120525599;2.578623772;3.845248938;3.447644234;2.316450596;3.439424992;2.956507921;4.234414101;3.111869097;3.159513497
2002;2.736676455;2.898993492;2.564808846;3.721354246;2.675734997;2.195725679;3.298574209;3.123504162;3.93123889;2.995998621;3.01426096
2003;2.822514534;3.127640963;2.601554871;4.282155991;2.92500186;2.471638441;3.691025496;2.964479446;4.265378952;3.385859013;3.253724957
2004;2.589030027;2.928058386;2.468312979;3.571894407;2.746031761;2.246054173;3.091865778;2.698547125;3.551124096;3.012821674;2.890374041
2005;2.676141024;3.179370642;2.701301336;4.165524006;2.792550325;2.466667175;4.001876831;3.153623104;4.43631506;3.142992258;3.271636176
2006;2.584964275;2.999836922;2.853249311;3.964431763;2.895006895;2.50685358;3.615681171;3.041260958;4.013416767;2.905537844;3.138023949
2007;2.709555864;2.828320265;2.620756149;3.77310729;2.709859133;2.266818285;3.160360098;2.786938429;3.899461031;2.894371033;2.964954758
2008;2.758708954;3.588258266;2.941435575;4.012002945;2.700684071;2.600091934;3.180723667;3.129375935;4.285237789;3.211764812;3.240828395
2009;2.556713343;2.949679375;2.871554375;3.833269596;2.579375505;2.273347139;3.112313509;2.89401865;3.959074736;2.715567112;2.974491334
2010;2.432957411;2.592760801;2.504321337;3.421283245;2.803539276;2.36867404;3.095603704;2.898257971;4.391625404;2.910689592;2.941971278
2011;2.345818758;2.840466499;2.715114355;3.926207781;2.83966136;2.382462025;3.264529467;3.490737915;4.714557648;3.079931974;3.159948778
2012;2.338525295;2.966336966;3.214444876;3.803697824;3.078052998;2.355291605;3.028688669;3.145977974;4.193809032;2.865327358;3.09901526
2013;2.292668104;2.615280628;2.645298719;3.704350948;2.916304111;2.240144253;3.109415531;2.853880882;4.60354948;2.699512005;2.968040466
2014;2.578581095;2.924961329;2.384214878;3.600526333;3.073182821;2.515719175;2.983015776;2.858525515;3.601337433;2.691372871;2.921143723
2015;2.726861715;3.115662336;2.394667625;3.785565615;2.91145587;2.466878414;3.049379826;3.118578672;4.094425678;2.906128883;3.056960464
2016;2.392534494;2.996429443;2.555574894;3.463102341;2.761209726;2.300735474;3.039882898;2.743090153;3.684942484;2.624657154;2.856215906
2017;2.655784369;2.894467354;2.170341253;3.574101925;2.627984524;2.586284876;2.95109129;2.50135088;3.359346867;2.755817652;2.807657099
2018;3.14511776;2.928014278;2.24449563;3.654392481;2.453802109;2.277817965;2.745156765;2.636754274;3.654186964;2.673037052;2.841277528
2019;3.409142971;2.732303858;2.417907238;3.460866451;2.643842459;2.308663845;2.543105364;2.616689682;3.693245649;2.979473352;2.880524087
2020;3.552142859;2.862070084;2.339385748;3.339563847;2.712908506;2.420642853;2.778134823;2.473645926;3.847327948;2.804799557;2.913062215
2021;0;2.750234127;2.731340408;3.355180502;0;2.492977142;2.940059662;2.824952602;4.090404987;2.766547441;2.395169687
