year,DradCHO01_,DradCHO03_,DradCHO04_,DradCHO05_,DradCHO07_,DradCHO14_,DradCHO15_,DradCHO16_,DradCHO17_,DradCHO19_
1439,0,0,0,11.810464859008789
1440,0,0,0,15.227508544921875
1441,0,0,0,17.135047912597656
1442,0,0,0,17.175704956054688
1443,0,0,0,18.23451042175293
1444,0,0,0,18.059814453125
1445,0,0,0,19.979877471923828
1446,0,0,0,17.559541702270508
1447,0,0,0,18.051597595214844
1448,0,0,0,19.198274612426758
1449,0,0,0,19.474863052368164
1450,0,0,0,18.474626541137695
1451,0,0,0,19.59756088256836
1452,0,0,0,18.462125778198242
1453,0,0,0,15.167926788330078
1454,0,0,0,19.489797592163086
1455,0,0,0,16.590177536010742
1456,0,0,0,19.603891372680664
1457,0,0,0,20.855976104736328
1458,0,0,0,21.87111473083496
1459,0,0,0,21.592227935791016
1460,0,0,0,18.631351470947266
1461,0,0,0,20.50591468811035
1462,0,0,0,21.332103729248047
1463,0,0,0,21.777631759643555
1464,0,0,0,19.373445510864258
1465,0,0,0,19.40021324157715
1466,0,0,0,20.649686813354492
1467,0,0,0,22.118555068969727
1468,0,0,0,22.1827392578125
1469,0,0,0,18.97678565979004
1470,0,0,0,18.761377334594727
1471,0,0,0,19.235998153686523
1472,0,0,0,17.868837356567383
1473,0,0,0,20.685453414916992
1474,0,0,0,21.098796844482422
1475,0,0,0,20.55683135986328
1476,0,0,0,19.928007125854492
1477,0,0,0,19.839725494384766
1478,0,0,0,19.2774600982666
1479,0,0,0,19.286279678344727
1480,0,0,0,19.084209442138672
1481,0,0,0,19.79591178894043
1482,0,0,0,21.730871200561523
1483,0,0,0,18.40509605407715
1484,0,0,0,18.301708221435547
1485,0,0,0,15.860386848449707
1486,0,0,0,17.281620025634766
1487,0,0,0,14.42779541015625
1488,0,0,0,20.02294158935547
1489,0,0,0,19.675241470336914
1490,0,0,0,17.987762451171875
1491,0,0,0,20.345821380615234
1492,0,0,0,19.48092269897461
1493,0,0,0,16.84637451171875
1494,0,0,0,15.90531063079834
1495,0,0,0,17.975255966186523
1496,0,0,0,19.561777114868164
1497,0,0,0,19.814647674560547
1498,0,0,0,18.16465950012207
1499,0,0,0,19.816104888916016
1500,0,0,0,13.614032745361328
1501,0,0,0,17.314708709716797
1502,0,0,0,21.448930740356445
1503,0,0,0,21.361474990844727
1504,0,0,0,17.9227294921875
1505,0,0,0,17.97848129272461
1506,0,0,0,19.595123291015625
1507,0,0,0,22.11611557006836
1508,0,0,0,18.116098403930664
1509,0,0,0,21.968578338623047
1510,0,0,0,22.62027359008789
1511,0,0,0,19.521581649780273
1512,0,0,0,22.89283561706543
1513,0,0,0,22.96884536743164
1514,0,0,0,18.167091369628906
1515,0,0,0,19.001323699951172
1516,0,0,0,17.839990615844727
1517,0,0,0,22.46998405456543
1518,0,0,0,21.473901748657227
1519,0,10.988226890563965,16.40655517578125,22.65120506286621
1520,0,13.753497123718262,18.528047561645508,21.02325439453125
1521,0,15.672223091125488,0,23.673376083374023
1522,0,15.830366134643555,0,20.225034713745117
1523,0,16.244068145751953,18.20826530456543,19.435903549194336
1524,0,15.701112747192383,22.114437103271484,18.916366577148438
1525,0,16.53732681274414,22.735246658325195,23.59561538696289
1526,0,15.134307861328125,20.552961349487305,21.077688217163086
1527,0,16.426801681518555,20.128265380859375,21.99007225036621,0,0,13.91618537902832
1528,0,14.287627220153809,20.007240295410156,19.910751342773438,0,0,13.352916717529297
1529,0,17.05862808227539,19.28980255126953,24.077186584472656,0,0,13.248636245727539
1530,0,16.196741104125977,15.54843807220459,16.737464904785156,0,0,13.291180610656738
1531,0,18.46206283569336,18.788408279418945,18.43815803527832,0,0,15.848503112792969
1532,0,19.768281936645508,21.5931453704834,19.593320846557617,0,0,18.088363647460938
1533,0,18.812885284423828,20.236425399780273,21.706256866455078,0,0,20.596498489379883
1534,0,18.54670524597168,19.379016876220703,20.967416763305664,0,0,21.89923858642578
1535,0,18.001934051513672,17.83189582824707,19.96058464050293,0,0,21.33076286315918
1536,0,21.812345504760742,18.729936599731445,19.595108032226562,0,0,22.231109619140625
1537,0,21.076740264892578,19.211793899536133,18.03569984436035,0,0,19.10212516784668
1538,0,21.562788009643555,20.161312103271484,18.494701385498047,0,0,20.969419479370117
1539,0,22.295507431030273,17.531309127807617,18.849218368530273,0,0,20.945558547973633
1540,0,20.138473510742188,18.98291778564453,19.70989227294922,0,0,19.66889190673828
1541,0,16.917470932006836,16.628116607666016,19.1973934173584,0,0,20.950477600097656
1542,0,15.956329345703125,10.627347946166992,10.804787635803223,0,0,18.037796020507812
1543,0,15.4013671875,15.934569358825684,18.257389068603516,0,0,18.790849685668945
1544,0,19.674083709716797,19.24009132385254,19.510385513305664,0,0,22.70183753967285
1545,0,18.104135513305664,18.499237060546875,19.0264892578125,0,0,21.48666763305664
1546,0,17.850614547729492,16.38960075378418,15.241704940795898,0,0,19.938945770263672
1547,0,20.235610961914062,21.18297576904297,22.1381778717041,0,0,18.366336822509766
1548,0,20.912988662719727,20.030258178710938,19.73659896850586,0,0,17.12765884399414
1549,0,21.92363739013672,18.8992862701416,18.179363250732422,0,0,18.7039852142334
1550,0,21.615371704101562,19.081995010375977,19.641101837158203,0,0,20.64008140563965
1551,0,22.381704330444336,19.140010833740234,17.199329376220703,0,0,21.739315032958984
1552,0,21.92453956604004,20.70005226135254,21.152124404907227,0,0,19.790287017822266
1553,0,18.365535736083984,18.53743553161621,18.418498992919922,0,0,23.993534088134766
1554,0,21.10841941833496,21.96072769165039,18.769153594970703,0,0,20.163448333740234
1555,0,23.164997100830078,21.2608699798584,20.91712188720703,0,0,17.642000198364258
1556,0,23.874834060668945,23.293190002441406,20.51491928100586,0,0,19.648284912109375
1557,0,16.41126823425293,15.0237398147583,22.583024978637695,0,0,20.262441635131836
1558,0,21.08605194091797,22.817222595214844,22.00481414794922,0,0,23.634992599487305
1559,0,22.373050689697266,22.128795623779297,18.002134323120117,0,0,23.39873695373535
1560,0,19.21803855895996,18.012340545654297,18.53806495666504,0,0,21.698835372924805
1561,0,21.702041625976562,22.944164276123047,21.224590301513672,0,0,21.240360260009766
1562,0,20.059844970703125,19.530113220214844,15.695589065551758,0,0,20.968915939331055
1563,0,24.409608840942383,21.79376983642578,19.663986206054688,0,0,21.668277740478516
1564,0,23.616313934326172,20.352449417114258,19.097681045532227,0,0,21.694124221801758
1565,0,21.3887996673584,19.789199829101562,18.37128257751465,0,0,22.587705612182617,19.10689926147461
1566,0,18.606197357177734,17.683494567871094,18.54001808166504,0,0,17.42513084411621,16.676095962524414
1567,0,25.330623626708984,21.286706924438477,18.701454162597656,0,0,15.690837860107422,18.727432250976562
1568,0,25.111513137817383,23.426301956176758,21.801437377929688,0,0,15.626423835754395,18.118017196655273
1569,0,22.274187088012695,20.40223503112793,18.77248764038086,0,0,15.96209716796875,20.885272979736328
1570,0,21.859146118164062,24.29248046875,21.013072967529297,0,0,19.13753318786621,18.615942001342773
1571,0,20.2248477935791,17.81728744506836,17.735078811645508,0,0,16.44889259338379,19.32193374633789
1572,0,11.00101089477539,14.65291976928711,10.246070861816406,0,0,18.415332794189453,19.208175659179688
1573,0,19.735746383666992,21.76570701599121,21.320730209350586,0,0,20.35511589050293,16.297847747802734
1574,0,22.412168502807617,24.437843322753906,19.471805572509766,0,0,20.42584991455078,20.34566879272461
1575,0,20.198558807373047,20.637008666992188,21.408935546875,0,0,20.41440773010254,17.856935501098633
1576,0,15.34531021118164,18.449365615844727,16.239578247070312,0,0,20.661701202392578,20.97457504272461
1577,0,21.482223510742188,22.700225830078125,20.178653717041016,0,0,19.18620491027832,20.448381423950195
1578,0,22.49689292907715,23.181692123413086,18.208900451660156,0,0,23.250221252441406,20.168352127075195
1579,0,20.177003860473633,23.938037872314453,22.119340896606445,0,0,16.670421600341797,16.57347297668457
1580,0,15.250728607177734,11.067684173583984,15.531132698059082,0,0,18.70903968811035,21.257293701171875
1581,0,20.9849853515625,22.84625816345215,20.552616119384766,0,0,21.66513442993164,23.8553409576416
1582,0,24.099573135375977,23.834026336669922,21.20663833618164,0,0,19.289344787597656,18.56149673461914
1583,0,22.996755599975586,24.756174087524414,18.62554168701172,0,0,21.366424560546875,21.508525848388672
1584,0,24.242813110351562,0,21.667552947998047,0,0,20.113319396972656,18.85147476196289
1585,0,20.450971603393555,0,7.1025848388671875,0,0,18.17867088317871,13.576699256896973
1586,0,28.15191078186035,0,21.330408096313477,0,0,20.7720890045166,22.359304428100586,16.67780113220215
1587,0,24.961374282836914,0,20.624380111694336,0,0,19.74675750732422,24.564329147338867,19.127904891967773
1588,0,22.779644012451172,0,19.063188552856445,0,8.946757316589355,23.285451889038086,20.535409927368164,21.48566436767578
1589,0,21.621959686279297,0,17.30080223083496,0,10.300687789916992,23.069856643676758,16.60331916809082,19.096538543701172
1590,0,24.490978240966797,0,20.260074615478516,0,9.771844863891602,20.975278854370117,22.65249252319336,18.884397506713867
1591,0,29.314393997192383,0,21.229951858520508,0,10.513602256774902,17.980323791503906,25.201358795166016,19.988075256347656
1592,0,23.169635772705078,0,19.5457820892334,0,9.775810241699219,22.027549743652344,22.982715606689453,23.606868743896484
1593,0,25.179119110107422,0,19.47266387939453,0,9.558478355407715,26.007673263549805,21.121835708618164,18.463611602783203
1594,0,26.2559757232666,0,21.965166091918945,0,10.886757850646973,21.116586685180664,23.124605178833008,18.2730770111084
1595,0,28.195293426513672,0,21.91360092163086,0,10.819238662719727,26.003599166870117,22.985422134399414,19.975677490234375
1596,0,25.03366470336914,0,22.126323699951172,0,11.408763885498047,20.423294067382812,21.504735946655273,22.152687072753906
1597,0,25.886444091796875,0,12.031055450439453,0,12.092559814453125,14.107263565063477,18.63532829284668,21.909229278564453
1598,0,24.60729217529297,0,23.116390228271484,0,10.869935035705566,20.728702545166016,22.825054168701172,16.898479461669922
1599,0,26.432111740112305,0,21.511716842651367,0,12.97347640991211,23.972362518310547,23.4495906829834,21.514123916625977
1600,0,23.278024673461914,0,23.023279190063477,0,13.187533378601074,22.7076416015625,22.94182586669922,20.550174713134766
1601,0,21.7796630859375,0,18.988609313964844,0,12.853751182556152,22.227964401245117,20.291433334350586,21.25973892211914
1602,0,17.1424560546875,0,22.02810287475586,0,12.64140510559082,24.390459060668945,22.712234497070312,18.197566986083984
1603,0,17.328399658203125,0,22.937702178955078,0,11.916504859924316,22.89769172668457,23.509897232055664,19.221403121948242
1604,0,18.399375915527344,0,19.850650787353516,0,12.389105796813965,25.53044891357422,23.31828498840332,21.898557662963867
1605,0,14.811654090881348,0,14.0651273727417,0,13.266790390014648,11.536502838134766,15.944075584411621,22.114273071289062
1606,0,19.63845443725586,0,24.330577850341797,0,12.613317489624023,22.506959915161133,23.001977920532227,14.386039733886719
1607,0,21.067428588867188,0,23.178611755371094,0,13.536836624145508,25.958267211914062,23.575719833374023,20.813310623168945
1608,0,19.433015823364258,0,22.206941604614258,0,12.816621780395508,23.737289428710938,20.335214614868164,21.10357093811035
1609,0,18.484630584716797,0,17.54524803161621,0,13.86735725402832,23.801273345947266,19.79729461669922,19.264209747314453
1610,0,18.5850772857666,0,22.87400245666504,0,13.172024726867676,14.139739036560059,19.98682975769043,16.148853302001953
1611,0,18.63320541381836,0,22.768342971801758,0,13.064518928527832,23.442760467529297,16.50986099243164,17.825761795043945
1612,0,18.150842666625977,0,21.14896011352539,0,12.924654006958008,26.139617919921875,19.266361236572266,17.90390968322754
1613,0,20.173744201660156,0,24.745763778686523,0,14.903560638427734,22.808429718017578,22.025741577148438,17.28106689453125
1614,0,19.641908645629883,0,18.37088394165039,0,13.806893348693848,23.41114044189453,19.41471290588379,19.787723541259766
1615,0,19.450681686401367,0,23.74529457092285,0,16.64958953857422,21.3104190826416,20.8743839263916,16.97603416442871
1616,0,19.321056365966797,0,20.57697868347168,0,16.609067916870117,27.30929183959961,22.118207931518555,18.37138557434082,10.695418357849121
1617,0,19.325706481933594,0,16.58432960510254,0,17.407873153686523,23.105546951293945,17.965208053588867,17.295846939086914,17.127803802490234
1618,0,20.365678787231445,0,24.498762130737305,0,15.930400848388672,23.05647850036621,17.36602210998535,12.115458488464355,17.02875518798828
1619,0,15.97805404663086,0,15.777027130126953,0,15.949006080627441,25.4241886138916,12.187960624694824,16.488069534301758,16.661357879638672
1620,0,16.672557830810547,0,11.941282272338867,0,14.226640701293945,23.776611328125,13.89456844329834,8.8298978805542,16.241199493408203
1621,0,21.506576538085938,0,23.458208084106445,0,18.383895874023438,24.477800369262695,23.40350914001465,18.117042541503906,19.62725257873535
1622,0,18.604616165161133,0,17.098812103271484,0,17.07854461669922,18.28209114074707,18.143014907836914,12.300743103027344,19.44108009338379
1623,0,18.475311279296875,0,23.203527450561523,0,17.693405151367188,22.393796920776367,21.002456665039062,18.699684143066406,19.37670135498047
1624,0,19.562776565551758,0,23.589113235473633,0,17.429595947265625,24.018749237060547,19.001741409301758,18.103408813476562,19.576452255249023
1625,0,21.284366607666016,0,23.072982788085938,0,16.825138092041016,23.006603240966797,20.117006301879883,18.401866912841797,18.451251983642578
1626,0,26.200151443481445,0,24.877962112426758,0,18.258228302001953,21.88321876525879,22.1788330078125,19.63707160949707,21.21858024597168
1627,0,22.736656188964844,0,17.19545555114746,0,19.025724411010742,21.986492156982422,20.399837493896484,15.602412223815918,21.576139450073242
1628,0,21.23122787475586,0,15.844600677490234,0,15.785898208618164,24.792322158813477,19.817167282104492,15.84880256652832,19.180723190307617
1629,0,20.317663192749023,0,17.415842056274414,0,16.824840545654297,23.03114128112793,19.340625762939453,15.904865264892578,20.231704711914062
1630,0,19.210737228393555,0,23.411012649536133,0,17.05600357055664,23.13434410095215,20.785099029541016,17.824037551879883,17.948997497558594
1631,0,23.34693145751953,0,22.75382423400879,0,17.077552795410156,22.827146530151367,21.210758209228516,18.4315128326416,20.38214111328125
1632,0,22.929574966430664,0,14.396163940429688,0,16.068199157714844,21.279638290405273,18.20562744140625,12.636957168579102,19.62128257751465
1633,0,25.150999069213867,0,16.952733993530273,0,17.40089988708496,21.436992645263672,21.333375930786133,17.1050968170166,22.346654891967773
1634,0,23.886219024658203,0,17.22083854675293,0,18.834936141967773,21.479663848876953,18.74303436279297,11.89124870300293,20.832178115844727
1635,0,22.83738899230957,0,13.432830810546875,0,17.649770736694336,23.526172637939453,18.78126335144043,10.887032508850098,19.406736373901367
1636,0,21.05876350402832,0,15.913383483886719,0,16.72406578063965,23.627527236938477,18.10909080505371,11.818406105041504,19.211076736450195
1637,0,21.66887092590332,0,17.03971290588379,0,16.30542755126953,25.175067901611328,17.894805908203125,14.480569839477539,20.871883392333984
1638,0,22.517480850219727,0,17.51461410522461,0,17.868757247924805,24.427576065063477,18.373233795166016,19.035890579223633,20.230073928833008
1639,0,25.062124252319336,0,22.54704475402832,0,17.538766860961914,24.15935707092285,17.311429977416992,16.818675994873047,23.12160301208496
1640,0,27.429258346557617,0,19.848323822021484,0,20.036975860595703,23.690893173217773,23.772722244262695,18.671836853027344,24.126741409301758
1641,0,24.993412017822266,0,22.389009475708008,0,20.22243881225586,20.06061363220215,20.632553100585938,15.277130126953125,21.874820709228516
1642,0,16.501176834106445,0,20.09314727783203,0,10.12852668762207,25.41238021850586,12.255216598510742,19.301006317138672,17.207443237304688
1643,0,14.942597389221191,0,11.566267967224121,0,11.782544136047363,18.031112670898438,13.870732307434082,18.434572219848633,9.331456184387207
1644,0,23.904685974121094,0,22.017423629760742,0,15.864068984985352,17.141149520874023,19.425777435302734,16.504013061523438,21.611061096191406
1645,0,9.214194297790527,0,10.770461082458496,0,17.695425033569336,24.158554077148438,7.927501201629639,16.24982452392578,13.798421859741211
1646,0,23.14808464050293,0,19.64012336730957,0,19.57612419128418,16.299026489257812,18.443096160888672,17.364866256713867,19.963987350463867
1647,0,25.982078552246094,0,21.834871292114258,0,17.46074867248535,22.964452743530273,21.854259490966797,19.528493881225586,22.38409996032715
1648,0,25.249292373657227,0,19.3750057220459,0,16.64342498779297,19.325424194335938,21.221765518188477,16.917953491210938,22.618820190429688
1649,0,25.060396194458008,0,24.122774124145508,0,14.54202651977539,24.635927200317383,22.39247703552246,9.426148414611816,23.10759162902832
1650,0,23.683420181274414,0,19.853321075439453,0,11.154528617858887,27.072778701782227,17.779098510742188,17.256742477416992,21.85955810546875
1651,0,20.731382369995117,0,10.071581840515137,0,16.055824279785156,20.038848876953125,16.419570922851562,17.81111717224121,21.953805923461914
1652,0,22.262680053710938,0,20.718029022216797,0,13.889420509338379,16.435321807861328,20.54927635192871,17.875356674194336,22.639631271362305
1653,0,11.182756423950195,0,23.18807601928711,0,13.077064514160156,24.08456802368164,23.534610748291016,8.656855583190918,23.4906063079834
1654,0,20.99761962890625,0,21.176551818847656,0,14.696884155273438,23.242874145507812,19.036151885986328,15.280384063720703,22.115427017211914
1655,0,28.054731369018555,0,22.131820678710938,0,16.37480926513672,24.743932723999023,19.644468307495117,17.020994186401367,22.935688018798828
1656,0,25.093347549438477,0,20.14056396484375,0,14.26871109008789,21.293441772460938,23.668001174926758,16.11526870727539,20.00752830505371
1657,0,23.028789520263672,0,20.770092010498047,0,15.252744674682617,24.4600887298584,22.88300895690918,16.45948028564453,23.13886070251465
1658,0,27.291973114013672,0,23.00104331970215,0,13.649909019470215,18.691558837890625,20.524511337280273,15.999874114990234,22.67534637451172
1659,0,22.618358612060547,0,21.259254455566406,0,18.559667587280273,17.057580947875977,20.5834903717041,17.24484634399414,20.62481117248535
1660,0,27.656293869018555,0,21.522531509399414,0,18.641939163208008,19.98578643798828,21.983848571777344,19.350971221923828,23.753772735595703
1661,0,15.79694652557373,0,7.913458347320557,0,16.610307693481445,22.182090759277344,18.69059944152832,8.83013916015625,19.783361434936523
1662,0,20.21356964111328,0,17.270273208618164,0,16.34245491027832,24.681446075439453,20.900365829467773,14.176767349243164,21.79231071472168
1663,0,24.41695785522461,0,24.076749801635742,0,14.070470809936523,20.168943405151367,22.57554817199707,17.69757652282715,22.679540634155273
1664,7.7137250900268555,27.0932559967041,0,25.776390075683594,0,15.187474250793457,24.10275650024414,23.98029327392578,19.952308654785156,21.847993850708008
1665,13.280762672424316,23.059438705444336,0,21.05008316040039,0,17.351503372192383,21.722488403320312,22.390518188476562,17.352502822875977,20.13136863708496
1666,14.860969543457031,26.15119743347168,0,20.71699333190918,0,21.508378982543945,12.087437629699707,23.088829040527344,17.484786987304688,24.07602310180664
1667,17.148242950439453,23.018308639526367,14.42251968383789,21.179338455200195,0,19.168888092041016,21.376523971557617,19.093931198120117,17.428571701049805,23.822834014892578
1668,16.670019149780273,19.730316162109375,18.0670108795166,12.397872924804688,0,18.26078987121582,19.262256622314453,22.27571678161621,14.158806800842285,23.03594398498535
1669,16.529102325439453,23.2906436920166,20.11786460876465,22.33524513244629,0,20.811670303344727,24.887977600097656,23.409461975097656,14.471230506896973,23.75813102722168
1670,17.394184112548828,26.55409812927246,20.531009674072266,23.50857162475586,0,19.608928680419922,22.558568954467773,25.366043090820312,18.179044723510742,24.706680297851562
1671,18.127119064331055,23.9320125579834,19.108736038208008,17.521982192993164,0,20.646984100341797,19.29383659362793,24.209001541137695,18.68111801147461,24.015254974365234
1672,19.963016510009766,26.144947052001953,19.612960815429688,23.40423583984375,0,20.32244300842285,14.555442810058594,26.026273727416992,17.3697509765625,28.690696716308594
1673,21.48851203918457,26.243440628051758,21.789825439453125,23.242197036743164,0,22.235815048217773,21.215200424194336,27.996091842651367,19.094621658325195,29.115278244018555
1674,23.33122444152832,29.87761878967285,22.317052841186523,25.585792541503906,0,22.7043514251709,24.048830032348633,27.53108787536621,18.75419044494629,27.357595443725586
1675,18.21312713623047,14.54322338104248,18.977766036987305,13.078388214111328,0,17.828500747680664,20.8668155670166,17.20126724243164,15.3536958694458,21.076950073242188
1676,13.462536811828613,22.398685455322266,17.233415603637695,17.342079162597656,0,13.808579444885254,22.38746452331543,18.099899291992188,18.8397159576416,27.691329956054688
1677,19.26936912536621,31.15877342224121,19.845996856689453,26.654800415039062,0,20.245616912841797,21.669002532958984,25.465682983398438,20.18830680847168,25.94354820251465
1678,22.71239471435547,26.551090240478516,21.870649337768555,24.9749813079834,0,21.231918334960938,23.24966812133789,23.918472290039062,10.555744171142578,24.001583099365234
1679,22.30023193359375,27.469629287719727,26.512344360351562,22.20683479309082,0,24.297883987426758,23.374849319458008,24.44732666015625,19.01658821105957,19.222217559814453
1680,16.561010360717773,22.855897903442383,10.616820335388184,15.109556198120117,0,16.183298110961914,21.712413787841797,17.1010684967041,8.786822319030762,16.275409698486328
1681,21.939899444580078,29.010557174682617,17.56321144104004,13.530611038208008,0,18.896194458007812,22.73439598083496,21.46112823486328,16.464515686035156,23.926393508911133
1682,20.734487533569336,20.574060440063477,22.0173397064209,25.576515197753906,0,21.73844337463379,18.7429256439209,23.136987686157227,21.158039093017578,25.033910751342773
1683,22.820106506347656,24.858078002929688,17.085962295532227,18.112735748291016,0,16.84099578857422,18.661222457885742,17.763517379760742,15.55408763885498,22.065149307250977
1684,22.060405731201172,5.966256141662598,22.213973999023438,21.188282012939453,0,23.273143768310547,22.081083297729492,21.83820915222168,18.296131134033203,23.911334991455078
1685,19.40912437438965,21.502944946289062,19.93422508239746,20.425682067871094,0,22.989110946655273,23.912981033325195,22.154926300048828,14.899206161499023,21.639257431030273
1686,24.221765518188477,28.564592361450195,21.008848190307617,25.194501876831055,0,24.50228500366211,20.690942764282227,23.793270111083984,17.44833755493164,26.563125610351562
1687,20.552541732788086,23.54216957092285,20.618850708007812,22.429759979248047,0,22.25613021850586,21.474403381347656,19.700531005859375,16.928936004638672,21.821027755737305
1688,17.265499114990234,20.085920333862305,17.608427047729492,19.65961265563965,0,16.44675064086914,21.823469161987305,15.626961708068848,14.496495246887207,21.98531723022461
1689,24.302988052368164,25.762813568115234,17.881576538085938,25.27937126159668,0,19.753189086914062,20.160266876220703,18.74068260192871,17.265697479248047,23.91860580444336
1690,21.000598907470703,15.76846694946289,9.28839111328125,11.02220630645752,8.02199935913086,20.03271484375,21.396774291992188,12.794020652770996,9.906126976013184,12.813826560974121
1691,22.72222137451172,26.67738914489746,20.504581451416016,24.268657684326172,11.237299919128418,18.233667373657227,23.839460372924805,23.1466007232666,17.864398956298828,24.066211700439453
1692,19.812484741210938,24.779266357421875,11.782327651977539,9.728845596313477,12.816408157348633,22.120256423950195,23.64444351196289,20.506868362426758,14.236443519592285,21.183368682861328
1693,25.159624099731445,24.847848892211914,19.85613250732422,20.120342254638672,12.345939636230469,17.08785057067871,25.286762237548828,19.430362701416016,18.123746871948242,28.24639320373535
1694,19.26918601989746,24.355379104614258,21.213048934936523,26.339012145996094,15.484777450561523,16.388778686523438,26.94733238220215,18.16642951965332,16.736591339111328,21.107725143432617
1695,18.427669525146484,16.988134384155273,16.373945236206055,3.9339041709899902,15.374424934387207,10.231538772583008,24.69025230407715,21.570194244384766,13.247883796691895,22.686521530151367
1696,5.724695205688477,8.760066032409668,7.999715805053711,18.380413055419922,13.986985206604004,14.258058547973633,14.00288200378418,14.119325637817383,18.505983352661133,28.614137649536133
1697,20.254772186279297,26.999696731567383,20.91317367553711,24.849151611328125,15.826393127441406,16.7017765045166,24.58160400390625,20.883169174194336,17.69194793701172,16.279190063476562
1698,12.756417274475098,9.701632499694824,9.455815315246582,13.848458290100098,0,12.124883651733398,23.680002212524414,12.270787239074707,17.732763290405273,8.315272331237793
1699,19.246524810791016,26.038646697998047,19.982925415039062,22.577417373657227,13.69503402709961,19.029619216918945,21.8604679107666,21.9771785736084,16.659805297851562,20.1754093170166
1700,23.474634170532227,29.767200469970703,18.876075744628906,20.37552261352539,14.798195838928223,23.042985916137695,21.21637725830078,24.924856185913086,16.866212844848633,27.016815185546875
1701,23.400218963623047,22.410175323486328,19.604116439819336,23.53243064880371,12.975322723388672,18.06089210510254,24.503360748291016,20.777118682861328,18.4786319732666,23.487550735473633
1702,24.27423095703125,23.62737274169922,21.576759338378906,21.542753219604492,14.650144577026367,19.777734756469727,20.919677734375,21.122575759887695,17.562049865722656,25.98172378540039
1703,22.98109245300293,24.490890502929688,19.924772262573242,19.420766830444336,17.214780807495117,20.433727264404297,23.19695472717285,23.99347686767578,17.073871612548828,28.31601333618164
1704,25.820178985595703,28.523582458496094,21.85875129699707,22.841793060302734,13.186702728271484,24.030376434326172,20.312164306640625,29.587387084960938,18.580413818359375,29.352460861206055
1705,23.30031394958496,26.311710357666016,22.462520599365234,20.489702224731445,16.926773071289062,20.389095306396484,24.293420791625977,27.532642364501953,18.36961555480957,26.4868106842041
1706,20.337116241455078,24.919462203979492,20.26675796508789,20.33255386352539,17.142776489257812,20.75346565246582,22.200359344482422,26.563241958618164,18.50910186767578,26.032245635986328
1707,22.512657165527344,28.4256591796875,22.435100555419922,23.99126625061035,18.90724754333496,23.211942672729492,16.23056411743164,26.940628051757812,18.19052505493164,27.001136779785156
1708,24.384702682495117,27.409170150756836,21.82431411743164,23.104154586791992,17.945178985595703,23.47312355041504,19.260387420654297,28.700061798095703,19.538787841796875,28.357885360717773
1709,22.45583152770996,21.266983032226562,20.188615798950195,21.96221160888672,16.561214447021484,21.419002532958984,23.282520294189453,24.72560691833496,8.835424423217773,21.50040054321289
1710,23.85306167602539,27.572019577026367,21.93462371826172,25.77871322631836,19.49421501159668,19.927881240844727,17.45282745361328,26.774438858032227,12.550361633300781,28.619009017944336
1711,21.513505935668945,20.185508728027344,19.509021759033203,7.496850967407227,16.58332061767578,20.099733352661133,24.52958106994629,22.336429595947266,16.056245803833008,20.73280143737793
1712,24.733863830566406,27.557748794555664,20.95323944091797,22.666990280151367,18.390127182006836,24.283613204956055,19.998695373535156,25.79599380493164,20.56731414794922,24.979074478149414
1713,22.99209213256836,25.36170768737793,18.86066436767578,21.029354095458984,18.44987678527832,20.8590030670166,20.505876541137695,21.9252986907959,15.85781478881836,22.349042892456055
1714,25.44923210144043,26.165882110595703,22.74007225036621,24.693809509277344,18.031570434570312,23.685945510864258,20.594707489013672,24.530467987060547,16.238117218017578,23.60983657836914
1715,27.916648864746094,29.743196487426758,22.228830337524414,22.526660919189453,18.24234390258789,25.920263290405273,18.53059196472168,24.091140747070312,18.62981414794922,23.6419677734375
1716,27.31719398498535,26.317874908447266,18.512432098388672,22.6740779876709,16.429643630981445,25.357513427734375,20.748401641845703,22.186038970947266,16.69903564453125,23.71174430847168
1717,21.15184211730957,18.93245506286621,16.583084106445312,14.54137897491455,21.219133377075195,18.61202621459961,19.338008880615234,19.533306121826172,13.259068489074707,20.352800369262695
1718,24.76068115234375,22.791521072387695,22.266944885253906,19.12806510925293,20.36252784729004,24.648563385009766,22.449304580688477,22.77511215209961,17.25916290283203,22.01588249206543
1719,26.79755973815918,25.492448806762695,23.021535873413086,25.334802627563477,17.563276290893555,26.403833389282227,24.170368194580078,26.04745101928711,17.08281135559082,23.479719161987305
1720,30.270326614379883,30.96650505065918,24.290691375732422,26.630308151245117,14.681123733520508,27.913707733154297,21.597536087036133,26.6535701751709,18.646976470947266,25.165103912353516
1721,28.31687355041504,28.487577438354492,23.695463180541992,24.207712173461914,17.93552589416504,26.20857810974121,22.484800338745117,26.535545349121094,19.967607498168945,25.10618019104004
1722,27.46561050415039,27.66062355041504,23.494930267333984,22.032848358154297,17.674421310424805,25.871631622314453,23.783077239990234,22.989892959594727,17.84909439086914,24.780973434448242
1723,31.18270492553711,28.012516021728516,21.594881057739258,25.480737686157227,18.5750732421875,25.49070167541504,22.82476234436035,27.174285888671875,18.168781280517578,26.424108505249023
1724,27.368051528930664,24.849227905273438,23.590003967285156,22.17750358581543,20.750904083251953,24.15793228149414,21.23662757873535,23.850908279418945,18.47425079345703,24.13567352294922
1725,24.813108444213867,22.491430282592773,17.6688289642334,20.266887664794922,20.59222984313965,18.65526008605957,20.259693145751953,22.64409637451172,18.2382755279541,21.094133377075195
1726,26.021610260009766,27.681190490722656,20.52130699157715,24.763639450073242,21.775819778442383,24.324846267700195,23.18670082092285,25.222768783569336,17.685565948486328,24.718257904052734
1727,24.24757194519043,23.776281356811523,21.475872039794922,23.76825714111328,19.303531646728516,22.744150161743164,20.781002044677734,22.32832145690918,17.618227005004883,24.99483299255371
1728,24.107290267944336,27.215087890625,21.232378005981445,25.14569091796875,17.908533096313477,25.5036563873291,23.39899253845215,24.208938598632812,18.76458740234375,25.61958122253418
1729,24.528703689575195,26.091083526611328,30.359058380126953,23.545381546020508,19.143211364746094,23.46291732788086,23.93604850769043,24.559843063354492,16.343914031982422,25.382349014282227
1730,20.73009490966797,8.107264518737793,12.443801879882812,10.79279899597168,19.72101593017578,18.094472885131836,21.607177734375,18.251989364624023,10.046773910522461,18.22603988647461
1731,21.29262351989746,25.573789596557617,21.89665985107422,18.683364868164062,19.73731231689453,21.758459091186523,13.943502426147461,24.26253318786621,17.993913650512695,24.914146423339844
1732,20.664997100830078,27.47080421447754,21.224369049072266,24.291763305664062,19.34440040588379,22.192567825317383,23.139062881469727,23.426097869873047,15.679228782653809,22.629423141479492
1733,26.591510772705078,27.48904800415039,23.960601806640625,23.982620239257812,14.983593940734863,26.61789894104004,25.579587936401367,26.464954376220703,18.425661087036133,25.54476547241211
1734,28.078886032104492,27.688304901123047,23.25923728942871,26.46489906311035,18.868715286254883,26.437332153320312,25.232255935668945,23.267362594604492,19.576353073120117,26.82820701599121
1735,27.92144012451172,27.70412826538086,24.70550537109375,27.108732223510742,20.571300506591797,25.383024215698242,24.361679077148438,26.23457908630371,20.86492156982422,24.098257064819336
1736,26.134347915649414,28.182371139526367,18.82004165649414,25.56069564819336,22.377758026123047,24.823894500732422,23.45423698425293,26.512372970581055,19.192413330078125,26.40764617919922
1737,19.827667236328125,22.168521881103516,16.46257972717285,16.668079376220703,21.711772918701172,17.061599731445312,25.814897537231445,17.472129821777344,15.571643829345703,19.97626304626465
1738,25.65976333618164,35.45043182373047,22.431859970092773,21.91718101501465,22.20914649963379,23.53138542175293,22.03417205810547,26.82770347595215,19.52943992614746,24.76861000061035
1739,27.569252014160156,35.168121337890625,23.928892135620117,24.88382911682129,19.934823989868164,25.27071762084961,19.446491241455078,26.491928100585938,19.637039184570312,25.06645965576172
1740,22.68934440612793,25.756797790527344,17.562231063842773,18.377185821533203,17.144775390625,18.988977432250977,24.61761474609375,23.617795944213867,9.131539344787598,17.897106170654297
1741,27.1197509765625,28.964216232299805,25.113712310791016,22.85983657836914,22.19689178466797,23.443586349487305,23.727338790893555,25.501361846923828,17.323745727539062,22.05472183227539
1742,26.887104034423828,30.42688751220703,24.04871368408203,22.669666290283203,23.281307220458984,25.405563354492188,25.066091537475586,24.96378517150879,16.915191650390625,26.277050018310547
1743,21.03399658203125,32.91353225708008,19.869810104370117,19.42050552368164,17.620492935180664,22.66586685180664,19.08707046508789,20.92137908935547,16.364164352416992,22.260744094848633
1744,23.37213134765625,28.646076202392578,21.961345672607422,19.97551155090332,20.613914489746094,20.63154411315918,21.841882705688477,21.205322265625,18.015764236450195,21.464176177978516
1745,25.193639755249023,34.679908752441406,24.474885940551758,25.831968307495117,20.72471046447754,23.616943359375,24.072107315063477,23.180618286132812,16.87700080871582,23.386859893798828
1746,23.64400863647461,31.867813110351562,22.37859344482422,22.530393600463867,18.29785919189453,25.70741844177246,25.483837127685547,22.47513198852539,16.91921615600586,24.60588836669922
1747,23.30817222595215,32.29124069213867,22.54810905456543,22.921245574951172,19.03746795654297,24.596540451049805,23.409425735473633,22.572778701782227,16.574132919311523,22.691856384277344
1748,27.821025848388672,33.59794616699219,23.1295223236084,26.272050857543945,22.8103084564209,28.370241165161133,24.907791137695312,24.87795066833496,18.752161026000977,26.781230926513672
1749,24.061283111572266,34.420162200927734,21.929607391357422,25.29734230041504,22.734817504882812,27.92591094970703,24.128814697265625,21.057390213012695,18.61513328552246,26.096176147460938
1750,19.01235580444336,26.79697608947754,21.812654495239258,23.64138412475586,20.712295532226562,24.573244094848633,17.73748016357422,22.01786994934082,17.46550178527832,26.074533462524414
1751,25.171188354492188,28.449169158935547,26.550825119018555,23.848661422729492,23.96733856201172,24.659015655517578,23.75467872619629,24.125648498535156,21.280750274658203,24.03608512878418
1752,29.413454055786133,40.1980094909668,23.802677154541016,19.866647720336914,23.055217742919922,25.619922637939453,26.776439666748047,22.000505447387695,16.93767547607422,26.2075138092041
1753,25.638105392456055,26.216968536376953,22.42527961730957,19.92917251586914,21.665891647338867,25.10618782043457,17.33781623840332,23.66684913635254,17.289175033569336,24.14889144897461
1754,21.61467170715332,25.84313201904297,20.859956741333008,20.971967697143555,26.592863082885742,25.155542373657227,22.144065856933594,19.867746353149414,17.725677490234375,20.855995178222656
1755,24.196903228759766,32.37095260620117,0,22.988018035888672,19.40489387512207,27.602489471435547,25.230945587158203,20.985904693603516,16.612388610839844,27.380817413330078
1756,22.855138778686523,33.29103088378906,19.019603729248047,22.669347763061523,26.679899215698242,25.868318557739258,21.843097686767578,19.529237747192383,17.328889846801758,26.197694778442383
1757,23.65910530090332,33.804344177246094,18.773807525634766,28.492366790771484,23.471834182739258,30.563936233520508,17.449634552001953,23.88786506652832,15.917829513549805,29.011415481567383
1758,24.060749053955078,31.60320472717285,21.264522552490234,25.329452514648438,25.61055564880371,27.898937225341797,22.700796127319336,20.730892181396484,17.291866302490234,29.382356643676758
1759,20.61691665649414,27.316062927246094,19.593515396118164,21.706806182861328,21.669836044311523,23.055587768554688,19.34189224243164,18.60952377319336,18.66073989868164,24.923015594482422
1760,23.694290161132812,30.635068893432617,22.185787200927734,22.10694122314453,21.70794105529785,27.905672073364258,22.012197494506836,20.383026123046875,18.111164093017578,24.129701614379883
1761,27.32894515991211,28.29349136352539,24.885040283203125,20.47115707397461,22.205110549926758,24.3885440826416,26.099407196044922,20.210372924804688,16.842527389526367,21.827001571655273
1762,22.190521240234375,13.204484939575195,17.202823638916016,8.696378707885742,15.560399055480957,9.006860733032227,23.598163604736328,9.88664722442627,6.728144645690918,7.419561862945557
1763,27.86858558654785,31.942424774169922,21.585744857788086,25.798120498657227,22.674409866333008,28.24970817565918,22.951099395751953,26.930164337158203,21.011510848999023,26.875574111938477
1764,22.068584442138672,26.659717559814453,19.48785972595215,22.560483932495117,21.52182960510254,21.701383590698242,23.42938995361328,17.785066604614258,18.383983612060547,20.954849243164062
1765,25.215049743652344,28.627124786376953,24.737680435180664,22.703832626342773,22.771724700927734,24.320938110351562,24.210298538208008,22.631511688232422,20.94190788269043,24.56931495666504
1766,27.259227752685547,27.00980567932129,21.469295501708984,24.761905670166016,23.072250366210938,28.226776123046875,20.51360321044922,24.807876586914062,17.9603271484375,25.545576095581055
1767,25.175195693969727,25.66886329650879,21.552879333496094,23.102514266967773,22.458295822143555,28.537715911865234,22.218305587768555,23.693458557128906,18.694955825805664,21.134239196777344
1768,25.176860809326172,27.23796272277832,22.98581314086914,21.736841201782227,23.770793914794922,27.482215881347656,23.2885799407959,24.397727966308594,16.997283935546875,22.54909896850586
1769,22.540563583374023,24.481618881225586,22.341964721679688,20.84687614440918,20.40639877319336,20.992984771728516,22.810272216796875,20.510282516479492,16.506290435791016,19.227664947509766
1770,20.292869567871094,16.24786949157715,21.76902961730957,14.33405876159668,15.986124992370605,17.757131576538086,24.398178100585938,19.433101654052734,13.65401840209961,18.715686798095703
1771,26.376277923583984,28.781707763671875,23.742273330688477,24.670930862426758,24.938180923461914,26.200307846069336,24.66401481628418,26.1171932220459,18.682966232299805,26.2595157623291
1772,20.232057571411133,22.443410873413086,21.940576553344727,18.152942657470703,20.087116241455078,20.94175910949707,22.800981521606445,18.11309814453125,17.821855545043945,19.461322784423828
1773,25.506195068359375,23.745298385620117,20.978479385375977,23.144947052001953,23.09795570373535,28.843469619750977,22.058124542236328,22.23784065246582,16.631479263305664,24.81682014465332
1774,27.85516357421875,27.883037567138672,24.34681510925293,22.140445709228516,24.765565872192383,28.530725479125977,22.241060256958008,22.70557975769043,19.312150955200195,26.309951782226562
1775,23.003202438354492,27.345195770263672,21.470447540283203,23.35646629333496,23.679092407226562,24.277053833007812,25.371721267700195,25.071348190307617,18.671663284301758,26.9779052734375
1776,25.408870697021484,16.82571029663086,24.121889114379883,20.355257034301758,21.718372344970703,22.242938995361328,22.8122615814209,21.18753433227539,16.73879051208496,20.191524505615234
1777,29.3050479888916,27.328125,23.462568283081055,23.85904312133789,24.258529663085938,27.13808250427246,24.341386795043945,24.742692947387695,19.420856475830078,25.896095275878906
1778,24.131980895996094,26.321813583374023,20.72756576538086,22.323225021362305,25.703392028808594,28.07129669189453,25.711441040039062,26.294025421142578,20.663053512573242,28.840282440185547
1779,22.030363082885742,22.095470428466797,24.460649490356445,17.218494415283203,21.280391693115234,17.54749870300293,0,25.41628074645996,16.082983016967773,20.179866790771484
1780,24.105321884155273,21.35243797302246,19.481929779052734,19.831867218017578,19.649667739868164,14.330349922180176,0,19.17247200012207,15.89847183227539,23.012514114379883
1781,23.53778839111328,25.474090576171875,19.783876419067383,22.636465072631836,24.098512649536133,26.024154663085938,0,24.870609283447266,20.760438919067383,27.835556030273438
1782,20.698650360107422,23.634143829345703,20.299652099609375,20.270551681518555,22.759206771850586,24.459447860717773,0,21.819671630859375,19.157922744750977,26.03264617919922
1783,25.743213653564453,26.914228439331055,24.200008392333984,23.04633140563965,25.590530395507812,26.055362701416016,0,27.732864379882812,21.73044776916504,25.93446922302246
1784,25.513303756713867,23.34284210205078,20.093217849731445,20.09667205810547,24.58912467956543,26.0666446685791,0,24.389034271240234,19.424577713012695,23.46782684326172
1785,23.9970760345459,28.62898826599121,18.547555923461914,23.74945068359375,26.997650146484375,27.928627014160156,0,29.118741989135742,21.618379592895508,29.3748722076416
1786,25.203725814819336,24.91272735595703,21.968320846557617,20.05125617980957,26.434219360351562,29.369586944580078,0,22.720184326171875,19.914819717407227,27.171091079711914
1787,22.629806518554688,24.763771057128906,20.158296585083008,20.573074340820312,25.14424705505371,26.918615341186523,0,24.164159774780273,21.979385375976562,28.235088348388672
1788,24.539186477661133,21.326623916625977,20.158096313476562,18.982269287109375,25.075220108032227,27.804845809936523,0,24.89597511291504,19.11843490600586,25.924097061157227
1789,25.79192352294922,29.84299659729004,23.094310760498047,24.648818969726562,31.717519760131836,34.277713775634766,0,29.24158477783203,22.196048736572266,28.89582633972168
1790,25.42967414855957,23.501955032348633,28.061819076538086,20.2145938873291,25.594661712646484,24.96045684814453,0,24.946266174316406,18.85103988647461,21.878328323364258
1791,26.760591506958008,21.694984436035156,22.183395385742188,20.898012161254883,22.02294921875,25.589616775512695,0,25.82416343688965,18.570873260498047,24.83417510986328
1792,24.39232063293457,26.630523681640625,25.822736740112305,24.960357666015625,26.55107879638672,30.52066421508789,0,27.222301483154297,21.551841735839844,26.408754348754883
1793,18.892234802246094,21.24323272705078,23.299654006958008,21.774967193603516,21.156997680664062,22.485424041748047,0,22.518308639526367,17.969860076904297,27.2091064453125
1794,25.24601936340332,17.766332626342773,26.821083068847656,19.303430557250977,19.7012996673584,21.446348190307617,0,18.66512107849121,12.726110458374023,15.48743724822998
1795,28.573270797729492,25.759023666381836,30.167842864990234,19.362442016601562,22.990230560302734,26.370288848876953,0,24.06382942199707,18.492191314697266,23.517122268676758
1796,25.953351974487305,20.280332565307617,26.426044464111328,17.705041885375977,21.501644134521484,22.877864837646484,0,25.46742057800293,19.52845573425293,21.72332763671875
1797,26.48980712890625,23.03082847595215,27.986419677734375,21.54966926574707,23.42289924621582,23.574661254882812,0,26.80953025817871,7.830629348754883,22.137605667114258
1798,20.965097427368164,22.998775482177734,24.440828323364258,21.40645980834961,22.551742553710938,26.364233016967773,0,23.982879638671875,21.445648193359375,22.839582443237305
1799,23.284393310546875,29.114526748657227,29.696413040161133,22.90165901184082,26.632875442504883,23.967519760131836,0,27.120136260986328,19.48003387451172,26.44449234008789
1800,24.678861618041992,24.023277282714844,28.167369842529297,20.99534034729004,26.116880416870117,23.69710350036621,0,23.911376953125,21.431655883789062,21.25490951538086
1801,19.361852645874023,12.195244789123535,13.579994201660156,15.558934211730957,18.132495880126953,10.009647369384766,0,16.159839630126953,16.609819412231445,17.31033706665039
1802,25.525028228759766,28.38640785217285,28.782100677490234,20.78679847717285,24.187307357788086,19.39434242248535,0,25.42716407775879,19.762483596801758,25.185365676879883
1803,23.750856399536133,21.46195411682129,28.390827178955078,21.26327896118164,24.104591369628906,21.838899612426758,0,25.57999610900879,19.361236572265625
1804,19.490190505981445,16.715579986572266,26.50726318359375,17.91168975830078,16.789283752441406,17.255189895629883,0,9.21367073059082,15.81690788269043
1805,26.70476722717285,27.2675838470459,27.298986434936523,20.922534942626953,23.952003479003906,27.203548431396484,0,25.138513565063477,20.459339141845703,21.090002059936523
1806,26.56651496887207,22.658061981201172,28.780065536499023,19.286907196044922,20.7933406829834,22.053829193115234,0,22.02601432800293,15.64252758026123,21.48171043395996
1807,27.191843032836914,25.587779998779297,27.425575256347656,23.782432556152344,21.772663116455078,24.298786163330078,0,25.32709503173828,22.209716796875,23.03653335571289
1808,26.77198600769043,23.551546096801758,28.56787872314453,22.9764461517334,21.95833969116211,24.518163681030273,0,23.36587905883789,18.89539909362793,24.282028198242188
1809,27.752347946166992,25.399391174316406,28.548131942749023,23.11728858947754,25.229124069213867,24.144271850585938,0,27.93898582458496,20.13986587524414,23.335168838500977
1810,29.232358932495117,26.653331756591797,27.008033752441406,23.897024154663086,22.28289794921875,25.662174224853516,0,26.055166244506836,21.379993438720703,24.552467346191406
1811,23.09092140197754,25.85307502746582,25.452939987182617,23.743505477905273,23.203569412231445,23.804712295532227,0,24.081655502319336,19.899145126342773,19.098188400268555
1812,27.99170684814453,17.65060043334961,27.299575805664062,20.422208786010742,24.399545669555664,19.897747039794922,0,22.840112686157227,22.005657196044922,23.582176208496094
1813,25.485565185546875,11.279942512512207,26.27993392944336,22.22321319580078,21.36687660217285,10.159285545349121,0,22.4530086517334,25.727705001831055,19.429656982421875
1814,23.469200134277344,10.245437622070312,25.48774528503418,20.844711303710938,19.865591049194336,18.100587844848633,0,18.962080001831055,21.11261749267578,11.75473403930664
1815,24.77592658996582,9.77666187286377,26.921754837036133,23.107511520385742,23.218412399291992,13.823209762573242,0,25.887191772460938,19.614604949951172,20.934097290039062
1816,25.618938446044922,19.496124267578125,28.38511085510254,25.949708938598633,27.638561248779297,23.268693923950195,0,28.76296615600586,18.33300018310547,27.38399887084961
1817,13.658656120300293,29.935121536254883,17.15471839904785,11.431241035461426,15.48599910736084,23.571969985961914,0,12.511444091796875,15.904574394226074,9.99954605102539
1818,11.783011436462402,9.973154067993164,8.197765350341797,10.367761611938477,11.110068321228027,7.076798439025879,0,12.342187881469727,14.467019081115723,15.055590629577637
1819,24.158287048339844,11.845952987670898,25.7989559173584,24.103620529174805,23.05234146118164,22.37374496459961,0,27.156753540039062,24.712099075317383,24.345582962036133
1820,26.28693962097168,23.97664451599121,28.3446102142334,21.33930015563965,26.413021087646484,25.650455474853516,0,26.969539642333984,9.145259857177734,23.18866729736328
1821,25.09647560119629,28.40376853942871,27.87862777709961,23.941810607910156,23.468460083007812,20.79845428466797,0,26.044424057006836,9.730076789855957,20.0305118560791
1822,20.7138729095459,24.42086410522461,20.33462142944336,18.264379501342773,20.615007400512695,8.183211326599121,0,16.614866256713867,9.596963882446289,12.709609985351562
1823,22.275300979614258,27.045433044433594,23.936717987060547,21.43499183654785,25.36199188232422,22.257434844970703,0,26.084840774536133,24.77080535888672,22.673404693603516
1824,22.429752349853516,24.274187088012695,26.32598304748535,22.951318740844727,27.014612197875977,21.284656524658203,0,26.544294357299805,20.405553817749023,21.791603088378906
1825,22.087533950805664,21.102724075317383,24.084457397460938,19.837034225463867,20.32106590270996,19.90501594543457,0,23.65032386779785,20.109010696411133,19.76942253112793
1826,22.140560150146484,23.151988983154297,24.4741153717041,21.446609497070312,21.516071319580078,23.487960815429688,0,25.169187545776367,21.791677474975586,21.701805114746094
1827,19.895166397094727,7.615386962890625,20.144054412841797,17.87321662902832,19.27985382080078,18.228628158569336,0,16.072040557861328,16.398334503173828,8.093973159790039
1828,22.4914493560791,23.54911994934082,23.83831787109375,21.762046813964844,21.04046630859375,21.996646881103516,0,23.422880172729492,19.956707000732422,21.687299728393555
1829,22.5988826751709,19.354724884033203,25.05552101135254,20.056215286254883,20.949970245361328,21.404071807861328,0,22.525270462036133,19.7843074798584,20.009279251098633
1830,27.11040496826172,17.05004119873047,23.98685073852539,20.88213348388672,18.54203224182129,23.225187301635742,0,18.560588836669922,20.24442481994629,23.8990421295166
1831,26.2995548248291,22.02131462097168,24.359766006469727,23.052745819091797,18.589576721191406,25.148698806762695,0,22.94039535522461,20.611658096313477,25.623394012451172
1832,25.80522918701172,26.48116683959961,26.133371353149414,25.43575096130371,25.304258346557617,27.318416595458984,0,25.96852684020996,13.032063484191895,25.210580825805664
1833,26.870651245117188,24.661584854125977,24.861894607543945,23.195728302001953,23.36132049560547,26.822891235351562,0,26.227920532226562,16.793970108032227,25.27899742126465
1834,25.323360443115234,22.699222564697266,24.951011657714844,21.194494247436523,21.236705780029297,23.478694915771484,0,28.32927894592285,19.558246612548828,22.131389617919922
1835,31.421897888183594,28.147048950195312,28.036401748657227,24.56660270690918,24.537567138671875,30.033815383911133,0,30.541173934936523,20.58313751220703,27.537797927856445
1836,25.03414535522461,28.985061645507812,27.295255661010742,22.98568344116211,24.592731475830078,0,0,29.102975845336914,21.50050163269043,29.83251190185547
1837,11.218270301818848,5.282168865203857,18.655330657958984,9.76768970489502,14.294811248779297,23.52796745300293,0,4.905949115753174,17.592430114746094,16.583362579345703
1838,26.716909408569336,29.13947296142578,27.617544174194336,23.530237197875977,24.42414665222168,25.978307723999023,0,29.14605140686035,22.055139541625977,28.40540885925293
1839,26.19644546508789,25.15948486328125,23.591480255126953,21.304655075073242,22.135208129882812,20.811460494995117,0,28.045534133911133,25.413612365722656,27.514549255371094
1840,24.5095157623291,25.295455932617188,24.92905044555664,22.721834182739258,21.131044387817383,21.564435958862305,0,28.28432273864746,22.349143981933594,26.380178451538086
1841,15.647533416748047,5.439990520477295,22.936237335205078,14.941376686096191,13.519043922424316,16.51792335510254,0,10.40933895111084,3.7935914993286133,9.966476440429688
1842,25.956592559814453,29.46343994140625,25.696632385253906,23.922494888305664,23.717662811279297,21.581687927246094,0,27.505813598632812,24.778432846069336,25.47051239013672
1843,27.388710021972656,27.891061782836914,28.582029342651367,28.297025680541992,23.981945037841797,24.231082916259766,0,30.172082901000977,20.135526657104492,27.682126998901367
1844,23.386144638061523,22.30171775817871,18.930492401123047,22.448883056640625,18.070274353027344,16.321544647216797,0,22.483814239501953,20.684049606323242,15.743529319763184
1845,24.18606185913086,23.52064323425293,21.759124755859375,24.010446548461914,21.665733337402344,18.998083114624023,0,23.33633804321289,21.66339874267578,23.33730125427246
1846,30.77460479736328,31.57355499267578,30.441791534423828,30.703479766845703,27.707836151123047,21.75979995727539,0,28.284849166870117,23.37082862854004,27.244077682495117
1847,27.35822105407715,25.619220733642578,25.9997501373291,26.106712341308594,23.37135887145996,21.64983558654785,0,25.15264320373535,11.63135814666748,25.601346969604492
1848,27.70469856262207,14.546327590942383,28.929555892944336,23.74515151977539,25.36545181274414,19.482421875,0,26.938289642333984,20.465160369873047,19.98257827758789
1849,22.176734924316406,18.843509674072266,13.259746551513672,18.60025405883789,16.69621467590332,16.731191635131836,0,20.941804885864258,25.75282096862793,19.36729621887207
1850,28.240964889526367,24.70894432067871,25.617570877075195,25.086483001708984,24.612926483154297,24.5922908782959,0,28.207855224609375,20.143293380737305,24.57274055480957
1851,26.697107315063477,21.65053367614746,24.76314353942871,24.277774810791016,22.994443893432617,21.106422424316406,0,22.71150016784668,20.50810432434082,21.686992645263672
1852,28.088539123535156,18.926477432250977,23.81532096862793,22.69281005859375,20.387723922729492,20.280651092529297,0,23.503461837768555,19.11624526977539,19.175048828125
1853,22.659700393676758,25.18976593017578,23.282468795776367,23.202407836914062,22.617332458496094,21.404294967651367,0,26.172807693481445,21.070873260498047,18.602474212646484
1854,31.27964210510254,25.207921981811523,26.12487030029297,28.26127052307129,24.433395385742188,23.83063316345215,0,26.347654342651367,20.2840576171875,24.82610511779785
1855,24.920637130737305,26.479408264160156,25.015851974487305,26.00811195373535,23.156064987182617,21.760902404785156,0,27.285568237304688,24.316364288330078,25.672496795654297
1856,20.212997436523438,21.90764808654785,19.918983459472656,20.454404830932617,21.413362503051758,18.41340446472168,0,20.44025993347168,22.33387565612793,20.71944236755371
1857,25.801795959472656,21.014842987060547,24.57229995727539,23.48029327392578,18.944963455200195,18.482851028442383,0,21.279720306396484,18.256364822387695,9.692239761352539
1858,25.767072677612305,27.024354934692383,24.350194931030273,26.80687713623047,22.345468521118164,24.544252395629883,0,28.112123489379883,26.326765060424805,29.06684112548828
1859,23.714000701904297,17.498632431030273,11.102903366088867,19.764230728149414,21.46190643310547,17.28611183166504,0,19.061492919921875,18.117265701293945,20.738849639892578
1860,26.20060920715332,26.128629684448242,21.71495819091797,24.456165313720703,24.77741050720215,25.073257446289062,0,27.08075523376465,23.759750366210938,24.65355110168457
1861,32.448585510253906,26.260974884033203,25.055904388427734,24.739992141723633,26.79084014892578,27.751827239990234,0,28.643709182739258,23.08226203918457,26.82927894592285
1862,27.3367862701416,20.174264907836914,26.696670532226562,23.164703369140625,22.23770523071289,24.483600616455078,0,23.930870056152344,18.91914176940918,19.89861488342285
1863,23.121686935424805,16.196842193603516,16.802932739257812,20.391006469726562,24.94349479675293,17.63850975036621,0,19.32771110534668,9.064727783203125,19.906667709350586
1864,14.815560340881348,15.565975189208984,20.307153701782227,11.529991149902344,16.23456382751465,16.87261962890625,0,17.390483856201172,12.427452087402344,19.587467193603516
1865,26.43343162536621,18.96954345703125,20.39594268798828,25.33321189880371,20.498916625976562,19.307641983032227,0,22.259960174560547,20.430606842041016,20.289596557617188
1866,27.819244384765625,24.159147262573242,22.17281150817871,25.7767391204834,26.87619972229004,24.02130889892578,0,29.140104293823242,24.399383544921875,23.11699676513672
1867,26.028221130371094,24.754045486450195,24.287870407104492,26.946182250976562,25.385204315185547,26.237741470336914,0,29.519962310791016,23.277315139770508,24.896358489990234
1868,30.04366111755371,24.846948623657227,23.972383499145508,27.409364700317383,23.2042293548584,23.44412612915039,0,27.84068489074707,22.494144439697266,23.652956008911133
1869,28.440872192382812,24.087488174438477,26.268150329589844,27.898744583129883,23.987653732299805,25.50139617919922,0,26.018741607666016,23.87958526611328,26.10597038269043
1870,30.64506721496582,24.449167251586914,26.87984275817871,28.76352310180664,24.89861488342285,25.229846954345703,0,25.82253646850586,25.08679962158203,26.374675750732422
1871,30.35320472717285,24.06404685974121,27.350130081176758,27.985170364379883,23.199846267700195,24.701284408569336,0,27.689661026000977,24.718048095703125,25.007858276367188
1872,28.73783302307129,24.290321350097656,24.616384506225586,27.142995834350586,26.0705509185791,23.64894676208496,0,27.39060401916504,23.751253128051758,24.268735885620117
1873,28.95391845703125,25.10629653930664,24.77884864807129,27.680091857910156,24.575517654418945,24.502511978149414,0,27.55316925048828,23.64756202697754,26.131921768188477
1874,26.484596252441406,23.9803524017334,23.970157623291016,26.93524169921875,25.980958938598633,24.05781364440918,0,29.08275604248047,22.336360931396484,25.110435485839844
1875,24.58816146850586,23.259693145751953,26.782228469848633,24.43508529663086,22.65091896057129,18.243751525878906,0,27.45081901550293,9.11165714263916,21.539840698242188
1876,28.87717628479004,28.917011260986328,25.387235641479492,30.917369842529297,27.27208709716797,23.254663467407227,0,29.807523727416992,24.588550567626953,28.080699920654297
1877,29.04994773864746,28.357505798339844,25.490150451660156,31.404741287231445,27.865276336669922,25.941125869750977,0,29.57377052307129,25.24471664428711,29.57359504699707
1878,25.264366149902344,25.974512100219727,24.13547706604004,28.442123413085938,26.621196746826172,25.563657760620117,0,29.331697463989258,23.00128746032715,29.57490348815918
1879,24.65540885925293,26.114656448364258,26.743799209594727,26.9327449798584,23.694913864135742,25.43174934387207,0,25.809770584106445,20.878889083862305,24.74349021911621
1880,27.928869247436523,28.83081817626953,22.095300674438477,26.921207427978516,23.660512924194336,27.312807083129883,0,27.98756980895996,24.28788948059082,26.91115951538086
1881,22.513010025024414,24.945566177368164,20.985877990722656,24.778759002685547,26.06694984436035,23.020456314086914,0,26.544769287109375,22.443626403808594,26.702526092529297
1882,22.360822677612305,24.55950164794922,21.801197052001953,23.66587257385254,24.988628387451172,15.660070419311523,0,26.884254455566406,21.140710830688477,24.83740234375
1883,23.67847442626953,29.000442504882812,23.016189575195312,28.078378677368164,31.628890991210938,22.392637252807617,0,30.186336517333984,25.767948150634766,26.328824996948242
1884,19.423192977905273,24.547115325927734,23.6787109375,23.890947341918945,24.197288513183594,17.832014083862305,20.798160552978516,24.171388626098633,20.10173988342285,25.54856300354004
1885,24.84596061706543,29.156600952148438,24.709415435791016,27.188772201538086,30.33304214477539,22.248104095458984,20.78854751586914,34.36585998535156,26.221323013305664,27.700159072875977
1886,24.534019470214844,27.2089900970459,24.236955642700195,23.527183532714844,26.204267501831055,18.77676010131836,24.81011390686035,30.603187561035156,20.76019287109375,24.13287925720215
1887,11.029768943786621,24.962505340576172,23.122411727905273,12.629611015319824,22.708280563354492,9.185998916625977,22.716806411743164,27.738725662231445,14.758271217346191,22.949846267700195
1888,22.489795684814453,24.731468200683594,20.378318786621094,21.644269943237305,20.825632095336914,18.557992935180664,21.525089263916016,32.35190200805664,20.342247009277344,24.92682456970215
1889,26.021549224853516,28.783187866210938,25.741832733154297,27.796913146972656,25.75914764404297,23.213254928588867,21.855382919311523,34.75009536743164,23.655412673950195,28.563030242919922
1890,25.353940963745117,27.903629302978516,26.178009033203125,28.962406158447266,25.920398712158203,24.927139282226562,23.729215621948242,32.072120666503906,23.188068389892578,25.101943969726562
1891,25.499534606933594,32.646766662597656,26.634355545043945,29.134063720703125,27.22661018371582,25.808774948120117,27.386507034301758,34.27781677246094,26.097612380981445,26.494976043701172
1892,21.44914436340332,20.831449508666992,24.867448806762695,20.527673721313477,22.867477416992188,15.41252326965332,26.288057327270508,22.005308151245117,17.697002410888672,18.476173400878906
1893,25.36160659790039,22.933300018310547,25.822538375854492,20.606239318847656,20.928190231323242,22.613428115844727,20.499441146850586,28.63392448425293,20.294620513916016,24.086891174316406
1894,23.907514572143555,32.158111572265625,26.036598205566406,29.3349666595459,27.528593063354492,24.678722381591797,22.440614700317383,31.976863861083984,24.893375396728516,27.13890838623047
1895,21.08283042907715,28.864030838012695,23.460222244262695,27.626453399658203,22.398666381835938,23.273035049438477,26.376604080200195,31.208404541015625,23.558067321777344,25.02306365966797
1896,19.03677749633789,25.63458251953125,22.468812942504883,24.315263748168945,21.41683006286621,18.218368530273438,25.727922439575195,24.858736038208008,19.152252197265625,21.330425262451172
1897,21.826955795288086,27.903156280517578,25.073501586914062,26.359466552734375,18.93575096130371,22.12405014038086,19.87793731689453,29.49863624572754,21.871795654296875,25.072824478149414
1898,23.63559341430664,30.19914436340332,24.884658813476562,26.009241104125977,23.21310043334961,23.435543060302734,21.117685317993164,30.604116439819336,21.337860107421875,23.779010772705078
1899,20.445035934448242,19.147314071655273,24.1964054107666,25.37662696838379,21.174116134643555,20.041048049926758,23.080825805664062,26.7315731048584,18.97446060180664,22.368144989013672
1900,22.6845703125,27.720617294311523,20.394622802734375,26.081663131713867,25.84810447692871,21.088918685913086,23.30792236328125,30.531030654907227,21.83464813232422,23.20768165588379
1901,22.442110061645508,30.840404510498047,23.953889846801758,27.911853790283203,26.329837799072266,22.721193313598633,26.737154006958008,30.574424743652344,23.633567810058594,26.07900619506836
1902,19.469806671142578,27.821002960205078,23.811506271362305,26.46982765197754,24.472320556640625,21.84342384338379,25.879655838012695,30.446136474609375,23.512094497680664,25.587425231933594
1903,22.380414962768555,29.495136260986328,28.369985580444336,29.377431869506836,26.479352951049805,25.20784568786621,25.453506469726562,31.965208053588867,26.03281021118164,27.708541870117188
1904,21.35667610168457,30.03365707397461,26.67341423034668,27.600919723510742,25.267253875732422,22.75556182861328,24.64822769165039,22.862876892089844,22.584903717041016,23.319490432739258
1905,23.19643211364746,26.0251407623291,23.71407127380371,21.577838897705078,25.20473861694336,20.66796112060547,22.93039894104004,27.928977966308594,19.333772659301758,22.112838745117188
1906,24.875646591186523,30.09048843383789,26.767974853515625,27.54209327697754,27.23900032043457,22.9268856048584,23.714282989501953,31.77277946472168,22.786043167114258,25.927629470825195
1907,21.603313446044922,24.505268096923828,22.66850471496582,26.924650192260742,23.799102783203125,21.93689727783203,24.18097686767578,30.07643699645996,22.030858993530273,24.35019302368164
1908,19.947237014770508,24.2356014251709,22.125944137573242,25.197124481201172,23.234302520751953,22.361223220825195,22.086538314819336,26.991395950317383,20.85696792602539,21.58286476135254
1909,20.720355987548828,28.393404006958008,24.109472274780273,26.659162521362305,24.516704559326172,18.93605613708496,22.89550018310547,29.334636688232422,22.165178298950195,22.144514083862305
1910,27.887588500976562,28.875307083129883,25.186582565307617,29.92995262145996,31.618371963500977,22.585250854492188,23.620729446411133,30.428321838378906,24.215200424194336,21.14444923400879
1911,20.15924835205078,26.898090362548828,20.812768936157227,26.472396850585938,16.967498779296875,22.20592498779297,27.538066864013672,30.75018310546875,21.779935836791992,22.111478805541992
1912,22.736745834350586,28.49942398071289,27.69966697692871,30.21126365661621,21.528703689575195,25.955554962158203,26.047597885131836,35.4017333984375,25.942472457885742,25.511964797973633
1913,21.99272346496582,24.950660705566406,22.568960189819336,25.002229690551758,19.642566680908203,22.26595687866211,28.43175506591797,30.774356842041016,16.062870025634766,22.64911651611328
1914,23.6213436126709,27.28251838684082,27.837377548217773,30.334409713745117,20.022783279418945,27.59034538269043,23.785236358642578,33.33851623535156,24.523452758789062,25.969520568847656
1915,20.09148406982422,20.041017532348633,22.26152801513672,20.014270782470703,19.203603744506836,18.117019653320312,25.76432228088379,19.670835494995117,17.18763542175293,9.040901184082031
1916,23.01801109313965,26.35745620727539,23.79914093017578,21.75583267211914,17.31583023071289,24.553293228149414,21.62687873840332,28.83313751220703,18.852323532104492,23.24560546875
1917,24.577224731445312,29.495439529418945,28.366853713989258,29.552793502807617,19.120922088623047,28.901939392089844,25.838043212890625,32.98187255859375,22.862245559692383,28.766517639160156
1918,21.893146514892578,24.581281661987305,22.260374069213867,24.87916374206543,20.871837615966797,22.114049911499023,22.44799041748047,29.627573013305664,22.5195255279541,21.587966918945312
1919,20.14852523803711,24.520614624023438,22.16280174255371,25.288503646850586,17.96436882019043,24.084896087646484,24.885540008544922,29.545440673828125,21.440786361694336,25.053831100463867
1920,28.240957260131836,29.319255828857422,25.077993392944336,30.48699951171875,25.468250274658203,29.798847198486328,31.14231300354004,38.30339431762695,28.827430725097656,27.113840103149414
1921,22.89114761352539,21.580211639404297,24.0947265625,25.264049530029297,19.51957130432129,23.335641860961914,24.156217575073242,29.34186363220215,20.389314651489258,26.200740814208984
1922,22.64812660217285,27.798084259033203,24.35822296142578,28.61040687561035,23.425533294677734,26.661405563354492,27.325895309448242,33.86924362182617,25.606292724609375,23.866703033447266
1923,19.6497802734375,22.539899826049805,21.02361297607422,23.2498779296875,18.20977020263672,23.13282585144043,22.522167205810547,21.087892532348633,20.215648651123047,21.496706008911133
1924,25.44750213623047,29.192296981811523,28.187816619873047,25.5587158203125,22.308828353881836,27.503585815429688,25.50923728942871,30.2029972076416,22.95608139038086,23.341812133789062
1925,20.395875930786133,23.7086124420166,19.755144119262695,26.519062042236328,18.736425399780273,26.551137924194336,26.026653289794922,30.560958862304688,22.085304260253906,25.01373863220215
1926,22.871801376342773,21.902484893798828,21.655517578125,24.188610076904297,18.507797241210938,21.23564338684082,22.254011154174805,27.907560348510742,17.562143325805664,20.93680191040039
1927,25.320648193359375,21.44378662109375,27.33954620361328,25.740909576416016,20.94915771484375,22.44538688659668,22.156959533691406,27.53441619873047,22.043209075927734,22.379833221435547
1928,24.655181884765625,24.410764694213867,23.9478816986084,25.338159561157227,19.73468780517578,22.26369285583496,23.77892303466797,28.737091064453125,21.06598472595215,20.787771224975586
1929,27.092002868652344,25.44561195373535,21.470500946044922,23.907533645629883,20.95936393737793,23.12830352783203,24.10027503967285,28.65095329284668,21.932498931884766,24.513729095458984
1930,24.303842544555664,28.278947830200195,24.976823806762695,30.46211051940918,20.937501907348633,28.337879180908203,27.33329963684082,35.09529113769531,25.56805419921875,25.87962532043457
1931,24.435768127441406,23.25153350830078,22.280384063720703,28.657787322998047,19.514739990234375,25.5845947265625,24.133024215698242,30.266632080078125,22.348182678222656,25.63377571105957
1932,21.215534210205078,27.080638885498047,27.5018367767334,29.71839141845703,19.538219451904297,25.947328567504883,23.51131248474121,26.678810119628906,21.356157302856445,21.15972900390625
1933,21.85269546508789,25.703304290771484,24.373788833618164,29.003164291381836,18.145427703857422,26.4713134765625,25.565811157226562,29.42811393737793,22.021465301513672,24.6632137298584
1934,22.384220123291016,25.21291160583496,24.59873390197754,28.216766357421875,19.987394332885742,21.420747756958008,25.03940200805664,25.4068546295166,20.836326599121094,22.359336853027344
1935,24.113142013549805,23.424205780029297,26.76940155029297,31.703229904174805,19.948299407958984,25.5067081451416,24.562191009521484,29.009103775024414,22.702680587768555,25.205442428588867
1936,24.56801414489746,28.30852699279785,24.238149642944336,30.880178451538086,18.61819839477539,30.40119171142578,28.96841049194336,33.420135498046875,24.719453811645508,28.531768798828125
1937,22.488380432128906,30.38198471069336,26.776700973510742,27.92331886291504,20.934919357299805,30.265167236328125,28.284299850463867,33.15999221801758,23.983083724975586,23.295860290527344
1938,21.678730010986328,24.567790985107422,24.130460739135742,30.950925827026367,18.712499618530273,28.01747703552246,28.359596252441406,32.78529739379883,23.902952194213867,27.937543869018555
1939,26.325748443603516,32.17639923095703,27.684715270996094,33.34971618652344,21.16937255859375,32.00358200073242,30.941146850585938,35.14580154418945,26.93340492248535,26.564821243286133
1940,26.160478591918945,30.246089935302734,24.896711349487305,33.19624710083008,20.715238571166992,30.775108337402344,29.640764236450195,35.93958282470703,24.776039123535156,31.576234817504883
1941,18.381376266479492,23.58207893371582,13.805671691894531,21.997150421142578,17.680423736572266,20.417205810546875,22.454113006591797,21.573095321655273,20.068679809570312,19.293495178222656
1942,21.97038459777832,30.9317684173584,23.043182373046875,28.849472045898438,18.226877212524414,27.0765323638916,28.666316986083984,32.285072326660156,24.652503967285156,28.51102066040039
1943,24.994354248046875,27.257774353027344,27.128210067749023,32.65135955810547,20.83263397216797,27.99552345275879,29.616350173950195,30.56355857849121,22.46122169494629,28.1995792388916
1944,24.390705108642578,25.67456817626953,25.233659744262695,30.198989868164062,20.641372680664062,27.233922958374023,20.25572395324707,30.13692283630371,22.906238555908203,30.192874908447266
1945,16.51173210144043,20.61802864074707,16.946203231811523,26.496784210205078,16.636993408203125,21.186203002929688,27.788450241088867,9.375176429748535,15.149567604064941,18.74025535583496
1946,21.891286849975586,26.394811630249023,20.192426681518555,30.35483169555664,19.204938888549805,26.705039978027344,29.24151611328125,29.878530502319336,23.963939666748047,24.98712921142578
1947,24.680282592773438,29.705228805541992,28.146684646606445,33.725406646728516,22.27642822265625,30.65790557861328,30.55489730834961,33.47358322143555,23.8502140045166,28.051652908325195
1948,26.600128173828125,31.293119430541992,23.819421768188477,32.99885177612305,21.525487899780273,33.37364959716797,23.925832748413086,34.079803466796875,25.849918365478516,29.84634780883789
1949,22.427568435668945,25.760780334472656,24.355276107788086,31.675472259521484,18.97748374938965,28.041433334350586,22.345298767089844,27.05970573425293,20.431562423706055,27.951223373413086
1950,23.456552505493164,26.150405883789062,25.571224212646484,28.067798614501953,19.475736618041992,25.245399475097656,26.521955490112305,27.566024780273438,18.925264358520508,24.16657829284668
1951,22.678091049194336,23.826873779296875,27.865055084228516,33.00141906738281,20.907621383666992,29.581356048583984,28.379898071289062,29.590333938598633,21.107654571533203,29.990102767944336
1952,22.939090728759766,30.554126739501953,27.9686279296875,34.69595718383789,21.60148048400879,31.66222381591797,27.37712287902832,28.5791015625,22.800203323364258,28.260562896728516
1953,19.982067108154297,24.76325225830078,25.129709243774414,26.913644790649414,21.274728775024414,27.989418029785156,26.242345809936523,25.07827377319336,20.75807762145996,29.740863800048828
1954,20.803159713745117,26.678028106689453,22.959835052490234,25.07864761352539,21.184682846069336,25.470670700073242,30.495771408081055,23.616479873657227,19.73410987854004,25.722206115722656
1955,23.034582138061523,26.616470336914062,27.085649490356445,28.015037536621094,19.280141830444336,28.26910972595215,29.347381591796875,30.152864456176758,21.897336959838867,29.064462661743164
1956,20.88790512084961,27.256603240966797,23.898422241210938,29.544601440429688,16.306169509887695,31.902990341186523,28.997182846069336,31.131723403930664,22.69599723815918,30.913026809692383
1957,21.11996841430664,30.301061630249023,22.869441986083984,28.76007652282715,20.415010452270508,27.997095108032227,25.72930908203125,30.87176513671875,21.915693283081055,26.951608657836914
1958,18.686729431152344,27.86159324645996,22.69527816772461,27.459375381469727,19.030338287353516,30.05628204345703,26.089210510253906,26.440553665161133,22.6745662689209,27.273189544677734
1959,19.89641571044922,25.9761905670166,23.026872634887695,26.39011573791504,19.91416358947754,26.98177146911621,30.691076278686523,26.30145263671875,21.616256713867188,24.74419593811035
1960,19.75189971923828,26.356273651123047,27.474624633789062,33.884830474853516,22.40630340576172,31.280004501342773,31.301681518554688,29.65738868713379,21.97255516052246,29.901212692260742
1961,22.345457077026367,30.606538772583008,29.561771392822266,32.8966178894043,20.28183937072754,34.10966873168945,24.310169219970703,34.104549407958984,24.783588409423828,28.89676284790039
1962,19.713960647583008,22.17040252685547,19.265478134155273,19.843385696411133,21.002702713012695,21.6737003326416,26.883075714111328,14.720691680908203,8.430558204650879,22.16935157775879
1963,21.761943817138672,28.021772384643555,24.30992317199707,28.00811004638672,20.40888214111328,28.88689613342285,27.90768051147461,28.550384521484375,24.862031936645508,28.28972053527832
1964,21.033273696899414,26.127948760986328,20.61293601989746,28.315834045410156,17.863821029663086,27.791616439819336,26.61355209350586,29.762447357177734,21.488481521606445,25.99420928955078
1965,19.238126754760742,28.112865447998047,23.564428329467773,30.787425994873047,20.023618698120117,31.669109344482422,31.201465606689453,29.78227424621582,23.097597122192383,31.145475387573242
1966,23.690176010131836,32.05491638183594,26.7712345123291,33.75674819946289,22.741899490356445,32.55661392211914,30.844043731689453,35.094600677490234,25.849609375,33.2818603515625
1967,23.298606872558594,29.78338623046875,26.0341854095459,29.960683822631836,22.30817222595215,31.386337280273438,25.00396728515625,32.64242935180664,26.07689666748047,32.18193435668945
1968,16.665773391723633,22.892620086669922,21.5152587890625,27.409713745117188,20.870662689208984,26.7921085357666,29.132278442382812,30.036174774169922,21.6768798828125,27.543014526367188
1969,22.80792236328125,29.60788917541504,23.2607364654541,30.282421112060547,18.4493465423584,32.530601501464844,28.275266647338867,31.804903030395508,17.787654876708984,31.142898559570312
1970,22.40450668334961,25.955852508544922,24.832393646240234,29.495100021362305,20.58074188232422,31.648162841796875,29.087963104248047,31.335721969604492,24.0178165435791,32.24192428588867
1971,19.94513702392578,26.958637237548828,24.063655853271484,31.350454330444336,21.248607635498047,31.82261085510254,24.949970245361328,31.373031616210938,23.746387481689453,28.429426193237305
1972,20.344961166381836,22.433780670166016,20.129409790039062,25.27646827697754,19.695703506469727,24.591602325439453,29.804161071777344,26.970748901367188,21.16225242614746,24.5966796875
1973,20.13270378112793,27.408586502075195,26.662525177001953,28.662473678588867,22.797428131103516,29.507360458374023,28.127187728881836,29.638736724853516,23.157838821411133,29.505264282226562
1974,21.560720443725586,27.604623794555664,23.241636276245117,29.161300659179688,19.606060028076172,31.922422409057617,31.904706954956055,31.15268898010254,23.974393844604492,31.490083694458008
1975,25.40559196472168,33.22636795043945,26.954347610473633,30.358081817626953,24.541790008544922,31.490121841430664,26.465681076049805,32.87741470336914,24.492868423461914,28.014806747436523
1976,20.713489532470703,26.83682632446289,25.018898010253906,28.55257797241211,23.57796859741211,29.63222885131836,28.969884872436523,28.263858795166016,26.214599609375,26.515010833740234
1977,22.346851348876953,30.63156509399414,26.40659523010254,31.071334838867188,24.255908966064453,34.606605529785156,24.431257247924805,32.52275848388672,24.037187576293945,28.936933517456055
1978,20.900362014770508,20.980791091918945,13.963221549987793,20.317480087280273,20.133071899414062,24.833112716674805,25.483373641967773,24.902414321899414,17.2054500579834,21.221912384033203
1979,23.558156967163086,21.472793579101562,18.577800750732422,20.55461883544922,20.859397888183594,23.53568458557129,22.79929542541504,21.544607162475586,20.893308639526367,20.46940040588379
1980,22.700645446777344,26.699302673339844,24.612287521362305,29.92626190185547,26.056682586669922,28.361053466796875,26.575138092041016,31.92951774597168,24.113218307495117,27.94918441772461
1981,21.854740142822266,26.015079498291016,18.104537963867188,25.108713150024414,22.221952438354492,28.46626853942871,26.381406784057617,27.55357551574707,23.4851131439209,25.232698440551758
1982,21.784589767456055,26.32997703552246,26.80838394165039,29.984594345092773,22.072025299072266,26.509281158447266,30.478511810302734,30.46235466003418,22.58295440673828,25.097715377807617
1983,22.490222930908203,25.535245895385742,25.508695602416992,31.459352493286133,24.085996627807617,31.38236427307129,22.730195999145508,30.114418029785156,23.313430786132812,30.034992218017578
1984,27.69378089904785,27.97748374938965,22.868331909179688,26.02177619934082,23.16898536682129,22.324026107788086,30.54602813720703,30.103891372680664,29.348424911499023,23.125091552734375
1985,19.183290481567383,25.222259521484375,23.43128204345703,28.362789154052734,19.923656463623047,25.150136947631836,25.400611877441406,26.951444625854492,25.422161102294922,20.711328506469727
1986,23.533666610717773,28.389616012573242,24.561193466186523,28.749509811401367,25.091293334960938,29.88730812072754,27.043556213378906,30.989601135253906,27.7869815826416,27.28798484802246
1987,20.504966735839844,27.06967544555664,26.488975524902344,32.185672760009766,23.602882385253906,27.03857421875,24.727346420288086,27.992626190185547,22.89498519897461,27.318937301635742
1988,22.808204650878906,26.657588958740234,24.159093856811523,27.237825393676758,26.47959327697754,25.89049530029297,26.288803100585938,27.986621856689453,22.48027229309082,25.117961883544922
1989,24.52458381652832,28.572513580322266,22.720964431762695,26.63716697692871,24.28784942626953,27.941341400146484,27.310514450073242,30.029964447021484,26.257041931152344,27.137529373168945
1990,24.52570343017578,28.620548248291016,24.589515686035156,29.91927719116211,25.423463821411133,27.857009887695312,26.381988525390625,27.82318115234375,25.149925231933594,26.184188842773438
1991,22.06318473815918,24.422504425048828,21.916717529296875,27.862817764282227,22.89927864074707,24.947179794311523,21.466703414916992,26.553020477294922,22.236492156982422,23.802457809448242
1992,20.645099639892578,21.614482879638672,13.732501983642578,25.324113845825195,21.443885803222656,20.744037628173828,26.671611785888672,23.40519142150879,24.46377182006836,19.83292007446289
1993,22.260356903076172,24.758899688720703,22.793848037719727,28.759531021118164,26.307634353637695,29.518272399902344,26.056013107299805,27.65179443359375,23.570178985595703,24.934799194335938
1994,24.762426376342773,30.26357650756836,26.22309684753418,25.25347900390625,28.916690826416016,32.3524169921875,24.082616806030273,28.475786209106445,22.459434509277344,28.527809143066406
1995,24.516653060913086,25.922725677490234,25.728424072265625,28.089487075805664,27.72275161743164,29.675939559936523,25.67997169494629,29.630048751831055,24.178359985351562,28.29384422302246
1996,27.090375900268555,28.669553756713867,27.588104248046875,29.376689910888672,25.167911529541016,27.441755294799805,28.02333641052246,29.64083480834961,26.466482162475586,25.460647583007812
1997,25.689159393310547,24.552072525024414,25.17874526977539,28.87312126159668,26.782855987548828,29.322376251220703,24.9163875579834,28.912137985229492,25.6364803314209,26.14020347595215
1998,21.175777435302734,25.411468505859375,23.438190460205078,26.254581451416016,23.138654708862305,26.58768081665039,24.081026077270508,27.989883422851562,19.18568229675293,23.182003021240234
1999,26.908071517944336,28.177799224853516,24.121318817138672,29.652198791503906,28.429861068725586,30.126737594604492,29.36724090576172,34.137020111083984,30.21241569519043,30.178430557250977
2000,23.276256561279297,21.27220344543457,22.14432716369629,24.058855056762695,21.165971755981445,21.62773895263672,24.08643341064453,26.02223014831543,23.98153305053711,27.066795349121094
2001,22.749723434448242,21.055540084838867,21.255090713500977,26.71242332458496,22.322786331176758,26.784423828125,24.189834594726562,28.336042404174805,22.425588607788086,27.12479591369629
2002,24.76717758178711,20.991788864135742,21.899438858032227,26.580041885375977,23.89246940612793,26.378286361694336,26.05864715576172,30.027122497558594,24.592439651489258,27.51398277282715
2003,23.780485153198242,23.00634002685547,17.633209228515625,21.56130027770996,24.840234756469727,24.379785537719727,25.507776260375977,27.3364200592041,23.77503776550293,27.747238159179688
2004,25.061168670654297,28.03269386291504,22.152555465698242,30.060577392578125,27.257841110229492,27.71135711669922,29.662076950073242,28.18912124633789,27.40616226196289,29.877037048339844
2005,22.075054168701172,26.752182006835938,25.591703414916992,29.76241683959961,28.02678680419922,30.85584259033203,26.27004051208496,28.705551147460938,25.024457931518555,28.325136184692383
2006,25.098712921142578,26.887102127075195,23.27982521057129,30.252796173095703,26.528806686401367,28.573190689086914,26.51915168762207,25.76481056213379,24.0684814453125,30.15703010559082
2007,24.310483932495117,25.674280166625977,23.559499740600586,28.13041877746582,28.195690155029297,31.225730895996094,30.070772171020508,29.923250198364258,28.694225311279297,30.663665771484375
2008,19.969167709350586,19.546693801879883,20.954444885253906,26.744686126708984,26.40752410888672,27.43564224243164,27.253446578979492,27.945539474487305,26.722858428955078,27.500329971313477
2009,21.87867546081543,25.655317306518555,20.644245147705078,26.25798797607422,28.8837947845459,25.811485290527344,28.831296920776367,28.36552619934082,26.557283401489258,31.759571075439453
2010,16.88471031188965,17.328786849975586,10.760903358459473,27.443740844726562,24.73743438720703,22.381107330322266,21.325164794921875,19.245819091796875,21.139862060546875,25.451763153076172
2011,19.75762367248535,26.202274322509766,21.227163314819336,28.873950958251953,28.246383666992188,27.516725540161133,30.545665740966797,28.452659606933594,25.05951690673828,28.819181442260742
2012,21.99364471435547,30.48398780822754,24.122705459594727,31.843881607055664,30.150972366333008,32.447898864746094,31.768993377685547,30.50958824157715,24.627086639404297,31.81144905090332
2013,18.307884216308594,25.37069320678711,18.324256896972656,25.245040893554688,27.18209457397461,23.250747680664062,23.78013038635254,21.02533531188965,22.72273826599121,28.668235778808594
2014,18.361366271972656,25.360029220581055,19.65076446533203,26.400264739990234,23.759008407592773,24.334789276123047,27.0987491607666,23.556913375854492,24.578248977661133,29.23077392578125
2015,17.144947052001953,24.688690185546875,22.532123565673828,28.129152297973633,25.855792999267578,28.54378890991211,28.068431854248047,30.124080657958984,26.158483505249023,29.745481491088867
2016,12.243481636047363,28.82705307006836,23.09526252746582,29.117340087890625,21.69450569152832,29.783584594726562,29.160165786743164,33.34538269042969,27.883594512939453,33.167015075683594
2017,19.710113525390625,26.452974319458008,11.071674346923828,23.121292114257812,26.809301376342773,24.583864212036133,25.083677291870117,22.07026481628418,29.302400588989258,26.122289657592773
2018,18.33045768737793,25.22399139404297,23.25617790222168,27.78232765197754,26.33123779296875,28.533763885498047,27.93912696838379,31.71901512145996,28.51303482055664,29.030704498291016
2019,16.86610984802246,20.36515998840332,19.884355545043945,27.23816680908203,22.282604217529297,29.478174209594727,29.661270141601562,29.220535278320312,26.67659568786621,29.507625579833984
2020,24.215045928955078,19.441730499267578,15.877724647521973,24.98738670349121,30.509153366088867,26.168210983276367,27.239925384521484,25.521461486816406,27.29007339477539,27.768823623657227
2021,0,26.23366928100586,15.0127592086792,28.72113037109375,0,27.501495361328125,28.182580947875977,31.8967227935791,24.971878051757812,27.204294204711914