year,MaxLACHO01_,MaxLACHO03_,MaxLACHO04_,MaxLACHO05_,MaxLACHO07_,MaxLACHO14_,MaxLACHO15_,MaxLACHO16_,MaxLACHO17_,MaxLACHO19_
1439,0,0,0,586.742919921875
1440,0,0,0,741.0645141601562
1441,0,0,0,837.9563598632812
1442,0,0,0,1122.13232421875
1443,0,0,0,934.9696655273438
1444,0,0,0,1926.1519775390625
1445,0,0,0,1005.375732421875
1446,0,0,0,897.4767456054688
1447,0,0,0,1473.575927734375
1448,0,0,0,1018.0040283203125
1449,0,0,0,893.8567504882812
1450,0,0,0,1335.79345703125
1451,0,0,0,1311.6065673828125
1452,0,0,0,1208.6700439453125
1453,0,0,0,950.6846313476562
1454,0,0,0,1566.7987060546875
1455,0,0,0,1034.2122802734375
1456,0,0,0,1234.0194091796875
1457,0,0,0,1259.9168701171875
1458,0,0,0,1623.5762939453125
1459,0,0,0,1784.818115234375
1460,0,0,0,987.2589111328125
1461,0,0,0,1114.3582763671875
1462,0,0,0,1195.627685546875
1463,0,0,0,1020.7421264648438
1464,0,0,0,1009.6752319335938
1465,0,0,0,1059.4088134765625
1466,0,0,0,1071.975830078125
1467,0,0,0,1111.1497802734375
1468,0,0,0,1402.6593017578125
1469,0,0,0,1237.1231689453125
1470,0,0,0,1292.9617919921875
1471,0,0,0,865.7150268554688
1472,0,0,0,1140.87255859375
1473,0,0,0,1444.361083984375
1474,0,0,0,985.4000244140625
1475,0,0,0,2274.68115234375
1476,0,0,0,934.6185913085938
1477,0,0,0,920.9091186523438
1478,0,0,0,1253.888916015625
1479,0,0,0,1042.824951171875
1480,0,0,0,849.0357666015625
1481,0,0,0,819.8251342773438
1482,0,0,0,729.0968017578125
1483,0,0,0,2391.150634765625
1484,0,0,0,1137.46435546875
1485,0,0,0,850.0843505859375
1486,0,0,0,1725.5576171875
1487,0,0,0,987.4263305664062
1488,0,0,0,1009.73193359375
1489,0,0,0,1316.0491943359375
1490,0,0,0,1118.1021728515625
1491,0,0,0,1363.5802001953125
1492,0,0,0,1326.5665283203125
1493,0,0,0,852.8623657226562
1494,0,0,0,757.0406494140625
1495,0,0,0,1025.1632080078125
1496,0,0,0,1334.4912109375
1497,0,0,0,1442.5111083984375
1498,0,0,0,1267.58642578125
1499,0,0,0,1320.472412109375
1500,0,0,0,692.9744262695312
1501,0,0,0,1029.557861328125
1502,0,0,0,1314.176025390625
1503,0,0,0,1194.2396240234375
1504,0,0,0,1281.646728515625
1505,0,0,0,1099.185302734375
1506,0,0,0,1127.65234375
1507,0,0,0,1322.1124267578125
1508,0,0,0,1697.708740234375
1509,0,0,0,1930.093994140625
1510,0,0,0,1506.839599609375
1511,0,0,0,1353.8712158203125
1512,0,0,0,2021.6658935546875
1513,0,0,0,1319.071044921875
1514,0,0,0,1321.2578125
1515,0,0,0,1240.9127197265625
1516,0,0,0,1114.438720703125
1517,0,0,0,1747.0057373046875
1518,0,0,0,1956.0498046875
1519,0,293.53759765625,745.3018188476562,1270.7913818359375
1520,0,524.4529418945312,2448.7958984375,2435.1806640625
1521,0,1022.73388671875,0,1986.248046875
1522,0,482.2662658691406,0,1866.3543701171875
1523,0,1011.8397216796875,1232.1732177734375,1313.905029296875
1524,0,639.7872314453125,1708.7852783203125,1510.68212890625
1525,0,556.083740234375,1316.3348388671875,1433.9444580078125
1526,0,598.1538696289062,1901.9368896484375,1326.5810546875
1527,0,606.0906372070312,2269.4130859375,1457.2156982421875,0,0,457.06304931640625
1528,0,651.8882446289062,1860.60986328125,1196.3609619140625,0,0,526.8815307617188
1529,0,705.05908203125,1752.768310546875,400.7058410644531,0,0,573.0071411132812
1530,0,1180.6260986328125,1151.1295166015625,1314.9764404296875,0,0,587.044921875
1531,0,1957.09130859375,2209.021240234375,1150.06201171875,0,0,952.88037109375
1532,0,939.4240112304688,2449.17333984375,1491.295654296875,0,0,1560.0167236328125
1533,0,806.7071533203125,1748.8553466796875,1420.4583740234375,0,0,1507.06103515625
1534,0,1294.999755859375,1639.4090576171875,1767.4202880859375,0,0,1994.5262451171875
1535,0,1444.656494140625,1517.0216064453125,1092.45263671875,0,0,2485.559326171875
1536,0,1517.7867431640625,1861.3720703125,1102.5557861328125,0,0,2338.396728515625
1537,0,2055.6884765625,2301.064453125,989.3657836914062,0,0,1187.5035400390625
1538,0,2427.609619140625,2199.881103515625,1101.2474365234375,0,0,1465.0023193359375
1539,0,1534.215576171875,2017.162841796875,2408.79931640625,0,0,1780.737548828125
1540,0,2227.910400390625,1844.2667236328125,1703.743896484375,0,0,1617.1551513671875
1541,0,650.2669677734375,761.7237548828125,1137.43212890625,0,0,1636.0836181640625
1542,0,742.8939208984375,751.5565795898438,692.6509399414062,0,0,1647.03515625
1543,0,768.8955688476562,1461.6259765625,1116.2789306640625,0,0,2498.513671875
1544,0,2388.435302734375,1355.084716796875,1091.34033203125,0,0,2090.6201171875
1545,0,1417.96435546875,1404.970703125,1054.957275390625,0,0,1649.9364013671875
1546,0,1168.754638671875,1185.0587158203125,874.6531372070312,0,0,1576.025146484375
1547,0,1913.178466796875,1781.26904296875,1097.1177978515625,0,0,1030.1385498046875
1548,0,1637.7762451171875,1653.980224609375,1358.7369384765625,0,0,2100.1982421875
1549,0,1554.4481201171875,2422.3212890625,1726.8072509765625,0,0,1881.714599609375
1550,0,1230.462890625,1848.0799560546875,1262.6934814453125,0,0,1618.5673828125
1551,0,1579.87890625,2008.1766357421875,991.5394897460938,0,0,1989.765625
1552,0,2436.8935546875,1401.14453125,1537.1685791015625,0,0,1643.1595458984375
1553,0,2162.958251953125,2242.197265625,1146.0531005859375,0,0,2195.868896484375
1554,0,2186.70849609375,2413.149169921875,1519.0634765625,0,0,2056.017822265625
1555,0,1946.955322265625,2224.9287109375,1270.29638671875,0,0,1623.7476806640625
1556,0,1916.9737548828125,2319.91064453125,1178.8897705078125,0,0,1867.839599609375
1557,0,704.8110961914062,630.272705078125,432.10626220703125,0,0,1850.139404296875
1558,0,1864.1336669921875,2479.321533203125,1344.3031005859375,0,0,1851.5396728515625
1559,0,2176.298583984375,1458.9066162109375,2435.107177734375,0,0,2336.538330078125
1560,0,1519.4404296875,1421.21142578125,1077.817138671875,0,0,2038.236572265625
1561,0,2282.3310546875,2059.1748046875,1336.803466796875,0,0,2235.0029296875
1562,0,1983.095947265625,2361.68408203125,1009.3322143554688,0,0,2191.587646484375
1563,0,2320.66943359375,2266.884033203125,1395.294189453125,0,0,1792.2969970703125
1564,0,2121.646728515625,1881.955322265625,1154.0421142578125,0,0,2221.224365234375
1565,0,1443.9759521484375,2447.737548828125,1045.8094482421875,0,0,1995.9111328125,1654.99169921875
1566,0,2435.348876953125,2463.02783203125,914.6806030273438,0,0,2349.57275390625,1002.3096923828125
1567,0,2480.297607421875,2184.95556640625,1001.7745971679688,0,0,1681.5323486328125,820.2762451171875
1568,0,2437.814453125,1976.69677734375,1370.7725830078125,0,0,1700.15673828125,2175.3349609375
1569,0,2428.852294921875,2298.98193359375,1086.145263671875,0,0,1677.504638671875,1056.422119140625
1570,0,2381.031005859375,2253.6015625,1124.4896240234375,0,0,1922.668212890625,930.2042236328125
1571,0,2476.617431640625,1655.66845703125,1015.5498657226562,0,0,1317.407470703125,1847.7745361328125
1572,0,660.7205200195312,1071.931640625,504.00238037109375,0,0,2246.163818359375,1030.1544189453125
1573,0,1942.1993408203125,1937.3067626953125,1280.47021484375,0,0,2247.690673828125,1018.0780639648438
1574,0,1514.7982177734375,1567.2642822265625,1136.8695068359375,0,0,1825.130859375,1180.970703125
1575,0,1753.444091796875,2160.017822265625,1832.837646484375,0,0,2263.88037109375,1421.8323974609375
1576,0,1083.3336181640625,1228.6060791015625,964.8827514648438,0,0,1470.6812744140625,1671.4583740234375
1577,0,1495.8072509765625,1498.185302734375,1080.917724609375,0,0,1875.6944580078125,1686.9163818359375
1578,0,1777.290771484375,2255.1611328125,991.877685546875,0,0,1964.1766357421875,1445.59765625
1579,0,1238.9923095703125,2279.321533203125,1978.5987548828125,0,0,2185.811767578125,970.0061645507812
1580,0,998.0545654296875,869.9518432617188,421.2204284667969,0,0,1687.0242919921875,1406.395263671875
1581,0,1298.7188720703125,1341.449462890625,1483.9071044921875,0,0,1900.997314453125,1372.2587890625
1582,0,2071.45361328125,1593.3170166015625,1459.8424072265625,0,0,2423.57421875,1912.1845703125
1583,0,2028.5408935546875,1381.0823974609375,1064.377197265625,0,0,2132.0283203125,1348.9810791015625
1584,0,1879.54541015625,0,1398.06884765625,0,0,2000.39111328125,1616.052978515625
1585,0,1249.2103271484375,0,271.45025634765625,0,0,1787.3873291015625,802.4044799804688
1586,0,1503.318115234375,0,1349.7059326171875,0,0,2096.3544921875,1347.6424560546875,1073.8182373046875
1587,0,1764.2735595703125,0,1138.7718505859375,0,0,1479.689208984375,1395.55224609375,1193.68701171875
1588,0,1824.28759765625,0,1171.598388671875,0,170.51065063476562,2056.2978515625,1485.46044921875,1728.680419921875
1589,0,1451.43310546875,0,862.5134887695312,0,172.74075317382812,2326.666748046875,1009.2704467773438,1193.7200927734375
1590,0,1987.99853515625,0,1222.909912109375,0,176.76226806640625,2417.3310546875,1330.78076171875,1186.0677490234375
1591,0,1685.5413818359375,0,1696.18603515625,0,194.84288024902344,2023.2222900390625,1502.5057373046875,1998.95166015625
1592,0,1305.3797607421875,0,1645.0860595703125,0,224.56150817871094,1353.3421630859375,1248.6513671875,1904.6153564453125
1593,0,1332.7679443359375,0,1437.573486328125,0,238.06532287597656,2121.54296875,1911.51611328125,1612.5157470703125
1594,0,1812.343017578125,0,1295.5499267578125,0,395.9669189453125,1791.24609375,1275.518310546875,2036.8751220703125
1595,0,2163.95263671875,0,1377.4935302734375,0,302.111572265625,2074.486328125,1306.26171875,1586.150146484375
1596,0,2057.887451171875,0,2096.389892578125,0,376.0445251464844,1650.9664306640625,1570.7308349609375,2104.97216796875
1597,0,1922.564208984375,0,749.192626953125,0,316.6483459472656,867.1787719726562,1234.96728515625,2150.537841796875
1598,0,1742.26904296875,0,1218.629150390625,0,446.6710510253906,2054.339599609375,1471.69482421875,1183.1590576171875
1599,0,1937.8056640625,0,1171.1722412109375,0,396.9105529785156,2249.742431640625,1553.5374755859375,1795.96337890625
1600,0,1295.9476318359375,0,1586.506103515625,0,471.5052795410156,2458.340087890625,1195.73681640625,2263.950927734375
1601,0,1255.51123046875,0,1006.26708984375,0,407.7645568847656,1603.010498046875,1232.43115234375,1856.341796875
1602,0,1124.1668701171875,0,1260.174560546875,0,395.023681640625,2337.586669921875,1339.5927734375,1724.8072509765625
1603,0,1428.7977294921875,0,1726.490478515625,0,347.0793762207031,2431.587890625,1353.463623046875,1235.02783203125
1604,0,1265.4947509765625,0,1404.1705322265625,0,606.8101196289062,2228.670166015625,1462.7635498046875,1968.623046875
1605,0,1362.2388916015625,0,869.18701171875,0,528.2412719726562,635.7990112304688,862.2479858398438,2243.26416015625
1606,0,1732.5784912109375,0,1470.5540771484375,0,496.544921875,1728.739013671875,1478.0869140625,1162.85400390625
1607,0,1692.39990234375,0,1285.7041015625,0,455.131591796875,1810.8983154296875,1181.75439453125,2454.36181640625
1608,0,2293.1201171875,0,1144.9456787109375,0,450.3135986328125,2112.869140625,1516.3994140625,2153.39306640625
1609,0,1554.273193359375,0,1046.702880859375,0,461.2102355957031,2045.268310546875,1209.4727783203125,1976.076171875
1610,0,2345.661865234375,0,1173.460205078125,0,364.35992431640625,855.9950561523438,1286.912109375,1580.292724609375
1611,0,1529.8660888671875,0,1268.7708740234375,0,415.9814147949219,1269.08056640625,942.3447265625,2400.097900390625
1612,0,1553.1031494140625,0,1451.270751953125,0,395.7626037597656,2465.679443359375,1182.4931640625,1609.6307373046875
1613,0,1484.28564453125,0,2424.352783203125,0,392.30853271484375,1986.642822265625,1936.6539306640625,2406.229736328125
1614,0,1566.571533203125,0,939.4036254882812,0,460.3446960449219,2060.129150390625,947.50390625,2289.784423828125
1615,0,1486.7353515625,0,1498.0782470703125,0,448.690673828125,2430.710693359375,1275.911865234375,1261.9603271484375
1616,0,1602.171142578125,0,1331.47607421875,0,561.2071533203125,2377.135498046875,1205.911865234375,1805.5228271484375,701.8494262695312
1617,0,1654.0191650390625,0,930.4830322265625,0,491.47515869140625,2246.807861328125,1020.828125,1627.4376220703125,943.7027587890625
1618,0,1420.381591796875,0,1402.1744384765625,0,516.7503051757812,2387.50244140625,1026.93017578125,1082.2030029296875,1048.5994873046875
1619,0,1108.0079345703125,0,908.0023193359375,0,468.4343566894531,2458.996337890625,518.0599975585938,1200.489990234375,1280.7100830078125
1620,0,995.23095703125,0,1510.1473388671875,0,407.21063232421875,2407.439208984375,789.6544799804688,440.94171142578125,1149.1971435546875
1621,0,2017.6650390625,0,1710.510498046875,0,649.8787841796875,2434.13525390625,1267.960205078125,2410.622314453125,1511.161376953125
1622,0,2390.72119140625,0,1385.49462890625,0,453.9627685546875,1443.2462158203125,1776.7664794921875,748.6495971679688,946.4614868164062
1623,0,1412.5731201171875,0,1432.5103759765625,0,561.2860107421875,2316.984375,1369.619873046875,1817.394775390625,1806.0709228515625
1624,0,1931.0166015625,0,1396.1824951171875,0,519.5669555664062,2135.422607421875,1231.7095947265625,1313.57080078125,2385.165283203125
1625,0,2461.745849609375,0,1476.919189453125,0,560.6698608398438,2257.094970703125,1477.796630859375,1530.4482421875,1198.9962158203125
1626,0,2214.440673828125,0,1447.1932373046875,0,582.53173828125,2307.89990234375,1709.53271484375,1984.6884765625,2130.603759765625
1627,0,2271.712890625,0,792.265625,0,602.0078735351562,2392.597412109375,1159.1866455078125,789.1148681640625,1312.41259765625
1628,0,1658.089599609375,0,800.8619384765625,0,480.20611572265625,2490.40869140625,1121.84033203125,1581.740234375,1625.5469970703125
1629,0,2054.94580078125,0,999.0711059570312,0,542.2388305664062,2328.3681640625,1229.6768798828125,1604.5357666015625,1136.22216796875
1630,0,1604.5523681640625,0,1505.775634765625,0,502.7658996582031,2404.9833984375,1206.4212646484375,1436.092529296875,1096.71044921875
1631,0,2463.4248046875,0,1346.647216796875,0,554.0333862304688,2193.4287109375,1080.437744140625,1213.2567138671875,1480.2039794921875
1632,0,2131.863525390625,0,699.7376098632812,0,526.4046630859375,2351.353759765625,966.3895263671875,548.3748779296875,1465.648681640625
1633,0,2323.76025390625,0,994.6372680664062,0,611.806884765625,1546.1396484375,1308.7093505859375,1025.48291015625,1877.03076171875
1634,0,2232.0283203125,0,1194.91259765625,0,710.859130859375,2166.62939453125,1417.600830078125,467.4978942871094,1840.566162109375
1635,0,2172.914306640625,0,629.384521484375,0,739.026123046875,2115.94189453125,1286.4571533203125,556.0949096679688,1656.5484619140625
1636,0,1999.962646484375,0,844.9673461914062,0,554.1385498046875,1994.938720703125,1159.115478515625,619.1624755859375,1889.40283203125
1637,0,1940.039794921875,0,956.0511474609375,0,511.76824951171875,2263.498291015625,1086.1591796875,660.9273681640625,1420.85888671875
1638,0,2409.7919921875,0,978.827880859375,0,627.5669555664062,1937.7552490234375,1156.4112548828125,1628.3192138671875,2139.6591796875
1639,0,2406.832275390625,0,1349.35400390625,0,486.1679992675781,2025.8046875,1422.1627197265625,1405.8060302734375,2466.82177734375
1640,0,2458.854736328125,0,1976.7952880859375,0,615.1106567382812,2355.528076171875,1436.25146484375,1329.06640625,2133.49365234375
1641,0,1893.67578125,0,1275.4808349609375,0,596.2075805664062,1425.3656005859375,1478.427978515625,1037.0113525390625,1695.057861328125
1642,0,883.2200317382812,0,970.9826049804688,0,320.1112976074219,2467.96435546875,580.9511108398438,1496.4976806640625,1661.4263916015625
1643,0,1396.2587890625,0,674.7058715820312,0,306.78662109375,1484.9468994140625,623.9656372070312,1472.815185546875,1729.5738525390625
1644,0,2447.29150390625,0,1118.2176513671875,0,612.813232421875,1118.4608154296875,1161.25927734375,1269.6402587890625,1148.8546142578125
1645,0,404.6267395019531,0,502.0562438964844,0,880.995361328125,1891.3133544921875,776.513916015625,857.7779541015625,684.1910400390625
1646,0,1835.9659423828125,0,1302.901123046875,0,643.3806762695312,1132.3424072265625,1188.7091064453125,865.23486328125,2118.177001953125
1647,0,1792.8829345703125,0,1303.056640625,0,648.8380126953125,2280.407470703125,1404.719970703125,1363.707275390625,1261.1968994140625
1648,0,1847.736572265625,0,969.6350708007812,0,478.86798095703125,1228.106689453125,1220.56298828125,1628.144775390625,1343.562255859375
1649,0,1897.786865234375,0,1439.1309814453125,0,572.9178466796875,2278.226806640625,1452.2783203125,595.5909423828125,1523.0985107421875
1650,0,1729.765380859375,0,1379.098388671875,0,573.7332763671875,1904.27587890625,1162.2330322265625,888.7147216796875,2304.9580078125
1651,0,1722.01416015625,0,759.8729248046875,0,556.89697265625,1803.6785888671875,1129.9541015625,1432.54638671875,1062.7921142578125
1652,0,1366.9456787109375,0,1081.3260498046875,0,711.4539184570312,1884.9219970703125,1185.708251953125,1387.8189697265625,1489.470458984375
1653,0,483.9597473144531,0,1147.5194091796875,0,810.5714111328125,1738.48486328125,1323.58251953125,103.17616271972656,1146.1253662109375
1654,0,1959.1385498046875,0,1166.485595703125,0,780.563720703125,2297.268310546875,1271.9490966796875,716.92333984375,2107.68798828125
1655,0,2366.008544921875,0,1245.9171142578125,0,796.8101806640625,2184.7626953125,1598.1383056640625,1556.9610595703125,2406.035888671875
1656,0,1511.0107421875,0,1040.634765625,0,887.0604248046875,1528.9364013671875,1827.232666015625,794.2900390625,2054.97607421875
1657,0,1446.5301513671875,0,1510.9024658203125,0,930.9813232421875,2424.235107421875,2150.078125,1690.255126953125,1860.6253662109375
1658,0,1869.022216796875,0,1196.3367919921875,0,942.656982421875,1092.9925537109375,1569.095458984375,2161.956298828125,2461.307373046875
1659,0,1907.9674072265625,0,1236.663330078125,0,819.3366088867188,1129.0263671875,1689.133056640625,1839.28955078125,2493.498046875
1660,0,1451.1485595703125,0,1346.1409912109375,0,836.2794189453125,1356.966064453125,2086.65966796875,2018.768310546875,1360.54296875
1661,0,724.322998046875,0,176.22520446777344,0,730.143310546875,1630.71533203125,1429.763916015625,839.07080078125,1540.3316650390625
1662,0,1296.8931884765625,0,1304.635009765625,0,749.6832885742188,2352.74755859375,1402.728759765625,678.4074096679688,1784.7867431640625
1663,0,1579.2225341796875,0,1347.2398681640625,0,796.5584716796875,1932.1202392578125,1555.947021484375,1799.9527587890625,1254.1221923828125
1664,224.4236297607422,2494.53662109375,0,1702.493408203125,0,729.0134887695312,2259.465576171875,1609.2767333984375,2449.923583984375,2474.513671875
1665,620.3970947265625,1490.5201416015625,0,1195.9613037109375,0,1017.0828247070312,1402.2860107421875,1511.97216796875,1195.2100830078125,2412.011474609375
1666,601.89892578125,1910.879150390625,0,1410.5589599609375,0,1382.3399658203125,935.5054321289062,1703.4713134765625,1138.258544921875,1740.6180419921875
1667,674.4234008789062,1801.822998046875,1622.866943359375,1516.6522216796875,0,998.543701171875,2071.246337890625,1902.3568115234375,2107.19140625,1797.5560302734375
1668,777.9368286132812,1399.5615234375,2096.744384765625,744.0790405273438,0,1094.164306640625,1790.585205078125,2345.396484375,682.424072265625,2351.3515625
1669,652.4660034179688,1605.2230224609375,1420.90380859375,1410.7791748046875,0,1403.1728515625,2259.966796875,1667.38232421875,1051.658447265625,1475.2635498046875
1670,832.9948120117188,1548.765625,1387.990234375,1224.388916015625,0,1279.7191162109375,1426.34033203125,1579.515380859375,1571.7939453125,1628.913330078125
1671,741.3048095703125,1318.6717529296875,1941.7557373046875,1038.5594482421875,0,1153.56494140625,1178.05712890625,1760.380615234375,1352.87158203125,2132.72119140625
1672,1462.71826171875,1799.001953125,2157.934814453125,1759.39501953125,0,1274.889892578125,854.5872802734375,1589.348876953125,1548.902587890625,2131.0537109375
1673,1391.0911865234375,1872.3515625,2348.2998046875,1764.1318359375,0,1427.8057861328125,1502.1197509765625,1756.7098388671875,2004.4161376953125,2085.23046875
1674,2058.56005859375,1708.000244140625,1894.9608154296875,1584.36328125,0,1355.2657470703125,1568.056884765625,1733.620361328125,2381.31298828125,1991.0889892578125
1675,1334.565185546875,813.9437255859375,1782.119140625,737.4573974609375,0,941.7290649414062,2308.23388671875,1103.093017578125,943.1409912109375,1747.218017578125
1676,1016.8756103515625,1722.89892578125,1362.261962890625,1114.6837158203125,0,748.9212036132812,2327.634521484375,1098.7860107421875,2035.515869140625,2158.30419921875
1677,1841.31494140625,1379.2154541015625,1845.7584228515625,1642.613525390625,0,1426.6102294921875,2248.15625,1649.106201171875,1568.908447265625,1833.642822265625
1678,1991.024658203125,1685.854248046875,2155.474853515625,1382.63671875,0,1180.3929443359375,1781.6424560546875,1728.58154296875,865.76513671875,2327.99658203125
1679,2108.035400390625,1611.593017578125,2208.81298828125,1425.66845703125,0,1405.7391357421875,2194.92236328125,1683.592041015625,1783.3841552734375,1604.6868896484375
1680,1605.4658203125,1451.8623046875,566.832275390625,550.3300170898438,0,651.0948486328125,1664.7347412109375,398.5662536621094,727.9367065429688,607.8425903320312
1681,1961.696533203125,1757.383544921875,1542.025390625,821.3511352539062,0,852.26904296875,2289.15625,1492.3206787109375,2487.9453125,1997.8673095703125
1682,1779.3297119140625,1626.068115234375,2411.596435546875,1736.4971923828125,0,1068.583251953125,1034.32080078125,1543.0482177734375,1727.545654296875,1745.21142578125
1683,1757.951904296875,1876.207763671875,1442.3372802734375,1264.91552734375,0,928.7666625976562,989.109130859375,1597.0435791015625,2451.383544921875,1245.0865478515625
1684,1790.459228515625,185.70022583007812,2184.50048828125,1402.5020751953125,0,1561.4293212890625,2233.899658203125,1686.2349853515625,1642.5142822265625,2048.513671875
1685,1732.054443359375,1545.0394287109375,1313.4527587890625,1133.2664794921875,0,1348.771728515625,2037.1112060546875,1551.804931640625,1289.633544921875,1641.45751953125
1686,1217.34326171875,1751.4764404296875,2063.7880859375,1550.4239501953125,0,1308.5504150390625,2166.584228515625,1469.4722900390625,1704.0469970703125,2167.2294921875
1687,1671.745849609375,1702.2706298828125,1965.867919921875,1430.118896484375,0,1144.7269287109375,1972.2274169921875,1377.6351318359375,1300.09130859375,2441.7763671875
1688,1191.790283203125,1476.6978759765625,1333.151123046875,1326.320068359375,0,1056.64013671875,1577.2935791015625,1285.9161376953125,870.1126098632812,1394.88671875
1689,1691.2840576171875,1617.546875,1689.42138671875,1441.726318359375,0,1596.7880859375,1537.8741455078125,1213.0843505859375,1066.8935546875,2183.817626953125
1690,1709.2291259765625,783.1806030273438,1222.367919921875,730.533935546875,108.84635925292969,1568.485595703125,1739.7889404296875,709.5399169921875,424.98260498046875,1673.4459228515625
1691,1758.9854736328125,1636.14111328125,2349.93408203125,1664.1893310546875,392.4876403808594,1593.52294921875,1787.7691650390625,1409.914794921875,2035.31103515625,2047.85986328125
1692,1781.793701171875,1728.1864013671875,85.5575180053711,264.06964111328125,928.421875,1078.32080078125,2426.2041015625,1262.9700927734375,1307.0360107421875,1819.9056396484375
1693,1879.6978759765625,1983.06591796875,1643.5377197265625,1314.792236328125,695.7125854492188,1166.443603515625,2442.363037109375,1493.9801025390625,1814.346923828125,2112.341796875
1694,1570.8328857421875,1650.84814453125,2414.40185546875,1521.852294921875,1179.278076171875,1143.6009521484375,2277.53564453125,1607.8331298828125,1634.273681640625,2138.65576171875
1695,1182.8787841796875,698.8936157226562,1049.9161376953125,46.01304244995117,1192.64501953125,305.7029113769531,2399.27099609375,1163.3876953125,1157.4669189453125,1633.158203125
1696,150.24557495117188,514.744140625,457.5623779296875,1231.888916015625,440.7513732910156,656.4397583007812,1569.9400634765625,1108.8726806640625,1945.392333984375,2230.859619140625
1697,1179.259521484375,1768.4637451171875,2250.82763671875,1392.6796875,843.8558959960938,1278.3914794921875,2411.776123046875,1650.01953125,1341.33740234375,1532.5048828125
1698,841.0364990234375,394.0672607421875,496.4053039550781,298.1694030761719,0,760.9140625,2329.734375,668.7342529296875,1441.1719970703125,537.8580932617188
1699,1049.097900390625,2327.3310546875,1530.649658203125,1253.9439697265625,387.61138916015625,1276.6544189453125,1323.5517578125,2289.54638671875,1465.7601318359375,1404.649169921875
1700,1796.7823486328125,1997.6981201171875,1488.0128173828125,1214.6708984375,536.1619262695312,1379.102783203125,1653.4808349609375,1643.049560546875,1580.4127197265625,1537.499755859375
1701,2217.3173828125,1710.6351318359375,1589.6807861328125,1390.8370361328125,378.1417236328125,1190.5006103515625,2333.529541015625,2410.243408203125,2407.43017578125,2420.604736328125
1702,1870.2684326171875,1973.7811279296875,1653.8643798828125,1260.8477783203125,462.89434814453125,1475.291748046875,2118.776123046875,1814.7667236328125,2300.962646484375,1822.1793212890625
1703,1721.614990234375,2312.54150390625,1355.123046875,1150.3017578125,1344.46533203125,1279.7811279296875,2172.546142578125,1751.051025390625,1376.81982421875,1770.355712890625
1704,2153.369140625,1806.0186767578125,2411.588134765625,1415.12451171875,916.4122924804688,2431.23681640625,2369.602783203125,2079.088134765625,1420.92529296875,1630.989501953125
1705,2069.01904296875,1967.3853759765625,2314.100830078125,1289.9486083984375,854.9750366210938,1469.4151611328125,2083.6943359375,1924.247314453125,2396.619140625,1724.8692626953125
1706,1370.0478515625,1626.14306640625,1397.580078125,1284.4512939453125,1347.051513671875,1053.7471923828125,1384.9295654296875,2009.70556640625,1536.450439453125,1768.6099853515625
1707,1607.4620361328125,1809.265380859375,2246.687255859375,1557.751220703125,856.9445190429688,1325.2215576171875,1776.4935302734375,1596.114013671875,2340.0205078125,1880.0699462890625
1708,1771.3238525390625,2104.46826171875,2006.9830322265625,1485.7169189453125,1035.240234375,1720.9632568359375,1987.829345703125,1827.6734619140625,1516.285400390625,2316.5625
1709,1476.790283203125,1505.479248046875,1113.423828125,1383.0245361328125,788.5662231445312,1352.436767578125,2475.17431640625,1724.552978515625,457.33197021484375,1186.5911865234375
1710,1794.482666015625,2078.21337890625,2364.643310546875,1543.991455078125,1506.5086669921875,1445.1788330078125,1052.94384765625,2090.206787109375,573.3021850585938,1378.283203125
1711,1564.323974609375,1451.6265869140625,1665.2091064453125,421.1955261230469,1743.275146484375,1247.2115478515625,2302.70654296875,1596.468017578125,2406.586669921875,1245.427978515625
1712,1546.0872802734375,1960.2158203125,1933.3345947265625,1449.5853271484375,720.0740356445312,1487.111328125,1531.66357421875,2026.6962890625,2495.0361328125,1467.228759765625
1713,1373.9246826171875,1889.3978271484375,2466.501953125,1343.5435791015625,1518.45068359375,1566.3980712890625,1638.0206298828125,2011.0198974609375,1864.6019287109375,1358.0321044921875
1714,1776.52099609375,1638.8062744140625,2252.357177734375,1460.9744873046875,688.4183349609375,1952.3299560546875,1774.7733154296875,1809.121826171875,1465.8306884765625,1631.595458984375
1715,1708.9207763671875,1880.3109130859375,1678.787353515625,1243.9718017578125,1831.454345703125,2169.8916015625,993.5220336914062,1552.7958984375,1431.1099853515625,1480.3143310546875
1716,1924.39111328125,2286.995361328125,2347.97216796875,1803.8785400390625,958.0425415039062,2225.861572265625,2348.814453125,1921.285400390625,1998.2696533203125,1489.35205078125
1717,1424.69873046875,1757.353515625,930.2894897460938,683.9329833984375,1118.3995361328125,2274.5009765625,2229.166748046875,1484.4822998046875,1148.0875244140625,963.8859252929688
1718,1919.0203857421875,1948.7691650390625,2006.748046875,1000.256591796875,1571.220947265625,2076.974853515625,1636.479248046875,1577.1771240234375,2062.85302734375,1295.8516845703125
1719,1631.8482666015625,1724.7239990234375,1228.36767578125,1397.7978515625,1043.0201416015625,2366.50341796875,1439.169677734375,2323.007568359375,1423.3455810546875,1230.044921875
1720,1724.5428466796875,2325.49853515625,1967.88671875,1330.9246826171875,762.0078125,2481.912353515625,1596.1031494140625,1766.2237548828125,2063.70361328125,2055.37841796875
1721,2010.550537109375,1842.83740234375,2252.56103515625,1568.4833984375,858.084716796875,2452.411376953125,2347.52490234375,2100.37744140625,2180.80859375,1348.2030029296875
1722,1763.9127197265625,2479.70361328125,1950.28759765625,1458.85986328125,745.71875,2368.385986328125,2276.49609375,2179.4287109375,1534.58984375,2148.635986328125
1723,1917.7259521484375,2190.501953125,2049.562744140625,1566.0606689453125,1439.032470703125,2495.816650390625,2495.97705078125,2397.29736328125,2239.6650390625,1337.719482421875
1724,2006.0179443359375,1853.62744140625,1664.0101318359375,1555.7264404296875,2450.622802734375,2267.930419921875,1938.359130859375,2372.952392578125,1284.86279296875,1220.3546142578125
1725,2002.594970703125,1828.80712890625,1167.44775390625,1632.7679443359375,1571.6534423828125,1390.380615234375,2319.07763671875,1474.3311767578125,1856.4697265625,1262.293701171875
1726,2272.87451171875,2084.992431640625,2207.00634765625,1496.072021484375,2256.147705078125,2439.18603515625,1408.1575927734375,2217.174560546875,1203.3680419921875,1411.84765625
1727,2069.784423828125,1655.095947265625,2457.33642578125,1334.668212890625,1452.588623046875,1720.5880126953125,2287.7314453125,1924.1400146484375,1364.429443359375,1197.072998046875
1728,1899.0867919921875,2321.760498046875,2267.263671875,2444.669189453125,1187.1021728515625,2484.017578125,2015.495361328125,2406.8046875,2014.6380615234375,1708.828857421875
1729,1822.314453125,1837.08984375,1412.5284423828125,1226.5120849609375,1419.2459716796875,2221.591552734375,2062.11669921875,1605.8309326171875,830.3092041015625,1569.8609619140625
1730,1448.261474609375,482.34442138671875,686.3080444335938,919.7443237304688,1031.44970703125,963.7674560546875,2299.593505859375,1115.3125,850.0073852539062,959.34326171875
1731,1419.9219970703125,1987.610595703125,2030.9403076171875,1253.6915283203125,1498.525146484375,2012.69775390625,860.5248413085938,2136.537841796875,2146.70703125,1335.5606689453125
1732,1529.2266845703125,2192.3115234375,2402.85888671875,1641.6727294921875,1011.9146118164062,2361.786376953125,2198.7568359375,2460.612060546875,2121.658203125,1785.177978515625
1733,2032.3189697265625,2172.048828125,2346.83740234375,1841.3760986328125,564.7767333984375,2423.209716796875,2341.776611328125,2395.28662109375,1877.5557861328125,1528.4228515625
1734,1728.911376953125,2196.581787109375,2436.12890625,1470.8934326171875,1284.771728515625,2089.219482421875,2276.895263671875,2348.741455078125,2490.9384765625,1577.99658203125
1735,1357.130126953125,2208.44189453125,1881.5616455078125,2355.3369140625,1769.016357421875,2349.624755859375,2030.0140380859375,2480.936767578125,2211.3076171875,1284.5284423828125
1736,1802.989990234375,2332.73974609375,2462.997802734375,1508.854248046875,1320.1439208984375,2394.77490234375,2303.78662109375,2288.675048828125,1889.996826171875,1744.755126953125
1737,1648.8009033203125,2264.2021484375,2442.22216796875,1928.3570556640625,1464.216552734375,1374.4337158203125,2372.795166015625,2093.156982421875,1937.2156982421875,1555.62841796875
1738,1786.047607421875,2394.80322265625,2102.806884765625,2281.244140625,998.8204345703125,2078.943359375,1538.9093017578125,2302.012451171875,2309.73388671875,1364.1041259765625
1739,2168.93701171875,1977.9249267578125,2424.94189453125,1682.2216796875,1234.647216796875,1967.0284423828125,1210.7445068359375,2291.592529296875,2069.088623046875,1615.47705078125
1740,1678.0963134765625,1478.1968994140625,1833.1771240234375,1362.1383056640625,979.244873046875,1219.0843505859375,2492.19140625,2435.05078125,355.8444519042969,1204.955322265625
1741,1622.8126220703125,2318.573486328125,2385.619140625,1580.166259765625,1034.4320068359375,1423.876220703125,1464.800048828125,2165.19091796875,2048.99755859375,1289.4078369140625
1742,1948.3660888671875,1802.1651611328125,2109.952880859375,1513.84765625,1321.8062744140625,1421.5498046875,2374.987060546875,1776.7318115234375,976.71923828125,1499.55078125
1743,1769.035888671875,2286.12939453125,2384.916259765625,1178.885498046875,1135.6650390625,1542.5238037109375,1088.3980712890625,1497.8453369140625,1581.177734375,1309.7320556640625
1744,1524.3165283203125,1866.7491455078125,2376.36279296875,1132.38037109375,965.7684326171875,1169.559814453125,2479.704345703125,2484.84326171875,1780.6260986328125,1338.38671875
1745,1688.7294921875,2090.01123046875,2445.29541015625,1450.160888671875,1163.2740478515625,1322.2745361328125,2166.33544921875,2479.488037109375,2259.78173828125,2284.45458984375
1746,1944.052490234375,1973.4683837890625,2236.221923828125,1391.614501953125,940.4039306640625,1580.881591796875,2043.141357421875,1897.956298828125,1941.0028076171875,1386.9150390625
1747,1809.9732666015625,1596.34423828125,2463.500244140625,2073.710205078125,1087.8736572265625,1362.3983154296875,1984.547607421875,1505.072509765625,1657.4849853515625,1179.0859375
1748,1983.365478515625,1888.8272705078125,2388.199951171875,2421.064208984375,1118.0069580078125,1645.538330078125,1855.9219970703125,2467.48681640625,2015.37744140625,1557.7144775390625
1749,2267.863525390625,2103.607421875,2454.47412109375,2264.182861328125,1985.9254150390625,1889.830810546875,2297.25830078125,2492.246337890625,2145.5771484375,1562.1318359375
1750,1422.6038818359375,1780.44921875,2380.124755859375,1569.376953125,1769.3646240234375,1872.533935546875,2196.121826171875,2498.442138671875,1908.8759765625,1780.86279296875
1751,1975.0943603515625,1759.7586669921875,2429.10107421875,1450.934326171875,1925.41259765625,1731.8709716796875,2499.275146484375,2425.8994140625,1252.8714599609375,1308.4193115234375
1752,2062.9306640625,2307.43994140625,2142.712158203125,2225.689697265625,1461.6654052734375,1887.2637939453125,2382.775634765625,2403.135498046875,2320.218994140625,1674.4473876953125
1753,1702.0775146484375,1666.3043212890625,1682.714599609375,1189.6939697265625,1444.6373291015625,1454.46533203125,943.7473754882812,2388.137451171875,1028.6275634765625,1370.69384765625
1754,1476.1116943359375,1563.608154296875,1947.5941162109375,1603.3851318359375,1588.079345703125,1323.568115234375,1650.88232421875,2203.414306640625,1788.1329345703125,1302.6993408203125
1755,2388.73095703125,1987.3787841796875,0,1460.4854736328125,2231.1181640625,1755.26611328125,2380.2548828125,2424.380615234375,2262.0595703125,1841.2044677734375
1756,1602.015869140625,2409.40087890625,1546.5120849609375,1909.9049072265625,1953.923583984375,2218.268310546875,1557.3665771484375,2095.99267578125,2204.8154296875,2098.484375
1757,1907.22412109375,2288.251708984375,1969.4959716796875,1983.5828857421875,1485.63623046875,1884.8424072265625,987.489013671875,2462.360107421875,2402.123046875,2190.365478515625
1758,1852.95166015625,1829.649658203125,1623.896728515625,1704.2506103515625,1346.152587890625,1966.5703125,1829.6669921875,2436.088623046875,2401.458984375,2484.2568359375
1759,2292.47119140625,2283.752197265625,1512.760986328125,1403.6015625,145.56773376464844,1586.829345703125,1152.5693359375,2364.949951171875,2472.2705078125,1877.713623046875
1760,2014.0093994140625,2170.987548828125,1675.8896484375,1333.6578369140625,1388.2208251953125,1541.7364501953125,1250.6484375,2341.11865234375,1714.500244140625,1471.65185546875
1761,2239.606201171875,2038.6654052734375,2338.46728515625,1410.986572265625,1988.7669677734375,1338.110595703125,2381.87255859375,2491.290771484375,1423.4600830078125,1697.6678466796875
1762,1524.9324951171875,535.6712646484375,1078.29931640625,124.52371215820312,760.4151000976562,80.92744445800781,2413.8125,513.3544311523438,90.76445007324219,389.6762390136719
1763,2342.63134765625,2490.480712890625,2411.062744140625,2434.736572265625,1476.5802001953125,1515.8201904296875,2494.19970703125,2444.777587890625,2437.216796875,2478.338134765625
1764,2094.8505859375,2243.258056640625,1348.59326171875,1593.65380859375,1072.814453125,1342.6783447265625,1225.2978515625,1829.58984375,2398.628173828125,2227.103515625
1765,2356.171630859375,2252.049072265625,1945.6634521484375,1878.099365234375,1521.0279541015625,1563.7613525390625,2336.480224609375,2479.54345703125,2428.301025390625,1543.8858642578125
1766,1917.2099609375,1889.8958740234375,1700.6163330078125,2275.9306640625,1411.24169921875,1310.7666015625,1261.629638671875,2454.55908203125,2125.880126953125,2459.605712890625
1767,2249.611328125,2147.32568359375,1764.7322998046875,1287.27197265625,1027.2001953125,1492.13671875,1470.9652099609375,2251.666015625,1819.166748046875,2173.6552734375
1768,1701.8179931640625,1896.0029296875,1505.7147216796875,1896.2705078125,1273.98193359375,1526.0833740234375,2345.68798828125,2333.7783203125,2206.015380859375,1757.8770751953125
1769,2222.26318359375,1675.7037353515625,2333.69677734375,1337.0556640625,1137.2713623046875,1256.9918212890625,1410.4052734375,2292.2177734375,2417.80517578125,1538.658447265625
1770,1858.859619140625,1172.6646728515625,1557.97998046875,801.4185180664062,994.7942504882812,941.97705078125,2451.0712890625,1454.041748046875,1149.390869140625,1455.646728515625
1771,1959.8267822265625,2331.184814453125,1720.341796875,1967.5958251953125,1696.6705322265625,1430.762451171875,2274.636474609375,2367.3896484375,2017.470703125,2317.499755859375
1772,1873.078369140625,2264.30078125,1668.1180419921875,1743.01513671875,1066.534912109375,1120.732666015625,2278.35888671875,2414.02099609375,1442.5634765625,1221.3319091796875
1773,1824.5430908203125,2087.76513671875,1636.2825927734375,1751.43212890625,1438.2589111328125,1646.7479248046875,2430.35888671875,2050.253173828125,1345.5064697265625,1384.8447265625
1774,1886.9852294921875,1989.0469970703125,1687.3765869140625,2185.991943359375,1393.7589111328125,1239.9713134765625,1397.0345458984375,2400.1171875,1704.0721435546875,1443.4522705078125
1775,1787.9215087890625,2423.086181640625,2163.253173828125,2322.3583984375,2357.888916015625,1368.1993408203125,2189.953857421875,2460.13525390625,2399.43017578125,1599.5013427734375
1776,2354.378662109375,1613.6207275390625,1571.3641357421875,1790.6087646484375,1305.9625244140625,1204.6871337890625,1401.56494140625,2240.145751953125,2427.72314453125,1281.3671875
1777,1969.494384765625,1962.5032958984375,1858.77001953125,1590.114013671875,1239.7381591796875,2136.46728515625,2247.24853515625,2319.403564453125,2250.874755859375,2476.91064453125
1778,2100.058837890625,2079.40087890625,1723.2318115234375,2005.7391357421875,1210.98828125,2123.354248046875,1308.295654296875,2380.334228515625,2193.277587890625,1710.7449951171875
1779,1597.642822265625,1371.3819580078125,1563.8533935546875,1412.7030029296875,1017.0370483398438,951.0281982421875,0,2111.686279296875,1388.750244140625,1411.0338134765625
1780,1715.4296875,1713.7862548828125,1818.33203125,1207.165283203125,898.403076171875,777.053955078125,0,1581.1414794921875,822.2650146484375,1453.247314453125
1781,1646.3017578125,1950.241943359375,2417.150146484375,1996.7431640625,1553.1031494140625,1441.628662109375,0,2465.729248046875,1946.81591796875,1547.1435546875
1782,1778.868896484375,2363.766357421875,2404.44091796875,2155.32958984375,1193.8612060546875,1381.254150390625,0,2477.33203125,2095.428955078125,1565.1075439453125
1783,2107.2548828125,2172.507080078125,1983.62890625,2280.7890625,1209.80078125,1972.1492919921875,0,2368.769775390625,2188.04296875,1584.0657958984375
1784,1898.97705078125,2100.159912109375,1455.922607421875,1965.66259765625,2483.10498046875,2149.00244140625,0,2367.27587890625,2220.774169921875,1391.263671875
1785,1686.7442626953125,2428.692138671875,1890.31689453125,1683.8739013671875,1390.4493408203125,2426.61376953125,0,2493.312255859375,1661.6461181640625,1672.243896484375
1786,2238.442138671875,1844.542236328125,2356.4873046875,1545.6695556640625,2252.383544921875,2435.91015625,0,2393.07666015625,2156.054931640625,2380.908203125
1787,2338.652587890625,1615.7208251953125,1695.4510498046875,1906.2298583984375,2335.384033203125,2419.216552734375,0,2443.19140625,1797.204345703125,1714.9801025390625
1788,1840.361572265625,2238.29931640625,1628.3900146484375,1872.1053466796875,2380.499267578125,1424.4005126953125,0,2337.383544921875,2189.91845703125,1603.61865234375
1789,2083.58642578125,2384.649658203125,1829.099853515625,1642.18310546875,2339.2880859375,1937.290771484375,0,2466.2412109375,2147.296142578125,2317.03564453125
1790,1955.59619140625,1970.829833984375,2227.6083984375,1396.3031005859375,2460.895263671875,2468.989990234375,0,2483.226806640625,2395.73388671875,1698.2984619140625
1791,1911.9752197265625,1624.02783203125,1789.531982421875,1810.3409423828125,2215.79248046875,2132.561767578125,0,2365.33837890625,2087.47607421875,2074.085693359375
1792,2260.086669921875,1862.154541015625,1816.9417724609375,2098.069580078125,2473.281982421875,2419.882080078125,0,2136.42919921875,2036.2852783203125,1949.3900146484375
1793,1491.283447265625,1884.67578125,2206.370849609375,2355.998779296875,2445.442626953125,2191.667724609375,0,2159.368408203125,2210.51220703125,2305.875
1794,2036.8001708984375,1316.1788330078125,1685.958251953125,2222.8046875,2139.866455078125,1264.4456787109375,0,1326.9583740234375,979.7186889648438,1951.8668212890625
1795,2314.47900390625,1621.094970703125,1693.137939453125,1677.952880859375,2416.075439453125,2424.329833984375,0,2315.778076171875,1542.9805908203125,1894.2310791015625
1796,1959.91650390625,1475.936767578125,2113.982421875,1419.6629638671875,2271.048828125,1826.9259033203125,0,2493.0546875,2072.67333984375,1553.225341796875
1797,1883.3170166015625,1635.38134765625,1941.2325439453125,2475.157470703125,2390.597900390625,1396.867431640625,0,2455.978515625,820.4397583007812,1798.6495361328125
1798,1924.124755859375,2321.615478515625,1628.650146484375,1663.51708984375,2493.259033203125,1744.544677734375,0,2168.6396484375,2268.0634765625,2127.248046875
1799,2007.5262451171875,2190.3876953125,1988.481689453125,2469.294677734375,2348.718017578125,1656.588623046875,0,2439.968505859375,2400.243896484375,2297.794921875
1800,1803.979248046875,1522.4324951171875,1867.9305419921875,2048.7861328125,2462.46044921875,1575.707763671875,0,1797.115966796875,2131.2021484375,1326.6092529296875
1801,1393.7022705078125,849.3933715820312,786.8162841796875,1153.58837890625,1648.6690673828125,626.8563232421875,0,1084.46533203125,1489.9168701171875,1102.489013671875
1802,1667.33544921875,1813.70751953125,2400.1123046875,1962.8687744140625,2393.260009765625,1517.7850341796875,0,2297.00244140625,1812.07763671875,1611.21826171875
1803,1509.130859375,1589.920654296875,1646.0556640625,2435.861328125,2416.927978515625,1273.150634765625,0,2450.362548828125,1408.979736328125
1804,1600.8853759765625,1236.676513671875,1643.120361328125,2040.0224609375,2445.712646484375,927.8513793945312,0,377.61883544921875,1553.2235107421875
1805,1850.167724609375,1674.4971923828125,1659.4300537109375,1745.1370849609375,2446.177978515625,1209.733154296875,0,2473.509521484375,1886.6075439453125,1586.1480712890625
1806,2337.457275390625,1590.20068359375,1542.8692626953125,2315.608642578125,2278.26953125,1047.3875732421875,0,2343.871337890625,1009.9578857421875,1843.6063232421875
1807,2065.037353515625,1629.05126953125,1310.070556640625,2310.5283203125,2161.8701171875,1208.3231201171875,0,2419.05029296875,1170.184326171875,1429.9263916015625
1808,2032.2059326171875,1641.2083740234375,1227.4287109375,2346.861328125,1360.4752197265625,2242.020751953125,0,2482.505615234375,1514.860595703125,2267.33349609375
1809,2497.92041015625,1431.768798828125,1406.822265625,2021.6314697265625,2263.485595703125,1402.876708984375,0,2024.1722412109375,1129.572509765625,1500.1680908203125
1810,1987.465576171875,1639.6566162109375,1837.6761474609375,2447.5087890625,2253.29443359375,1450.5316162109375,0,2444.03076171875,2152.57666015625,1799.2137451171875
1811,2141.276611328125,1627.031005859375,2251.74169921875,2490.006591796875,2489.04931640625,1503.2918701171875,0,2463.189208984375,1336.2474365234375,2193.635498046875
1812,2011.1290283203125,995.7103881835938,1364.6602783203125,1497.7584228515625,2372.438232421875,1137.388427734375,0,1739.58056640625,1416.437255859375,1901.32958984375
1813,2143.5029296875,558.4149780273438,1366.35009765625,2109.551025390625,2337.191650390625,526.6170043945312,0,2473.1201171875,1425.4481201171875,1437.585205078125
1814,1939.183837890625,525.3645629882812,1408.0496826171875,1831.9874267578125,2380.208740234375,1055.0399169921875,0,2339.972900390625,1662.970703125,679.697021484375
1815,2443.619873046875,513.280029296875,1810.789794921875,2273.039306640625,2221.66943359375,756.4064331054688,0,2195.80517578125,1019.1087646484375,1482.185546875
1816,1827.6851806640625,1353.3153076171875,1793.90185546875,2341.7470703125,2240.339111328125,1200.0782470703125,0,1842.9444580078125,1055.681396484375,2219.782470703125
1817,668.6837158203125,1949.5877685546875,834.787353515625,628.6161499023438,1190.24462890625,1554.1134033203125,0,693.329345703125,901.0775146484375,758.9926147460938
1818,814.4329223632812,378.0248107910156,371.025634765625,762.9683837890625,830.6432495117188,171.44728088378906,0,896.0572509765625,648.0234985351562,273.2685852050781
1819,2144.377685546875,762.7322387695312,1432.5557861328125,2297.118896484375,1997.320556640625,1300.4503173828125,0,2473.464111328125,1876.72998046875,1841.3983154296875
1820,1641.3065185546875,1662.9947509765625,1698.4119873046875,2048.205078125,2222.042724609375,1176.48486328125,0,2244.994873046875,275.440673828125,1440.6572265625
1821,1519.8082275390625,1861.5399169921875,1735.1490478515625,2415.52294921875,2185.5107421875,1604.0404052734375,0,2476.114990234375,504.0561218261719,1232.781982421875
1822,1088.9305419921875,1443.8291015625,1124.406982421875,1105.8426513671875,2378.08984375,244.02981567382812,0,831.5006103515625,337.9540710449219,1364.6014404296875
1823,2019.0537109375,2062.918212890625,1291.3897705078125,2495.72119140625,2329.246337890625,1102.16064453125,0,2338.18212890625,1319.457275390625,1622.8277587890625
1824,1426.536376953125,1417.5777587890625,1371.6890869140625,2069.970703125,2472.666748046875,1579.361083984375,0,2454.734619140625,1398.53662109375,1577.869384765625
1825,1778.5426025390625,1834.23779296875,1426.853271484375,2364.67822265625,2312.515380859375,1326.1666259765625,0,2493.70849609375,1369.946044921875,1050.16845703125
1826,1544.4788818359375,1641.04345703125,1340.7552490234375,2218.952880859375,1993.323486328125,1287.2393798828125,0,2354.337646484375,1240.1468505859375,1407.6947021484375
1827,1330.3660888671875,281.91192626953125,1110.0047607421875,1493.035400390625,1649.0068359375,811.7523803710938,0,1180.2799072265625,629.5926513671875,478.58740234375
1828,1842.022705078125,1338.9271240234375,1447.599365234375,2191.811279296875,2301.425537109375,1197.4482421875,0,2281.67822265625,1025.622314453125,1507.064453125
1829,2096.12548828125,1204.532470703125,1455.7398681640625,2309.5283203125,2412.924072265625,1177.8050537109375,0,2421.914794921875,1143.29638671875,1296.1668701171875
1830,1755.810546875,1133.302734375,1743.02294921875,2472.702880859375,2455.869140625,1077.8021240234375,0,1701.8106689453125,1598.255126953125,1288.4329833984375
1831,1812.483154296875,1318.116943359375,1771.995361328125,2296.7158203125,2404.4365234375,2439.165771484375,0,1921.740478515625,1139.8087158203125,1806.09619140625
1832,2022.3167724609375,1669.3035888671875,1513.1343994140625,2447.35205078125,2283.484375,1666.904296875,0,2387.876708984375,707.2551879882812,1474.5181884765625
1833,2077.26220703125,2137.555419921875,1597.661865234375,2391.398681640625,2482.638427734375,1750.228515625,0,2375.825927734375,828.0903930664062,2406.740478515625
1834,2072.76953125,1512.7509765625,1679.9451904296875,2410.183837890625,2428.15625,1584.4127197265625,0,1838.4403076171875,1005.9838256835938,1466.8409423828125
1835,2092.03662109375,1806.853515625,1531.736328125,2496.180419921875,2481.59228515625,1708.5289306640625,0,2232.375,858.3507080078125,2278.952880859375
1836,2347.36279296875,1869.5771484375,1987.4381103515625,2461.792236328125,2442.35986328125,0,0,2393.285400390625,1184.107177734375,2464.00341796875
1837,571.2837524414062,147.87799072265625,1330.709716796875,533.255126953125,605.420654296875,1695.76318359375,0,72.41715240478516,784.1558837890625,595.0786743164062
1838,1958.7117919921875,1748.431396484375,1633.2410888671875,2416.78515625,2297.23095703125,1890.27978515625,0,2370.636474609375,1136.40234375,2273.32861328125
1839,2132.142822265625,1661.7674560546875,1596.679443359375,1937.9940185546875,2369.494873046875,1605.2843017578125,0,2386.588134765625,2170.15966796875,2497.2734375
1840,1649.94775390625,2344.176025390625,1674.3538818359375,2023.107666015625,2244.80810546875,1345.9991455078125,0,2479.754150390625,1467.266357421875,1858.985107421875
1841,1196.9122314453125,92.06592559814453,1432.6402587890625,1628.2958984375,1856.4522705078125,805.3215942382812,0,523.61962890625,68.3674545288086,784.684326171875
1842,2024.6483154296875,1974.5733642578125,2328.370361328125,2149.611572265625,2353.044189453125,1808.0467529296875,0,2319.89990234375,1482.42041015625,1505.6512451171875
1843,1842.1610107421875,2143.53662109375,2131.57958984375,2148.85107421875,1836.6358642578125,1248.2305908203125,0,2475.409423828125,934.4788818359375,2452.921875
1844,2064.44140625,1549.9429931640625,1768.333251953125,2316.76904296875,1671.4034423828125,840.2515869140625,0,2471.410400390625,1740.263671875,1016.4358520507812
1845,2028.99560546875,2216.9169921875,2402.741943359375,2184.024169921875,1828.055419921875,1117.9482421875,0,2499.064208984375,1229.5517578125,2248.3056640625
1846,1850.683349609375,2420.8349609375,2053.69970703125,2000.277099609375,2262.47265625,1099.325439453125,0,2464.838623046875,1435.003173828125,1831.80322265625
1847,1653.2615966796875,1783.898681640625,2360.166259765625,2156.033203125,2058.666748046875,1177.6534423828125,0,2055.563232421875,818.0926513671875,2296.5048828125
1848,2030.5582275390625,838.682373046875,2389.74951171875,1829.427978515625,1764.7816162109375,970.0222778320312,0,1761.7769775390625,1357.89892578125,1122.432861328125
1849,1743.3515625,1481.1041259765625,826.3257446289062,1431.984375,1235.2708740234375,1106.4622802734375,0,2219.7578125,1630.928466796875,1175.0400390625
1850,2073.309814453125,1873.8759765625,2276.257080078125,2373.39111328125,2433.368408203125,1317.0107421875,0,2493.23046875,1371.25146484375,2238.33056640625
1851,1872.3419189453125,1650.38330078125,2008.066650390625,2299.02783203125,2207.240234375,1862.6485595703125,0,1971.28125,1071.7904052734375,1079.6639404296875
1852,1754.3564453125,1520.1448974609375,1992.19921875,1800.84423828125,2155.101318359375,1128.9388427734375,0,2193.9658203125,1024.064697265625,913.6666870117188
1853,2106.77880859375,2230.215087890625,2148.462646484375,2269.083251953125,2363.6884765625,1115.11279296875,0,2462.21630859375,1334.317138671875,1116.0496826171875
1854,2204.1826171875,2435.044189453125,2174.26806640625,1961.186279296875,2462.261474609375,1320.899169921875,0,2269.889892578125,2129.896240234375,1289.4239501953125
1855,1712.364013671875,2214.338623046875,2079.875244140625,1723.1343994140625,2490.2900390625,1392.7620849609375,0,2431.84375,1417.6627197265625,2272.688232421875
1856,1894.877685546875,1724.23974609375,1828.281494140625,1874.15576171875,2298.775634765625,1222.503173828125,0,1484.0791015625,1428.8309326171875,1377.978271484375
1857,1634.4256591796875,1317.3919677734375,2026.82763671875,2244.885009765625,2342.25634765625,952.1749267578125,0,1539.0634765625,1113.9027099609375,498.9127197265625
1858,2273.85498046875,2496.759033203125,2394.92822265625,2447.861328125,2361.37646484375,2041.5897216796875,0,2394.203369140625,1798.5657958984375,2424.84033203125
1859,2126.465087890625,1713.684326171875,967.87255859375,1836.6688232421875,2416.021240234375,1258.468505859375,0,1448.345947265625,1050.703125,1183.1182861328125
1860,2267.62841796875,2464.5537109375,1813.4571533203125,1899.6309814453125,2487.8173828125,1425.5269775390625,0,2334.61474609375,1605.75830078125,1757.9822998046875
1861,1742.559326171875,2170.709716796875,1830.8505859375,2256.981201171875,2464.72119140625,2436.272216796875,0,2388.04150390625,1426.9857177734375,1578.373779296875
1862,2078.809814453125,1679.04638671875,2101.66064453125,2356.20849609375,2216.77099609375,2181.835693359375,0,1678.765625,1199.2799072265625,1217.4932861328125
1863,2095.555908203125,1090.4923095703125,738.12158203125,2291.9375,2238.724365234375,973.6279296875,0,1173.5836181640625,603.5502319335938,1175.563232421875
1864,1120.6485595703125,1225.7725830078125,1231.4378662109375,1045.51904296875,2370.0361328125,1059.1444091796875,0,1562.3719482421875,939.4598999023438,2352.104248046875
1865,1988.103515625,2167.06884765625,1514.2691650390625,1879.983642578125,2225.5595703125,1272.8941650390625,0,2165.565673828125,1403.599853515625,1864.386962890625
1866,2072.839111328125,1927.3323974609375,2496.629638671875,2268.27001953125,2487.3427734375,1565.3924560546875,0,2011.701171875,1645.9320068359375,2047.919677734375
1867,2129.000732421875,2031.224365234375,2411.271484375,2353.516845703125,2492.02294921875,2092.965087890625,0,2414.8779296875,1638.7451171875,2010.159423828125
1868,1857.28173828125,1768.0555419921875,2115.4580078125,1578.2462158203125,2456.443115234375,1456.885498046875,0,2423.462158203125,1820.140869140625,1433.7889404296875
1869,2075.833984375,1966.3292236328125,2246.824951171875,2155.677490234375,2487.2666015625,1735.085693359375,0,1985.1378173828125,1385.7061767578125,2494.22900390625
1870,2255.099853515625,2115.695556640625,2378.8935546875,2486.35986328125,2300.904296875,2400.341796875,0,2492.478759765625,1536.6676025390625,1658.1912841796875
1871,2154.5361328125,1749.574462890625,2307.807373046875,2402.90478515625,1836.523193359375,2144.207275390625,0,1723.5794677734375,1379.511474609375,1741.08154296875
1872,2182.5419921875,1903.572509765625,2316.741455078125,1860.763427734375,2371.620361328125,1315.9251708984375,0,2286.634765625,1395.09814453125,2491.197265625
1873,2460.53515625,2269.01513671875,2235.1552734375,1950.6263427734375,2435.4287109375,1431.741455078125,0,2266.992919921875,1507.6495361328125,2428.641845703125
1874,2312.237060546875,1598.11279296875,1501.51953125,2210.501220703125,2429.3623046875,1458.7427978515625,0,2338.908447265625,1325.540771484375,2116.685546875
1875,2206.4560546875,1629.1331787109375,1795.863037109375,2242.7236328125,2351.461181640625,1293.84033203125,0,1993.69482421875,647.4483642578125,1782.8699951171875
1876,1795.8284912109375,2398.461669921875,2457.548828125,1918.54443359375,2433.23046875,1525.9224853515625,0,2009.808349609375,1402.7969970703125,2389.964111328125
1877,2014.878173828125,2198.071533203125,2232.387939453125,2062.706298828125,2377.530517578125,1902.3758544921875,0,2463.45263671875,1457.7734375,2371.2705078125
1878,1970.1885986328125,2029.536376953125,2384.023193359375,2018.1988525390625,2464.92333984375,2178.60986328125,0,2365.719970703125,1783.928955078125,2488.1259765625
1879,1560.0589599609375,1918.3255615234375,2445.897216796875,1793.53271484375,2457.64111328125,1623.1644287109375,0,2269.0185546875,2362.052978515625,2402.77685546875
1880,2429.395263671875,1917.117431640625,1844.8411865234375,2079.996337890625,2397.6240234375,1724.807373046875,0,2077.98486328125,1404.90185546875,2499.8642578125
1881,2205.059814453125,1821.72216796875,2061.837158203125,1706.56494140625,2353.0966796875,2214.6669921875,0,1951.3885498046875,1692.281005859375,2029.81494140625
1882,2471.403076171875,1792.88232421875,1481.9150390625,2383.9013671875,2339.785400390625,1090.7266845703125,0,2096.649658203125,1579.0740966796875,2322.13623046875
1883,1914.0670166015625,2190.348876953125,1663.8262939453125,1997.6708984375,2440.38720703125,1647.144775390625,0,2152.954345703125,2039.846923828125,2463.726806640625
1884,1510.07470703125,1848.1016845703125,1490.514892578125,1791.2020263671875,2328.023193359375,1081.1865234375,1711.39501953125,1768.0479736328125,1382.4141845703125,2108.302734375
1885,2412.975830078125,2094.94482421875,2431.9462890625,1873.523681640625,2377.93408203125,1971.784912109375,1355.1343994140625,1996.44580078125,1992.163818359375,2412.772705078125
1886,1595.211669921875,1959.455810546875,2122.979736328125,1616.2525634765625,2111.770751953125,1125.4888916015625,2357.6171875,2108.548828125,1096.1326904296875,2420.05126953125
1887,907.3494262695312,1935.56787109375,2336.587646484375,965.9583129882812,1848.8314208984375,502.3028564453125,1346.396240234375,1794.513427734375,1156.777099609375,2219.583984375
1888,1408.4991455078125,2212.87646484375,1627.49267578125,1941.608642578125,2263.6142578125,2144.8828125,1498.5396728515625,2258.50390625,1354.8148193359375,2160.740234375
1889,1581.146484375,2099.73095703125,2192.025390625,2394.715576171875,2346.06005859375,1421.823974609375,2197.837158203125,2070.548095703125,2150.86083984375,2333.855712890625
1890,2134.510009765625,1830.1436767578125,1942.649658203125,1884.97509765625,2450.51025390625,1385.169677734375,1996.479248046875,2044.711669921875,1605.62353515625,1715.3914794921875
1891,2235.78369140625,2000.13232421875,2060.8701171875,2132.078125,2386.27783203125,1430.9383544921875,1831.6590576171875,2106.531494140625,1743.401123046875,2010.101318359375
1892,1479.24462890625,1317.8724365234375,1378.90771484375,1364.2623291015625,2414.077880859375,1012.7896118164062,2306.284912109375,1905.0869140625,1165.956787109375,1042.5062255859375
1893,1432.48193359375,1673.7337646484375,2049.2138671875,1492.288818359375,2267.414306640625,1284.4625244140625,1389.2796630859375,1947.8128662109375,1347.823974609375,1634.52099609375
1894,2218.123046875,2425.147216796875,2278.131103515625,2165.404296875,2434.83837890625,1789.2083740234375,2455.8857421875,2162.853515625,1769.31494140625,2144.474853515625
1895,2243.139404296875,1960.60546875,1908.4757080078125,2345.065185546875,2210.375732421875,1383.1395263671875,2269.968505859375,1844.072265625,1927.1715087890625,2313.8671875
1896,1968.9398193359375,1894.0322265625,1792.0611572265625,1657.1922607421875,2399.039306640625,1074.3668212890625,1976.04248046875,1517.6363525390625,1139.36328125,1983.77783203125
1897,1847.709228515625,2173.01513671875,1489.679443359375,2228.2353515625,1966.1826171875,1320.0531005859375,1316.6719970703125,2034.12548828125,2040.0780029296875,2200.7646484375
1898,1977.11962890625,2451.2890625,1418.0399169921875,1848.0970458984375,2493.5947265625,1418.554443359375,1863.96630859375,2075.741943359375,1420.0272216796875,2415.249267578125
1899,1800.8858642578125,1467.75537109375,1510.1329345703125,1755.154541015625,2429.828857421875,1125.136962890625,1743.0689697265625,1990.4908447265625,2170.130615234375,1340.457763671875
1900,1889.182373046875,2190.889892578125,1388.6192626953125,2038.1107177734375,2490.997802734375,1755.820556640625,1439.939208984375,1783.279296875,1561.1290283203125,1993.67919921875
1901,1927.9749755859375,2438.99169921875,2069.88623046875,1941.0509033203125,2416.48193359375,2140.2705078125,2390.991455078125,1989.9056396484375,2259.36083984375,2212.10595703125
1902,2393.97021484375,2115.4228515625,1448.1607666015625,2012.932373046875,2465.178955078125,1751.931640625,1722.79296875,1802.2230224609375,1789.4710693359375,2263.701171875
1903,2198.947021484375,2377.4052734375,1700.4776611328125,2245.79248046875,2422.076904296875,1447.4754638671875,2072.74853515625,2403.16064453125,1712.8944091796875,2345.336181640625
1904,2437.37109375,2059.698486328125,1345.2056884765625,1847.444091796875,2290.732666015625,1480.800537109375,1905.10888671875,1861.7784423828125,1661.819580078125,1736.19775390625
1905,1647.292236328125,1629.3299560546875,1358.6304931640625,2313.50341796875,2463.049072265625,1123.1177978515625,1701.0899658203125,2241.64453125,1139.6162109375,1962.5419921875
1906,2366.446533203125,1863.023681640625,2150.9609375,2150.33837890625,2325.093994140625,1394.39013671875,1400.7139892578125,1880.0438232421875,1827.9879150390625,2352.073486328125
1907,2467.13134765625,2200.8134765625,1731.7991943359375,2256.110107421875,2425.111328125,1371.911376953125,1526.876708984375,1968.8756103515625,1677.3052978515625,2295.80029296875
1908,1774.965087890625,1877.6015625,1849.69580078125,1943.3436279296875,2482.648681640625,1636.11474609375,2383.609375,2111.655029296875,1474.7138671875,2420.412109375
1909,2321.319091796875,2237.948974609375,1514.5194091796875,2365.174560546875,2456.91943359375,1119.8768310546875,1758.96923828125,1950.5882568359375,1756.73095703125,1617.3966064453125
1910,2390.13232421875,2338.828125,2106.88916015625,2185.364501953125,2429.59765625,1209.8983154296875,1865.7733154296875,2076.355224609375,1599.37939453125,1920.71728515625
1911,2020.5123291015625,2215.05078125,2479.981201171875,2349.38330078125,2295.05029296875,1413.247802734375,1961.7406005859375,2388.644775390625,2485.7021484375,2444.316162109375
1912,2051.76904296875,2210.162353515625,2266.721435546875,2201.972900390625,2409.831298828125,1602.9708251953125,2375.313720703125,1993.2725830078125,1866.61279296875,2064.613525390625
1913,2429.43359375,2137.193603515625,1791.0013427734375,2225.938720703125,2214.21142578125,2208.458984375,2238.7890625,2288.59130859375,1401.093017578125,2094.60498046875
1914,2367.7607421875,2118.172607421875,2459.43505859375,2153.87744140625,2125.140380859375,1601.5191650390625,2477.1943359375,2258.257080078125,2491.1953125,2323.366455078125
1915,1574.8404541015625,1297.3306884765625,1248.540283203125,1426.977294921875,2482.240234375,939.8251953125,2271.74609375,1105.08642578125,1047.6629638671875,540.6770629882812
1916,1735.06298828125,2068.98486328125,1354.2642822265625,1433.3687744140625,2125.3828125,1465.25390625,2148.17041015625,1769.8587646484375,1470.181884765625,1408.2142333984375
1917,2161.280029296875,2148.41064453125,1706.978271484375,2145.439697265625,2236.579833984375,1862.0313720703125,2390.45166015625,2292.24072265625,2368.898193359375,1880.83349609375
1918,1818.88134765625,1764.9888916015625,1689.7603759765625,2489.897705078125,2170.045654296875,1347.4219970703125,1855.020751953125,1923.228759765625,1899.467041015625,1821.9561767578125
1919,2322.99609375,2276.956298828125,1863.4207763671875,2435.513427734375,1855.7626953125,1355.2421875,2283.192138671875,2014.65869140625,1330.6019287109375,2431.93701171875
1920,2012.2237548828125,2147.68505859375,2109.35546875,2275.347412109375,2106.0302734375,1891.6280517578125,2303.596923828125,2121.530517578125,1999.946533203125,2061.69873046875
1921,2477.60595703125,1653.322998046875,1431.8880615234375,1845.69775390625,2209.247314453125,1573.510986328125,1948.687255859375,1817.0084228515625,1419.055908203125,2356.275390625
1922,1926.7803955078125,2483.926025390625,2396.67626953125,1838.46826171875,2249.4111328125,1925.1534423828125,1702.4530029296875,1718.892578125,2079.834716796875,2421.911865234375
1923,1624.1514892578125,1969.986572265625,1463.71435546875,2086.508056640625,2210.962890625,1754.5084228515625,1490.00830078125,1371.9622802734375,1496.49755859375,1895.6094970703125
1924,2038.51416015625,2402.224609375,2161.609130859375,1757.1385498046875,1975.3187255859375,1751.3739013671875,1717.699462890625,1835.5596923828125,2188.092529296875,2142.191162109375
1925,2100.542236328125,2207.025634765625,1392.3365478515625,2421.675537109375,2468.878662109375,1979.957763671875,1948.869873046875,1711.8846435546875,1408.0069580078125,2066.348388671875
1926,1314.871337890625,1947.62158203125,1483.4044189453125,1655.8072509765625,1306.8623046875,1264.9283447265625,1872.0101318359375,1775.0733642578125,1187.0560302734375,1014.21484375
1927,1479.5836181640625,1952.2904052734375,1386.965576171875,1552.1865234375,2447.491943359375,1270.5003662109375,1922.8125,1584.6417236328125,1638.38818359375,1573.31787109375
1928,2176.753662109375,2391.287353515625,1391.4219970703125,2061.8798828125,2127.5908203125,1297.214599609375,2357.363525390625,1568.257080078125,1529.55615234375,1602.4671630859375
1929,1769.955322265625,2398.689208984375,1479.0982666015625,1988.9404296875,2464.0205078125,1386.3699951171875,1965.400146484375,1832.0601806640625,1913.1824951171875,2307.72314453125
1930,1963.4967041015625,2199.181884765625,1515.095458984375,2435.864013671875,2446.21875,1845.1832275390625,2419.10791015625,2450.626953125,1864.12451171875,2350.497314453125
1931,2490.844970703125,2142.3779296875,1531.79345703125,2475.888671875,2276.576171875,1433.750244140625,2040.048583984375,1867.6768798828125,1591.879150390625,2266.68798828125
1932,2025.525390625,1980.700439453125,2133.2607421875,2088.241455078125,2447.197021484375,1352.620849609375,1587.4083251953125,1531.0858154296875,1359.5179443359375,2249.859375
1933,2331.146484375,2198.090087890625,2023.0499267578125,2014.2220458984375,2059.71435546875,1571.826904296875,2132.2373046875,1953.1280517578125,1724.5877685546875,2413.31201171875
1934,1973.837890625,2341.892822265625,2252.33447265625,2041.004638671875,2278.423828125,1505.0867919921875,2162.845458984375,2037.2730712890625,2316.884521484375,1310.7216796875
1935,2432.985595703125,2092.71875,1655.3172607421875,2077.720703125,2300.690185546875,2471.46533203125,2476.09521484375,1985.4454345703125,2238.44775390625,2478.05078125
1936,1969.615478515625,2156.782958984375,1639.18798828125,2210.355224609375,2402.46630859375,2096.482177734375,2155.036865234375,2192.3525390625,2445.611328125,2467.731201171875
1937,1906.1087646484375,2495.3603515625,1663.5185546875,2094.5048828125,2442.88525390625,1678.2261962890625,2262.238525390625,2384.435791015625,1929.3372802734375,2264.1533203125
1938,2473.649658203125,2452.463134765625,2103.5615234375,2157.8291015625,2429.094482421875,1679.759033203125,2442.857666015625,2151.103271484375,1922.687255859375,2097.624267578125
1939,2476.902099609375,2472.86083984375,1938.2808837890625,2063.21826171875,2262.65869140625,2451.736572265625,2333.066162109375,2266.66357421875,2374.695556640625,2465.591064453125
1940,2289.3818359375,2425.91796875,1822.5531005859375,2493.08154296875,2361.463623046875,1817.418701171875,2284.179443359375,2278.323974609375,2205.638916015625,2456.800048828125
1941,1709.8927001953125,1619.7481689453125,906.295166015625,2403.50537109375,2303.760986328125,1453.2158203125,1658.56689453125,1688.10107421875,1532.7021484375,1919.560546875
1942,2082.385009765625,2306.4912109375,1820.2841796875,2050.233154296875,2458.052734375,1717.2174072265625,2284.47314453125,2113.148681640625,1776.1190185546875,2449.506591796875
1943,1818.5400390625,2391.7021484375,1652.7164306640625,2269.485107421875,2492.88623046875,2492.317626953125,2454.890380859375,2134.9599609375,1871.830322265625,2166.06494140625
1944,1862.3701171875,2399.45654296875,1843.0782470703125,2427.178466796875,2448.9912109375,1569.419921875,1988.0224609375,2436.43798828125,2223.221435546875,2291.080810546875
1945,1076.1956787109375,2254.699951171875,1130.7393798828125,1981.627197265625,1389.5626220703125,1572.4344482421875,1858.42529296875,481.15728759765625,2217.541015625,2087.160400390625
1946,2361.829833984375,2439.268310546875,1438.5550537109375,2151.0625,2349.5927734375,2062.5986328125,2238.108154296875,1939.0765380859375,2395.8955078125,2447.140380859375
1947,2202.808837890625,2347.162841796875,1805.7220458984375,2497.9921875,2312.10107421875,1804.270751953125,1993.8587646484375,2052.894775390625,2330.14453125,2383.729248046875
1948,1991.802978515625,1886.7666015625,1682.0716552734375,2461.3564453125,2388.31201171875,2263.484619140625,1967.891845703125,2443.0068359375,2415.134765625,2410.23046875
1949,2402.692626953125,2260.872802734375,1580.8060302734375,2437.087646484375,2221.0576171875,1845.538818359375,1778.9642333984375,2292.760009765625,2018.5902099609375,2407.276123046875
1950,2171.194091796875,1777.587890625,1297.535400390625,2338.295654296875,2417.823974609375,1997.3099365234375,1897.38525390625,1947.4652099609375,1852.416015625,2203.00634765625
1951,2033.7232666015625,2351.539306640625,2470.871337890625,2162.5322265625,1941.46533203125,1837.536376953125,2495.754638671875,2127.090576171875,2454.991455078125,2358.955810546875
1952,2162.173828125,2114.296875,1784.0833740234375,2338.826171875,2406.70849609375,1888.0889892578125,1633.7642822265625,2210.026123046875,2190.75634765625,2268.687744140625
1953,2214.60693359375,2143.8798828125,2157.6884765625,1924.591064453125,2449.772705078125,1700.8798828125,1658.09423828125,2064.502197265625,1928.957275390625,2353.419189453125
1954,2452.40185546875,2254.2763671875,2021.2677001953125,1938.7542724609375,2399.884765625,1916.808349609375,2289.5419921875,2439.760498046875,1983.1429443359375,2215.285888671875
1955,1888.4114990234375,2303.0107421875,2187.233154296875,1834.42431640625,2207.948486328125,2287.22412109375,2342.760498046875,2320.90087890625,1729.509765625,2399.750244140625
1956,1789.9693603515625,2288.001708984375,1820.643310546875,1666.6961669921875,2362.209716796875,1885.235107421875,2086.953125,2401.233642578125,2087.19091796875,2388.671875
1957,1826.28759765625,2456.2802734375,2026.22314453125,1810.73779296875,2386.33203125,1801.2603759765625,2234.99365234375,2042.6927490234375,2451.8330078125,2284.20849609375
1958,1821.86328125,2242.40380859375,1607.1016845703125,2005.260498046875,2041.98779296875,1863.222412109375,2232.059326171875,2084.3681640625,2483.916259765625,2398.4462890625
1959,2276.0341796875,2435.50146484375,1819.974853515625,1838.435791015625,2473.067626953125,1733.7725830078125,2146.8603515625,2043.447509765625,2196.98486328125,1943.205078125
1960,2161.65478515625,2297.8076171875,1898.9188232421875,2067.415771484375,2011.82080078125,1821.162353515625,2200.0185546875,2391.135986328125,2416.534423828125,2499.091552734375
1961,2081.900634765625,2414.7978515625,2373.755859375,2072.87646484375,2393.372314453125,2063.698486328125,1844.1859130859375,2311.934814453125,2403.06982421875,2479.345703125
1962,1592.2119140625,1545.079345703125,1101.6290283203125,1300.5164794921875,1950.5721435546875,1263.258544921875,1969.9044189453125,915.113525390625,387.47967529296875,2190.785888671875
1963,1916.369140625,2363.037841796875,1649.6434326171875,2067.2373046875,2083.351318359375,2087.978271484375,1894.1043701171875,2367.51806640625,2268.893310546875,2100.396240234375
1964,2120.352294921875,2154.861328125,1816.5909423828125,1885.3841552734375,2279.2119140625,1828.7816162109375,2150.650146484375,1857.37939453125,2325.340576171875,2284.87548828125
1965,2167.196044921875,2445.970703125,1984.490478515625,1865.9658203125,2268.041015625,1665.6961669921875,1921.06396484375,2044.2078857421875,2432.945556640625,2494.281982421875
1966,2361.355712890625,2056.02783203125,1528.684326171875,1854.58935546875,1634.2318115234375,1653.545166015625,2334.6708984375,2116.951171875,2480.11767578125,2459.808349609375
1967,1754.9410400390625,2168.951171875,1509.5452880859375,1985.7305908203125,2440.55419921875,1882.5455322265625,2050.018798828125,2384.1572265625,2005.1082763671875,2060.518798828125
1968,1948.8875732421875,2118.738037109375,1861.4615478515625,1782.65087890625,2497.68798828125,2473.3486328125,2396.395263671875,2347.8544921875,2404.8642578125,2452.3623046875
1969,2452.49609375,2372.6748046875,1900.1422119140625,2159.9072265625,2492.632568359375,1794.3447265625,2329.3544921875,2467.029541015625,1513.8062744140625,2434.670654296875
1970,2209.88330078125,2404.9443359375,1487.0540771484375,1975.7476806640625,2480.712646484375,2005.7667236328125,2328.296875,2235.210693359375,2362.500244140625,2358.78564453125
1971,2286.408447265625,1958.3309326171875,1691.9041748046875,1925.939208984375,2441.362060546875,2278.915283203125,1776.7723388671875,2385.421630859375,1983.476318359375,2455.650146484375
1972,2102.895263671875,1764.61865234375,1471.343017578125,1824.685546875,2356.6689453125,2171.585693359375,2377.3408203125,2226.68701171875,2006.54345703125,2205.352294921875
1973,2228.220458984375,2473.929931640625,1834.9564208984375,1878.406982421875,2435.806884765625,1998.071044921875,2327.464111328125,2487.543701171875,2433.3017578125,2426.135986328125
1974,2498.985595703125,2386.841064453125,1476.640869140625,1709.129638671875,2225.190673828125,2434.613037109375,2213.192138671875,2499.116455078125,2215.864990234375,2419.903564453125
1975,2209.451171875,2492.05908203125,1729.0894775390625,1897.7744140625,2446.457275390625,2079.564208984375,1932.572998046875,2365.526123046875,2384.885986328125,2098.189208984375
1976,2104.475830078125,2363.996337890625,1723.7144775390625,2074.016357421875,2004.5509033203125,1874.6129150390625,2262.0224609375,2387.814208984375,2256.87548828125,2421.2978515625
1977,2436.30859375,2343.36083984375,1614.761962890625,2152.601806640625,1963.682861328125,2088.885009765625,1781.6387939453125,2320.67919921875,2281.26611328125,2430.260009765625
1978,1448.7623291015625,2418.8642578125,682.7203369140625,1300.4500732421875,1277.5841064453125,1455.452392578125,2076.9482421875,1830.4224853515625,1324.54541015625,2397.822509765625
1979,1634.5093994140625,1609.936279296875,923.4154663085938,1169.610595703125,1629.5517578125,1437.9342041015625,2058.266357421875,1473.9149169921875,1279.4986572265625,2058.365966796875
1980,2296.208740234375,2279.894775390625,1578.2364501953125,1952.71533203125,2386.7783203125,2235.80419921875,2494.87646484375,2374.804931640625,1847.087890625,2470.384521484375
1981,1471.5953369140625,2268.5224609375,1293.720458984375,1669.531982421875,2114.66162109375,2282.833984375,2260.375732421875,2110.01171875,1759.6231689453125,2358.0537109375
1982,2286.815185546875,2413.88134765625,2044.367431640625,1757.8428955078125,2341.453369140625,2411.563720703125,2141.1240234375,2302.159912109375,1794.560791015625,2043.2545166015625
1983,2153.691650390625,2228.617919921875,1959.527587890625,1725.2525634765625,2006.9461669921875,1547.005859375,2375.28759765625,2220.048095703125,2430.266845703125,1952.01806640625
1984,2368.5380859375,1832.3310546875,1421.8775634765625,1665.7373046875,1668.57958984375,1525.4639892578125,2307.05712890625,2454.311767578125,1997.9456787109375,1353.5010986328125
1985,2272.01318359375,2139.028076171875,1428.6568603515625,1851.552001953125,2203.7919921875,1808.435302734375,2360.1201171875,2384.418212890625,2186.7705078125,2414.940673828125
1986,2259.355712890625,2350.70458984375,2255.1396484375,1732.18798828125,2473.298095703125,1526.7037353515625,2316.8212890625,2402.833251953125,2483.39111328125,1876.5806884765625
1987,2293.04833984375,2114.011474609375,1357.12646484375,1699.0240478515625,2495.5126953125,1627.630615234375,2045.37255859375,2306.53125,2315.56884765625,2204.7587890625
1988,2175.453857421875,2367.792236328125,1491.082275390625,1595.038818359375,2357.28564453125,1341.6181640625,1963.071533203125,2387.14306640625,2318.8017578125,2436.09326171875
1989,2225.28955078125,2349.1123046875,1611.45849609375,2026.1163330078125,1713.546630859375,1481.17138671875,2420.169189453125,2338.15283203125,2252.299072265625,2263.14013671875
1990,2239.833251953125,2141.44970703125,1536.406494140625,2066.032958984375,2446.09326171875,1559.457763671875,2492.625,2405.22412109375,2091.302001953125,2000.3465576171875
1991,1805.1478271484375,2488.65771484375,1952.9449462890625,1828.169677734375,1650.8834228515625,1560.0872802734375,2363.393310546875,2364.188232421875,2460.962646484375,1698.7860107421875
1992,1698.4154052734375,1681.7647705078125,769.7575073242188,1666.64111328125,1289.8624267578125,1323.283203125,2363.619873046875,1936.5509033203125,2187.141845703125,2129.4111328125
1993,2208.237060546875,2318.69189453125,1757.7471923828125,1585.75390625,2366.19140625,1797.9609375,2314.557373046875,2218.64599609375,2442.21875,1768.20703125
1994,1725.373779296875,2312.653076171875,1655.4346923828125,1767.236572265625,1669.906982421875,2084.596923828125,2160.978515625,2434.494384765625,2070.2255859375,2456.112060546875
1995,1725.808349609375,2071.394287109375,1671.0284423828125,1688.309814453125,2101.1083984375,2044.8948974609375,2455.81787109375,2276.538818359375,2410.967041015625,1557.06982421875
1996,1579.4287109375,2190.290771484375,1505.1510009765625,1635.7960205078125,1620.191650390625,1297.88134765625,2379.983154296875,2400.313720703125,2426.0087890625,1754.8243408203125
1997,1901.6068115234375,1705.6904296875,1503.4154052734375,1635.81787109375,1681.2359619140625,1675.2042236328125,2377.424560546875,2477.89111328125,2340.817626953125,1856.24365234375
1998,1567.9337158203125,2458.665771484375,1606.52880859375,2147.915283203125,1691.4046630859375,1597.9766845703125,2346.109375,2382.172607421875,1775.6309814453125,1996.457275390625
1999,2029,2455.93212890625,1727.0450439453125,1964.6981201171875,1816.28369140625,1831.1055908203125,2436.804931640625,2274.38623046875,2253.072998046875,2352.02099609375
2000,1493.0604248046875,2010.489990234375,1391.355224609375,1514.9161376953125,1680.0355224609375,1283.244873046875,1975.98974609375,2301.4453125,1679.7484130859375,2094.727294921875
2001,1423.69580078125,2020.9019775390625,1528.2684326171875,1565.4212646484375,1532.300537109375,1484.758056640625,2138.915283203125,2448.077392578125,1753.764404296875,2353.53125
2002,1440.9327392578125,2117.563720703125,1328.8623046875,1661.8497314453125,2034.58447265625,1807.2236328125,2410.6318359375,2421.4599609375,1777.1728515625,1969.5703125
2003,2474.378173828125,2196.945556640625,1137.1817626953125,1382.559814453125,2485.806884765625,1519.8978271484375,2425.470458984375,2084.048095703125,1711.304443359375,2191.260986328125
2004,1489.1827392578125,2370.5517578125,1339.96240234375,1608.73095703125,2379.053955078125,1940.0374755859375,2426.195556640625,2303.862548828125,1733.8953857421875,2469.88818359375
2005,1442.6575927734375,2125.322998046875,1965.251708984375,1996.8536376953125,2151.461181640625,1668.106201171875,2338.321533203125,2316.61376953125,2027.2781982421875,2210.43115234375
2006,2292.93994140625,2222.678955078125,1897.1090087890625,1848.2459716796875,2447.70166015625,2392.789794921875,2190.443115234375,2363.87939453125,1927.1160888671875,2488.353759765625
2007,2305.691162109375,2096.797119140625,1306.784912109375,1735.763427734375,2168.040771484375,2112.974365234375,2457.64501953125,1991.6341552734375,1930.4144287109375,2489.68603515625
2008,1625.5421142578125,2111.6494140625,1303.6392822265625,1864.6300048828125,2432.974609375,2012.4844970703125,2059.92431640625,2470.079833984375,2011.4383544921875,2463.5185546875
2009,1891.6842041015625,2188.803466796875,1234.511962890625,1576.34521484375,2100.0390625,1709.1837158203125,2360.015380859375,1944.115478515625,1939.827392578125,2423.231689453125
2010,1846.80419921875,1428.893310546875,620.3378295898438,1872.0703125,1929.9969482421875,1414.1910400390625,2057.1806640625,2077.72412109375,1744.2125244140625,2419.755126953125
2011,1390.9261474609375,1559.186767578125,1463.7933349609375,1587.247314453125,2373.904541015625,2333.49365234375,2205.4140625,2159.176513671875,1913.601806640625,2421.96630859375
2012,2087.787841796875,2267.12841796875,1605.9718017578125,1987.3116455078125,2463.964111328125,2005.1451416015625,2294.10986328125,2296.328857421875,1782.4500732421875,2431.147705078125
2013,1182.413330078125,1649.4034423828125,990.7393188476562,1655.4600830078125,2409.25830078125,1247.6444091796875,1996.8291015625,1774.8052978515625,1872.91796875,2403.363525390625
2014,1028.0562744140625,2145.522216796875,864.8179321289062,1660.0670166015625,1455.10498046875,1238.695068359375,1902.61572265625,2054.10693359375,1825.841796875,2080.83544921875
2015,872.5221557617188,2227.8935546875,1388.130126953125,2155.559814453125,2151.189208984375,2150.107666015625,2291.108642578125,2455.452392578125,1624.6500244140625,2477.615966796875
2016,740.1383666992188,2433.09765625,1634.9130859375,2230.30029296875,2136.079345703125,1442.314453125,2481.77099609375,2446.15087890625,1890.2655029296875,2274.370849609375
2017,735.67724609375,2237.909912109375,615.7640380859375,1380.49755859375,2189.7587890625,1270.1378173828125,2282.38330078125,1782.4105224609375,1577.8046875,1557.799072265625
2018,891.8269653320312,2180.99462890625,1374.1868896484375,1853.4222412109375,2055.037841796875,2163.5400390625,2381.4345703125,2411.722412109375,2149.7529296875,2310.986083984375
2019,690.5029296875,2356.085693359375,2479.629638671875,1608.5029296875,1678.1632080078125,1933.3792724609375,2406.640380859375,2112.341552734375,1643.5,2039.213134765625
2020,971.6826171875,2035.8115234375,881.6962890625,1394.14697265625,2416.273681640625,2365.543212890625,1745.4007568359375,2452.71484375,1631.52490234375,1788.226318359375
2021,0,1992.5626220703125,733.4017944335938,1616.126708984375,0,1709.608154296875,2390.047119140625,2335.868896484375,1621.24853515625,1830.689697265625