year,RCTA*CHO01_,RCTA*CHO03_,RCTA*CHO04_,RCTA*CHO05_,RCTA*CHO07_,RCTA*CHO14_,RCTA*CHO15_,RCTA*CHO16_,RCTA*CHO17_,RCTA*CHO19_
1439,0,0,0,5.266884803771973
1440,0,0,0,25.88441276550293
1441,0,0,0,26.746662139892578
1442,0,0,0,29.368701934814453
1443,0,0,0,33.887481689453125
1444,0,0,0,30.061922073364258
1445,0,0,0,35.653053283691406
1446,0,0,0,40.6009635925293
1447,0,0,0,40.374603271484375
1448,0,0,0,38.644622802734375
1449,0,0,0,35.60604476928711
1450,0,0,0,32.911293029785156
1451,0,0,0,38.53920364379883
1452,0,0,0,39.105995178222656
1453,0,0,0,35.17447280883789
1454,0,0,0,41.00452423095703
1455,0,0,0,33.0722770690918
1456,0,0,0,39.10184860229492
1457,0,0,0,40.47359848022461
1458,0,0,0,38.95906066894531
1459,0,0,0,355.0175476074219
1460,0,0,0,35.80412292480469
1461,0,0,0,33.05510330200195
1462,0,0,0,31.215574264526367
1463,0,0,0,26.614839553833008
1464,0,0,0,23.36551284790039
1465,0,0,0,23.999786376953125
1466,0,0,0,23.99080467224121
1467,0,0,0,27.88979721069336
1468,0,0,0,24.619239807128906
1469,0,0,0,28.257272720336914
1470,0,0,0,31.238906860351562
1471,0,0,0,28.880414962768555
1472,0,0,0,25.593599319458008
1473,0,0,0,36.19171905517578
1474,0,0,0,24.976930618286133
1475,0,0,0,28.803682327270508
1476,0,0,0,27.177865982055664
1477,0,0,0,32.56450653076172
1478,0,0,0,27.256513595581055
1479,0,0,0,36.71297073364258
1480,0,0,0,34.37591552734375
1481,0,0,0,33.71182632446289
1482,0,0,0,37.16075134277344
1483,0,0,0,13.711883544921875
1484,0,0,0,31.088930130004883
1485,0,0,0,30.11844825744629
1486,0,0,0,27.789690017700195
1487,0,0,0,32.957611083984375
1488,0,0,0,38.2531852722168
1489,0,0,0,39.191497802734375
1490,0,0,0,34.78268814086914
1491,0,0,0,42.962764739990234
1492,0,0,0,40.80839157104492
1493,0,0,0,36.108001708984375
1494,0,0,0,38.87970733642578
1495,0,0,0,39.049354553222656
1496,0,0,0,36.25028991699219
1497,0,0,0,36.42734909057617
1498,0,0,0,42.690059661865234
1499,0,0,0,40.4494743347168
1500,0,0,0,33.535953521728516
1501,0,0,0,43.434356689453125
1502,0,0,0,36.29385757446289
1503,0,0,0,33.569976806640625
1504,0,0,0,39.91291427612305
1505,0,0,0,39.63422775268555
1506,0,0,0,38.7952766418457
1507,0,0,0,45.027984619140625
1508,0,0,0,39.4221076965332
1509,0,0,0,42.70479965209961
1510,0,0,0,41.97993850708008
1511,0,0,0,37.719608306884766
1512,0,0,0,38.03415298461914
1513,0,0,0,36.38325500488281
1514,0,0,0,39.53691864013672
1515,0,0,0,40.5229606628418
1516,0,0,0,44.63964080810547
1517,0,0,0,43.56166076660156
1518,0,0,0,45.00446319580078
1519,0,30.213842391967773,42.99688720703125,32.99981689453125
1520,0,0.2870365381240845,51.433624267578125,40.95884323120117
1521,0,0.3699263632297516,0,51.105567932128906
1522,0,0.5363496541976929,0,34.724727630615234
1523,0,0.4710589051246643,26.729291915893555,39.6494255065918
1524,0,0.5001128315925598,50.28117370605469,32.089744567871094
1525,0,45.596290588378906,46.19679641723633,27.826082229614258
1526,0,42.79698944091797,46.82307052612305,28.875673294067383
1527,0,42.96196746826172,41.262847900390625,25.66149139404297,0,0,35.09981155395508
1528,0,37.38605499267578,44.307373046875,23.384204864501953,0,0,30.436758041381836
1529,0,53.002559661865234,51.43352508544922,2.660571336746216,0,0,30.82538414001465
1530,0,48.68431091308594,46.47356414794922,36.58534240722656,0,0,30.2963809967041
1531,0,53.98698806762695,47.497135162353516,30.360340118408203,0,0,36.543800354003906
1532,0,53.47811508178711,46.53717041015625,29.554241180419922,0,0,39.11784362792969
1533,0,50.82604217529297,37.07678985595703,32.26621627807617,0,0,41.53007888793945
1534,0,48.78995895385742,39.03744125366211,30.04913330078125,0,0,44.304176330566406
1535,0,46.984806060791016,34.973106384277344,33.479976654052734,0,0,43.40298843383789
1536,0,54.98954772949219,40.2673454284668,33.62129211425781,0,0,46.86354446411133
1537,0,50.71250915527344,42.9218864440918,27.67738151550293,0,0,44.51021194458008
1538,0,52.688114166259766,43.47853088378906,33.180870056152344,0,0,44.60569381713867
1539,0,54.16511917114258,36.90400314331055,33.094520568847656,0,0,41.917755126953125
1540,0,52.47981643676758,47.166622161865234,36.79216003417969,0,0,40.79250717163086
1541,0,49.21623229980469,51.08173370361328,33.42864990234375,0,0,42.80192947387695
1542,0,50.905357360839844,22.053207397460938,24.77941131591797,0,0,37.51530075073242
1543,0,44.23579025268555,48.14228439331055,39.627777099609375,0,0,37.11707305908203
1544,0,52.20164489746094,51.316802978515625,35.218048095703125,0,0,41.06570053100586
1545,0,44.38142776489258,51.38539123535156,37.269508361816406,0,0,39.870460510253906
1546,0,45.318363189697266,44.26814651489258,33.771060943603516,0,0,38.294429779052734
1547,0,47.08539581298828,37.59526062011719,29.064407348632812,0,0,41.74948501586914
1548,0,52.39527893066406,43.37941360473633,31.356969833374023,0,0,40.901554107666016
1549,0,53.44410705566406,42.750762939453125,31.722564697265625,0,0,41.49121856689453
1550,0,47.77833557128906,37.72637176513672,32.84968566894531,0,0,41.06073760986328
1551,0,45.72359848022461,43.13549041748047,36.8493537902832,0,0,41.50382614135742
1552,0,48.19285583496094,31.105316162109375,25.6828556060791,0,0,40.295928955078125
1553,0,39.84477615356445,35.638916015625,31.49983024597168,0,0,39.3699951171875
1554,0,47.24185562133789,45.58877944946289,35.24913024902344,0,0,40.67372131347656
1555,0,49.11407470703125,38.73829650878906,31.102609634399414,0,0,49.59831619262695
1556,0,55.45615768432617,50.4759407043457,36.92839431762695,0,0,43.1839714050293
1557,0,47.961753845214844,46.52362823486328,6.714664459228516,0,0,41.60477828979492
1558,0,50.35658264160156,47.01239013671875,33.255821228027344,0,0,43.89371871948242
1559,0,51.80561065673828,47.84149932861328,34.81452178955078,0,0,43.85745620727539
1560,0,47.781288146972656,44.2352294921875,33.06083297729492,0,0,43.97403335571289
1561,0,51.54498291015625,49.75314712524414,33.38098907470703,0,0,40.12945556640625
1562,0,46.6319580078125,44.50725173950195,32.6020393371582,0,0,33.38726043701172
1563,0,54.8397331237793,43.83782958984375,34.580360412597656,0,0,35.472808837890625
1564,0,54.283355712890625,43.44244384765625,39.0318717956543,0,0,37.21014404296875
1565,0,49.609779357910156,41.708534240722656,35.567691802978516,0,0,39.17946243286133,45.38075256347656
1566,0,46.290470123291016,42.69561767578125,38.527896881103516,0,0,29.10162925720215,45.53113555908203
1567,0,57.68918228149414,49.125179290771484,38.0440673828125,0,0,44.88667297363281,52.7597770690918
1568,0,52.286128997802734,45.771575927734375,29.452112197875977,0,0,43.807334899902344,50.672515869140625
1569,0,45.94485092163086,43.3112907409668,33.75409698486328,0,0,42.24180221557617,57.053932189941406
1570,0,46.6723518371582,50.923492431640625,41.03392791748047,0,0,42.5774040222168,56.21654510498047
1571,0,31.23091697692871,48.92008972167969,34.85862731933594,0,0,45.59939956665039,50.73744201660156
1572,0,21.24855613708496,39.8797721862793,22.918811798095703,0,0,37.41545104980469,49.93144226074219
1573,0,35.904319763183594,44.43219757080078,34.00142288208008,0,0,36.39427947998047,42.50627517700195
1574,0,43.68460464477539,52.5510139465332,36.04743957519531,0,0,35.489742279052734,49.48134994506836
1575,0,36.79941177368164,42.636104583740234,24.866025924682617,0,0,35.4515266418457,46.18132400512695
1576,0,26.01181411743164,39.43819046020508,31.46042823791504,0,0,33.50576400756836,51.41524124145508
1577,0,43.34090805053711,51.47529983520508,38.6651611328125,0,0,36.700687408447266,51.433353424072266
1578,0,35.683509826660156,45.760108947753906,33.53201675415039,0,0,33.944725036621094,49.229026794433594
1579,0,44.203269958496094,50.54486083984375,36.24115753173828,0,0,23.474475860595703,45.76974868774414
1580,0,41.772743225097656,37.19724655151367,16.778181076049805,0,0,32.26594161987305,53.56622314453125
1581,0,39.93811798095703,53.66293716430664,38.106666564941406,0,0,37.504600524902344,52.476078033447266
1582,0,47.154075622558594,49.326786041259766,41.907894134521484,0,0,41.77614974975586,42.1622428894043
1583,0,45.68327331542969,48.94218444824219,38.43830108642578,0,0,37.169525146484375,56.27238464355469
1584,0,41.60476303100586,0,41.402244567871094,0,0,43.511966705322266,50.62020492553711
1585,0,33.700538635253906,0,12.69175910949707,0,0,38.50962829589844,44.772335052490234
1586,0,40.05525207519531,0,35.118431091308594,0,0,36.265716552734375,52.38007736206055,24.416776657104492
1587,0,50.62601089477539,0,38.96001052856445,0,0,35.967613220214844,54.99046325683594,43.412208557128906
1588,0,40.22330856323242,0,38.1201171875,0,10.353629112243652,37.957763671875,45.324039459228516,55.08610153198242
1589,0,47.47347640991211,0,34.99736022949219,0,14.686768531799316,44.587093353271484,43.95322799682617,47.186187744140625
1590,0,36.97380828857422,0,40.28769302368164,0,11.33849048614502,42.92341995239258,50.49434280395508,49.99005889892578
1591,0,40.7714958190918,0,35.03829574584961,0,17.630126953125,45.24161148071289,52.398983001708984,43.259891510009766
1592,0,40.59262466430664,0,33.495906829833984,0,17.03468894958496,48.587398529052734,51.30253601074219,48.261417388916016
1593,0,39.733177185058594,0,37.29081726074219,0,14.817042350769043,48.57959747314453,48.843421936035156,45.888023376464844
1594,0,48.93437957763672,0,41.13593292236328,0,20.571792602539062,48.074790954589844,55.47842025756836,43.00959396362305
1595,0,36.452632904052734,0,39.910789489746094,0,20.015592575073242,55.70512008666992,52.825321197509766,52.43169021606445
1596,0,38.5631103515625,0,40.77525329589844,0,18.452064514160156,51.092445373535156,52.32456588745117,49.2985954284668
1597,0,36.72709655761719,0,27.456022262573242,0,14.720209121704102,45.022857666015625,50.29826736450195,50.64757537841797
1598,0,34.74717712402344,0,39.15081787109375,0,17.78385353088379,47.82059097290039,54.94794464111328,43.97636032104492
1599,0,39.201316833496094,0,38.104591369628906,0,18.489765167236328,51.89021682739258,53.12825393676758,48.51308822631836
1600,0,33.0402946472168,0,35.38633346557617,0,20.723190307617188,41.596248626708984,50.45505905151367,47.94552993774414
1601,0,36.29059600830078,0,36.87575912475586,0,17.158105850219727,47.996341705322266,52.124576568603516,47.23587417602539
1602,0,45.219810485839844,0,45.018470764160156,0,19.902708053588867,53.831695556640625,56.81039047241211,53.087913513183594
1603,0,42.23282241821289,0,38.61228942871094,0,26.608078002929688,49.91436004638672,53.02960968017578,49.53643035888672
1604,0,44.13193130493164,0,36.3462028503418,0,24.898115158081055,51.81453323364258,56.401145935058594,45.63735580444336
1605,0,38.93008804321289,0,9.405891418457031,0,22.816675186157227,38.797061920166016,45.56625747680664,48.311073303222656
1606,0,46.11692810058594,0,40.63710021972656,0,26.96659278869629,49.18717575073242,57.315860748291016,43.20846176147461
1607,0,48.90428924560547,0,41.956581115722656,0,29.015422821044922,23.3995418548584,59.617218017578125,45.50831604003906
1608,0,47.47974395751953,0,46.105106353759766,0,26.57349395751953,39.82461166381836,54.26736831665039,49.74989700317383
1609,0,44.176902770996094,0,34.74568557739258,0,23.79533576965332,41.485103607177734,56.90607833862305,46.93109893798828
1610,0,43.51246643066406,0,40.45363998413086,0,26.64839744567871,42.13920593261719,56.143985748291016,44.114471435546875
1611,0,44.69352722167969,0,40.59254837036133,0,23.336679458618164,53.99699020385742,50.38368225097656,37.8150634765625
1612,0,45.27190017700195,0,38.50577926635742,0,25.072185516357422,57.31393051147461,53.397438049316406,46.29090881347656
1613,0,43.85213088989258,0,36.28061294555664,0,26.50831413269043,53.34231185913086,56.39335632324219,43.73837661743164
1614,0,49.39517593383789,0,41.27417755126953,0,25.450834274291992,56.22584915161133,59.20657730102539,40.12704849243164
1615,0,46.064476013183594,0,40.10728073120117,0,29.018381118774414,49.536781311035156,54.859561920166016,48.088375091552734
1616,0,45.578155517578125,0,39.71612548828125,0,19.522565841674805,53.906436920166016,57.9109001159668,43.702938079833984,10.720447540283203
1617,0,47.32874298095703,0,38.895328521728516,0,25.96869659423828,50.454830169677734,53.26601791381836,47.712623596191406,26.571086883544922
1618,0,48.278011322021484,0,46.47660827636719,0,20.596683502197266,49.89593505859375,57.62451934814453,38.299129486083984,28.934263229370117
1619,0,41.77650833129883,0,38.777645111083984,0,17.631267547607422,54.286075592041016,45.314796447753906,53.10136413574219,28.973922729492188
1620,0,46.24444580078125,0,27.50992774963379,0,10.334772109985352,50.281394958496094,40.51273727416992,28.95704460144043,32.04376220703125
1621,0,50.720829010009766,0,42.77715301513672,0,28.113100051879883,52.31892776489258,61.02001953125,43.76393127441406,37.2215576171875
1622,0,43.02863311767578,0,43.28786849975586,0,23.502840042114258,47.14179229736328,54.22242736816406,34.1707878112793,38.65526580810547
1623,0,44.5479736328125,0,42.47677230834961,0,29.693706512451172,50.0140495300293,59.239036560058594,47.8918342590332,43.29541778564453
1624,0,42.4661750793457,0,40.223880767822266,0,31.96186065673828,53.00905227661133,51.05451965332031,43.604862213134766,41.02702331542969
1625,0,42.93049240112305,0,40.222686767578125,0,30.53384780883789,49.148685455322266,53.26053237915039,40.73676681518555,32.69315719604492
1626,0,52.65581130981445,0,44.9171257019043,0,30.995309829711914,52.56673049926758,57.67630386352539,46.80561065673828,37.72043228149414
1627,0,54.50113296508789,0,38.8206787109375,0,33.42277526855469,54.69068908691406,56.08245086669922,47.2635498046875,42.257808685302734
1628,0,49.506072998046875,0,37.32829284667969,0,23.844999313354492,51.9976692199707,56.05947494506836,45.2437629699707,40.23757553100586
1629,0,43.782623291015625,0,32.12373733520508,0,34.20416259765625,56.66115951538086,59.35649490356445,44.84613037109375,37.62139892578125
1630,0,44.46385192871094,0,40.87712478637695,0,30.726154327392578,53.298954010009766,57.77832794189453,44.17975997924805,34.738121032714844
1631,0,45.77198791503906,0,43.19977951049805,0,29.841449737548828,58.33525466918945,55.17145919799805,46.01469039916992,38.59661865234375
1632,0,49.73147964477539,0,26.440885543823242,0,31.501516342163086,54.79718780517578,54.90032958984375,42.252498626708984,41.647525787353516
1633,0,52.81157302856445,0,33.660831451416016,0,35.204559326171875,54.27761459350586,59.026153564453125,48.60295104980469,41.71187210083008
1634,0,55.195194244384766,0,41.93960952758789,0,39.292144775390625,56.808265686035156,52.935733795166016,42.99479675292969,42.777889251708984
1635,0,51.76491928100586,0,27.21592903137207,0,37.33601379394531,57.067935943603516,54.07722854614258,40.01530838012695,42.39120864868164
1636,0,46.07550048828125,0,34.37255859375,0,34.803871154785156,53.629947662353516,55.42368698120117,38.67948913574219,39.64656066894531
1637,0,47.10395812988281,0,37.55367660522461,0,37.30327224731445,53.414024353027344,50.93741226196289,40.703739166259766,40.716312408447266
1638,0,48.13188552856445,0,37.01994705200195,0,37.22164535522461,58.37248992919922,43.564884185791016,46.100982666015625,38.407005310058594
1639,0,51.72024154663086,0,39.84422302246094,0,34.057640075683594,58.59720993041992,40.522499084472656,47.855228424072266,42.58281707763672
1640,0,53.442935943603516,0,42.09962463378906,0,37.28158187866211,56.791805267333984,48.56157302856445,48.67782211303711,38.19690704345703
1641,0,50.9155158996582,0,44.26827621459961,0,47.060394287109375,52.09722900390625,47.72540283203125,42.89045715332031,40.562477111816406
1642,0,56.68183135986328,0,43.114112854003906,0,13.604609489440918,57.88132095336914,47.89863204956055,50.50079345703125,42.92607498168945
1643,0,48.796504974365234,0,24.781206130981445,0,25.35079002380371,48.92488098144531,46.0855598449707,47.00181198120117,16.884260177612305
1644,0,51.2151985168457,0,45.84553527832031,0,33.59341812133789,51.226287841796875,53.03691864013672,45.853118896484375,35.206974029541016
1645,0,32.54315185546875,0,10.622197151184082,0,39.52000427246094,55.86562728881836,25.517545700073242,22.62477684020996,33.38481140136719
1646,0,57.07179260253906,0,39.400943756103516,0,37.31123352050781,52.307823181152344,46.58879089355469,43.61887741088867,42.82168197631836
1647,0,49.97388458251953,0,41.53969192504883,0,38.089969635009766,57.09721755981445,49.19491958618164,45.88131332397461,40.38282012939453
1648,0,49.56350326538086,0,39.278358459472656,0,39.50239944458008,50.25339889526367,51.35456848144531,46.4773063659668,41.3198127746582
1649,0,50.71367645263672,0,39.96571350097656,0,35.37831497192383,54.46137237548828,51.532684326171875,33.67742156982422,39.89193344116211
1650,0,56.12468719482422,0,44.76323699951172,0,21.219078063964844,53.627559661865234,50.126007080078125,43.849334716796875,45.797176361083984
1651,0,45.726097106933594,0,18.84585189819336,0,35.51841354370117,55.52809524536133,38.80837631225586,42.306068420410156,37.58314895629883
1652,0,50.17924118041992,0,41.17355728149414,0,27.546934127807617,53.335445404052734,51.734107971191406,46.11562728881836,43.41661071777344
1653,0,27.285594940185547,0,39.45829391479492,0,24.423704147338867,54.249359130859375,46.390464782714844,2.594373941421509,41.20099639892578
1654,0,37.552669525146484,0,38.78017807006836,0,26.354894638061523,53.336483001708984,41.341217041015625,22.907400131225586,42.30702209472656
1655,0,38.94855499267578,0,35.82975769042969,0,28.335163116455078,55.08524703979492,39.25398635864258,38.46139144897461,37.49034118652344
1656,0,46.49382781982422,0,38.298553466796875,0,24.88977813720703,57.436649322509766,49.554874420166016,45.29692077636719,37.717647552490234
1657,0,50.472145080566406,0,41.624359130859375,0,28.2386531829834,55.6936149597168,73.67974853515625,40.80188751220703,49.234039306640625
1658,0,47.03238296508789,0,41.380218505859375,0,20.07472038269043,55.411712646484375,49.34667205810547,41.70744323730469,48.94398880004883
1659,0,45.980430603027344,0,37.40292739868164,0,31.017532348632812,51.303924560546875,48.97333908081055,42.466224670410156,48.38445281982422
1660,0,46.245365142822266,0,38.0577278137207,0,35.95886993408203,58.23239517211914,51.99934387207031,50.34512710571289,48.8954963684082
1661,0,40.77141571044922,0,7.177670955657959,0,25.51158905029297,56.866817474365234,50.335906982421875,21.606639862060547,54.673728942871094
1662,0,50.215858459472656,0,37.4201545715332,0,25.77501678466797,55.73374557495117,55.34770202636719,39.66276931762695,48.533992767333984
1663,0,42.28951644897461,0,42.779884338378906,0,25.304058074951172,56.25737380981445,51.57469940185547,42.035213470458984,42.89424514770508
1664,17.964792251586914,45.564964294433594,0,39.96337127685547,0,24.37540626525879,55.85893630981445,51.786739349365234,39.28197479248047,39.06721878051758
1665,38.05664825439453,42.50511169433594,0,39.05764389038086,0,31.314144134521484,55.331199645996094,49.199588775634766,37.810699462890625,37.36622619628906
1666,38.361507415771484,50.482460021972656,0,38.657344818115234,0,42.33952331542969,42.41666030883789,50.01408767700195,42.43576431274414,45.553226470947266
1667,43.2279167175293,49.32219314575195,27.4486141204834,42.817039489746094,0,38.584598541259766,52.44197082519531,44.9187126159668,44.49020004272461,44.28536605834961
1668,42.634490966796875,42.93859100341797,39.08470153808594,25.941232681274414,0,37.34275436401367,55.59025192260742,51.69444274902344,37.195308685302734,39.96717071533203
1669,40.82293701171875,49.18994903564453,43.63363265991211,43.39739227294922,0,39.389625549316406,574.2713623046875,52.869651794433594,36.4258918762207,41.02841567993164
1670,45.295188903808594,49.807830810546875,42.55044937133789,41.71849822998047,0,36.61979293823242,47.608154296875,51.017189025878906,35.88603210449219,44.89731216430664
1671,48.46703338623047,52.31203842163086,42.74158477783203,42.018821716308594,0,39.24227523803711,51.00204086303711,54.968727111816406,41.531620025634766,48.997047424316406
1672,47.787841796875,47.75275421142578,36.864723205566406,41.59937286376953,0,38.32039260864258,45.0460090637207,50.64339828491211,32.74491882324219,49.286136627197266
1673,49.50812911987305,51.95404815673828,37.44059371948242,42.31498336791992,0,41.59563064575195,52.09628677368164,58.344608306884766,38.974700927734375,50.27771759033203
1674,50.820045471191406,51.698089599609375,37.404747009277344,40.83565139770508,0,40.12099838256836,56.347389221191406,55.36174011230469,38.610435485839844,48.33168029785156
1675,51.253150939941406,41.14519119262695,54.16666030883789,30.39429473876953,0,37.29596710205078,47.793304443359375,52.4014892578125,38.50735092163086,35.924800872802734
1676,38.57395553588867,48.34552764892578,44.60890579223633,38.470985412597656,0,29.280670166015625,47.759063720703125,45.97721481323242,32.593902587890625,39.802040100097656
1677,45.68758010864258,45.0105094909668,35.09084701538086,39.90255355834961,0,34.03754806518555,48.810359954833984,51.86848068237305,43.54377746582031,49.54845428466797
1678,52.49177551269531,54.40900421142578,43.9371337890625,46.12472152709961,0,42.09116744995117,57.16116714477539,56.19436264038086,20.424747467041016,45.06650924682617
1679,52.69130325317383,53.683502197265625,49.17598342895508,43.76187515258789,0,43.9529914855957,51.48238754272461,54.82066345214844,49.218482971191406,35.68833541870117
1680,46.20336151123047,54.048553466796875,23.93677520751953,19.650577545166016,0,33.69326400756836,47.79732131958008,9.184969902038574,21.788270950317383,28.962736129760742
1681,50.713165283203125,53.99449157714844,50.09404373168945,31.04886817932129,0,38.55598068237305,51.21284103393555,53.72348403930664,38.0797119140625,49.19993209838867
1682,44.91402816772461,39.798240661621094,39.390968322753906,43.69071578979492,0,40.27014923095703,51.69794464111328,46.19823455810547,113.8723373413086,48.2073974609375
1683,50.426143646240234,48.579586029052734,37.22157669067383,33.96356964111328,0,29.237369537353516,56.350830078125,41.849021911621094,31.124313354492188,38.59925079345703
1684,49.38139724731445,9.108086585998535,52.6080207824707,43.918914794921875,0,42.07075500488281,51.87118148803711,51.31875991821289,41.55538558959961,40.50849533081055
1685,46.78940200805664,46.950965881347656,45.27388381958008,40.402442932128906,0,39.80598068237305,50.673919677734375,51.73075485229492,36.27553176879883,40.9770393371582
1686,52.02954864501953,53.99345397949219,43.56590270996094,48.51083755493164,0,41.10921096801758,46.62079620361328,54.52491760253906,36.65351486206055,48.051795959472656
1687,49.947017669677734,48.88581466674805,47.82450485229492,40.88938522338867,0,40.41429901123047,51.22378921508789,44.43698501586914,40.60605239868164,44.352783203125
1688,41.84364700317383,46.89419937133789,47.34584045410156,37.56304168701172,0,29.934091567993164,54.39617919921875,42.37847137451172,37.541900634765625,44.27558898925781
1689,52.19548797607422,45.900272369384766,47.46168899536133,41.0889892578125,0,34.52475357055664,49.136085510253906,48.425941467285156,40.78532791137695,43.39535903930664
1690,47.83616638183594,47.41388702392578,27.81928062438965,27.629405975341797,16.793378829956055,24.539684295654297,50.53358459472656,38.92487716674805,15.751532554626465,27.219438552856445
1691,48.11052322387695,55.17683792114258,49.23317337036133,47.993526458740234,27.30533218383789,26.390344619750977,53.60563278198242,52.600181579589844,37.489139556884766,45.72300720214844
1692,47.56534957885742,53.18016815185547,2.3437132835388184,3.470473527908325,29.514507293701172,37.35404968261719,51.96788787841797,46.002967834472656,41.29194259643555,46.078041076660156
1693,49.733680725097656,49.245689392089844,48.311607360839844,40.90781784057617,23.538393020629883,25.043113708496094,53.82258987426758,39.09824752807617,31.614593505859375,50.06690216064453
1694,41.62398147583008,48.22169876098633,41.878150939941406,43.10293960571289,31.517934799194336,26.97134017944336,54.18852996826172,38.62071990966797,35.59058380126953,39.88987731933594
1695,50.20140838623047,59.68159866333008,52.43796157836914,0.38938793540000916,28.34340476989746,11.2434663772583,50.386295318603516,56.73385238647461,32.13090133666992,51.16625213623047
1696,11.77676010131836,23.81136131286621,18.070276260375977,39.2921142578125,36.98122787475586,30.63492202758789,43.24543762207031,25.433460235595703,31.43033218383789,51.14916229248047
1697,40.64585876464844,54.21269226074219,43.75284194946289,45.131988525390625,30.96611976623535,21.891780853271484,52.81734085083008,49.62454605102539,40.20158004760742,40.135040283203125
1698,39.07162094116211,27.980018615722656,27.768550872802734,2.416874408721924,0,27.913816452026367,54.57056427001953,39.1109619140625,41.825889587402344,10.815018653869629
1699,40.490211486816406,57.542724609375,45.9111442565918,46.97210693359375,21.35735511779785,38.494476318359375,49.27579879760742,53.6579475402832,37.67994689941406,43.559776306152344
1700,43.73454284667969,56.923824310302734,47.82585906982422,43.05536651611328,19.684917449951172,43.41516876220703,62.17148971557617,54.46501541137695,34.79282760620117,48.713462829589844
1701,45.31387710571289,48.690860748291016,49.106056213378906,45.16557312011719,17.645204544067383,36.947452545166016,55.71123504638672,45.629638671875,37.777957916259766,45.30380630493164
1702,42.87327575683594,47.236515045166016,43.72608947753906,39.89811706542969,22.908981323242188,39.13557815551758,52.75673294067383,45.71192932128906,34.63405990600586,47.949398040771484
1703,43.266056060791016,53.37994384765625,47.32002639770508,43.042320251464844,25.42818260192871,39.727989196777344,53.617401123046875,52.878501892089844,37.94721984863281,51.388919830322266
1704,49.592994689941406,56.95287322998047,48.3521728515625,46.33222579956055,23.747838973999023,42.07610321044922,56.001136779785156,56.59819412231445,37.61885452270508,51.13323974609375
1705,44.77083969116211,54.391265869140625,47.3681755065918,46.10551834106445,25.40262794494629,43.69307327270508,56.71533966064453,58.005088806152344,36.39830017089844,48.8548583984375
1706,47.72198486328125,55.71584701538086,53.9320182800293,50.814205169677734,28.17945098876953,42.37086486816406,51.27974319458008,54.42518615722656,40.31636047363281,49.68550109863281
1707,47.26737594604492,54.358646392822266,45.996002197265625,47.71168899536133,30.610584259033203,43.13313674926758,49.282928466796875,52.735294342041016,39.60728073120117,51.33953094482422
1708,47.75385284423828,52.74691390991211,47.091373443603516,44.054386138916016,29.0362548828125,42.18379211425781,52.51742935180664,55.33258819580078,41.17099380493164,46.90365219116211
1709,52.09536361694336,49.71308135986328,52.75911331176758,42.58024978637695,29.69129180908203,39.19733810424805,55.389041900634766,52.350215911865234,25.952604293823242,42.83934783935547
1710,51.8660888671875,56.08090591430664,47.076499938964844,56.553466796875,30.44951057434082,36.85322189331055,48.72504425048828,53.93701171875,46.331260681152344,48.40102005004883
1711,54.648277282714844,51.939918518066406,52.975887298583984,13.359989166259766,27.019739151000977,50.17198181152344,54.63969802856445,57.924407958984375,22.485387802124023,50.889801025390625
1712,57.06736755371094,63.010902404785156,39.62677001953125,53.83131790161133,31.1214599609375,52.3522834777832,49.453094482421875,59.27320098876953,41.94231414794922,53.24148178100586
1713,44.125675201416016,53.319610595703125,43.34233856201172,42.25551986694336,32.71365737915039,48.417755126953125,57.267276763916016,53.843997955322266,39.504432678222656,47.169471740722656
1714,51.59360885620117,56.476131439208984,46.955421447753906,44.861839294433594,33.94411087036133,55.94804000854492,57.65171813964844,56.840721130371094,37.99890899658203,46.58411407470703
1715,57.51108169555664,61.18448257446289,45.032711029052734,46.837039947509766,32.7577018737793,60.663734436035156,49.68304443359375,54.117820739746094,41.10767364501953,50.31672286987305
1716,56.12250900268555,54.12380599975586,42.603572845458984,44.07548141479492,30.053693771362305,58.133060455322266,51.198524475097656,48.87876892089844,33.81412124633789,42.02751541137695
1717,47.71113967895508,45.97694778442383,45.256797790527344,30.051340103149414,31.904712677001953,45.79121780395508,52.917057037353516,50.86056900024414,32.28128433227539,27.963359832763672
1718,53.306217193603516,52.963809967041016,48.53163146972656,40.181861877441406,34.94804763793945,55.42150115966797,59.25271987915039,55.6412239074707,34.77973175048828,36.8924674987793
1719,53.955020904541016,51.83726119995117,50.64558029174805,49.19813919067383,31.5523738861084,58.471275329589844,56.74985122680664,56.54437255859375,38.284786224365234,40.876285552978516
1720,57.88273239135742,56.93937683105469,43.62981033325195,47.157371520996094,22.834983825683594,60.157920837402344,50.62553787231445,57.60424041748047,35.71465301513672,45.60778045654297
1721,58.10548782348633,59.34531784057617,45.56747055053711,48.71200942993164,27.990713119506836,59.05582046508789,55.39704132080078,58.18499755859375,42.10795593261719,46.64495849609375
1722,55.82423782348633,53.286869049072266,46.333438873291016,42.17746353149414,34.30570983886719,55.829185485839844,54.82211685180664,53.748050689697266,39.17570495605469,45.103431701660156
1723,56.33344268798828,53.12173843383789,40.24464797973633,46.66960906982422,35.13115692138672,53.966365814208984,53.12373352050781,56.0552978515625,37.62077331542969,45.57416534423828
1724,56.46935272216797,55.42251205444336,56.855350494384766,48.60170364379883,29.598691940307617,57.7817268371582,56.07456588745117,55.706321716308594,43.6478157043457,41.63395309448242
1725,50.849205017089844,52.89433288574219,51.2485237121582,46.09901428222656,31.47397232055664,54.48334503173828,52.640113830566406,54.5404052734375,42.442420959472656,40.340545654296875
1726,50.813270568847656,52.542388916015625,40.677486419677734,49.645206451416016,34.479305267333984,52.496681213378906,55.69220733642578,52.68096160888672,36.78771209716797,37.977447509765625
1727,44.71906661987305,46.065834045410156,47.15675354003906,42.81074905395508,38.80731964111328,46.562400817871094,57.75801086425781,46.4000244140625,32.52961730957031,36.146018981933594
1728,46.62451934814453,51.19734191894531,40.7459602355957,44.24958419799805,37.034873962402344,48.578697204589844,51.60012435913086,52.62785720825195,35.51730728149414,35.71223449707031
1729,52.33423614501953,52.161415100097656,60.43106460571289,52.0738525390625,31.76326560974121,51.53246307373047,57.34239196777344,53.481170654296875,49.16826629638672,40.78022384643555
1730,54.37369918823242,19.062511444091797,41.83253860473633,24.84210777282715,29.120479583740234,56.9991569519043,47.3950080871582,51.6799430847168,18.447561264038086,26.73603057861328
1731,42.65653991699219,56.61552047729492,45.551517486572266,44.10204315185547,29.08677864074707,50.51935958862305,45.603050231933594,55.732566833496094,36.563270568847656,38.27069854736328
1732,35.89481735229492,49.99872589111328,37.672428131103516,43.42306137084961,35.62423324584961,44.83023452758789,55.7822265625,47.39246368408203,27.4748592376709,32.80043411254883
1733,44.036109924316406,53.20722198486328,47.03171157836914,44.0591926574707,30.424598693847656,54.94551467895508,54.881282806396484,53.86190414428711,39.643707275390625,41.942291259765625
1734,45.649932861328125,48.65578079223633,40.44187545776367,43.77323532104492,33.61068344116211,45.736793518066406,60.23784637451172,48.05885314941406,30.2623233795166,41.69341278076172
1735,43.22949981689453,49.33467483520508,45.44054412841797,48.85654830932617,31.323198318481445,55.76520919799805,57.99213790893555,55.963375091552734,45.59363555908203,49.16675567626953
1736,45.1823844909668,50.51181411743164,38.04465103149414,48.114501953125,36.83397674560547,53.12556076049805,59.02440643310547,56.6253547668457,36.74907302856445,49.078861236572266
1737,34.46379089355469,45.38249206542969,36.506717681884766,39.71843338012695,36.281982421875,48.26823425292969,55.87263488769531,44.47597122192383,36.343055725097656,34.71639633178711
1738,39.356468200683594,44.69026565551758,44.63607406616211,42.944766998291016,43.376922607421875,51.978973388671875,50.987701416015625,54.56221389770508,41.49890899658203,45.9812126159668
1739,44.33434295654297,44.011985778808594,43.17975997924805,46.760101318359375,32.49005126953125,60.110599517822266,52.082584381103516,54.81394577026367,38.241580963134766,47.6903076171875
1740,44.104576110839844,35.3023681640625,44.908302307128906,41.26084518432617,21.779565811157227,60.84370803833008,59.4996223449707,57.391719818115234,25.0557804107666,41.04197311401367
1741,49.884666442871094,42.27141189575195,46.714744567871094,47.72121810913086,33.87675476074219,64.22766876220703,53.1909294128418,57.47053909301758,42.625667572021484,47.79983901977539
1742,49.17540740966797,50.427101135253906,52.63307189941406,49.072174072265625,30.526744842529297,66.81011199951172,52.0868034362793,60.26126480102539,39.01982116699219,52.917625427246094
1743,39.259944915771484,35.82600784301758,48.971317291259766,44.21319580078125,29.543943405151367,58.08885192871094,50.62656784057617,51.202999114990234,34.24523162841797,41.61445236206055
1744,47.88552474975586,42.37059020996094,48.1530876159668,48.581390380859375,38.09921646118164,63.410099029541016,59.39653015136719,57.30882263183594,44.19662094116211,48.30980682373047
1745,47.57088088989258,40.34370803833008,46.668331146240234,46.847496032714844,41.29751205444336,56.71432876586914,51.57508850097656,50.19359588623047,31.897289276123047,46.147525787353516
1746,43.406455993652344,40.60889434814453,37.25041961669922,43.87407684326172,30.79031753540039,53.893375396728516,54.144351959228516,51.334632873535156,39.32148361206055,43.804718017578125
1747,46.04116439819336,39.66682815551758,48.58808517456055,43.59557342529297,37.42970275878906,58.40068435668945,50.419857025146484,54.65689468383789,35.79305648803711,43.263832092285156
1748,47.05908966064453,43.71596145629883,38.35318374633789,46.59135055541992,33.341373443603516,55.69415283203125,58.01822280883789,53.25362014770508,30.890317916870117,48.6454963684082
1749,38.560428619384766,41.45642852783203,34.728240966796875,42.229793548583984,27.83515167236328,56.26910400390625,54.53771209716797,46.84263229370117,34.575984954833984,46.69458770751953
1750,33.1780891418457,43.32435607910156,37.88563919067383,46.40016555786133,32.1913948059082,54.179569244384766,49.02351760864258,49.502498626708984,34.0963020324707,47.61824035644531
1751,49.78843688964844,56.24722671508789,48.776668548583984,48.34512710571289,32.37726974487305,67.9317855834961,58.469146728515625,58.56840515136719,49.17595291137695,52.44535827636719
1752,43.329593658447266,57.570621490478516,47.70570373535156,36.69882583618164,26.859275817871094,58.50164031982422,55.607234954833984,48.605369567871094,30.29775619506836,52.320011138916016
1753,45.018775939941406,42.096954345703125,41.9567985534668,42.96352005004883,29.585426330566406,59.19902038574219,53.01441955566406,54.800724029541016,39.591064453125,50.46596145629883
1754,40.46040344238281,35.266387939453125,44.04701232910156,45.874305725097656,47.40852355957031,52.49702835083008,54.89592742919922,50.19380569458008,36.81085968017578,46.681739807128906
1755,42.567474365234375,51.946044921875,0,41.15714645385742,26.66978645324707,53.220184326171875,59.779823303222656,47.26879119873047,27.84577751159668,47.22828674316406
1756,37.64213562011719,44.570465087890625,35.85959243774414,39.346534729003906,32.11914825439453,49.74620056152344,59.39206314086914,42.52400588989258,22.388429641723633,49.37489318847656
1757,41.10871124267578,52.31157302856445,32.7999153137207,45.38413619995117,27.160266876220703,57.38133239746094,48.58765411376953,46.31089401245117,23.174968719482422,51.43772888183594
1758,40.64104080200195,52.39854049682617,38.01284408569336,40.560279846191406,28.963977813720703,51.189109802246094,55.605628967285156,41.59638977050781,26.69404411315918,50.539730072021484
1759,38.33957290649414,49.261146545410156,38.338043212890625,41.33184051513672,0.5990000367164612,48.335262298583984,51.7158203125,43.80968475341797,37.59894943237305,46.7842903137207
1760,40.436641693115234,49.636173248291016,42.799678802490234,38.93352508544922,30.70114517211914,52.40779495239258,59.795345306396484,45.89663314819336,31.282445907592773,46.78133010864258
1761,45.12159729003906,48.52004623413086,48.163551330566406,38.57087326049805,29.113422393798828,55.08032989501953,56.908451080322266,44.96834945678711,38.97169494628906,47.703453063964844
1762,51.103538513183594,33.886436462402344,46.69186019897461,4.483949661254883,28.456554412841797,1.348045825958252,54.931549072265625,31.272647857666016,2.902432918548584,29.6904296875
1763,49.155269622802734,52.45604705810547,39.87552261352539,37.71965408325195,31.80928611755371,60.675785064697266,54.64512252807617,1359.1861572265625,31.950716018676758,51.49382781982422
1764,47.617897033691406,55.885032653808594,41.039737701416016,46.81549835205078,35.47791290283203,58.873382568359375,52.008140563964844,42.78395080566406,36.62565231323242,47.55998611450195
1765,48.94358825683594,52.38898849487305,43.98789596557617,43.71910858154297,35.14072036743164,59.655174255371094,56.130943298339844,51.78595733642578,38.710636138916016,51.80263137817383
1766,47.66436004638672,50.4559440612793,38.23748016357422,37.2348518371582,31.366252899169922,55.77549362182617,49.08409881591797,44.75444412231445,37.06513214111328,50.4720344543457
1767,38.761436462402344,47.41545104980469,37.301414489746094,39.023468017578125,31.063833236694336,53.62693786621094,58.59854507446289,46.993289947509766,33.69126892089844,46.442230224609375
1768,44.16570281982422,51.972068786621094,38.120548248291016,33.02804946899414,32.70920944213867,55.07069396972656,51.49907684326172,47.541690826416016,35.794281005859375,46.208106994628906
1769,38.8773193359375,49.372474670410156,37.941253662109375,40.05830383300781,28.707489013671875,50.397891998291016,56.11983108520508,49.373722076416016,34.86656188964844,41.62644577026367
1770,40.39766311645508,44.24333190917969,37.48017120361328,35.47682571411133,24.721158981323242,49.29594802856445,51.63704299926758,51.953948974609375,38.133182525634766,41.931854248046875
1771,43.098697662353516,51.57072448730469,35.37923049926758,33.086341857910156,34.229854583740234,55.89900207519531,54.87470626831055,46.11525344848633,32.642066955566406,46.348350524902344
1772,41.59320068359375,53.8018684387207,39.50307846069336,41.361473083496094,32.57305145263672,54.92438888549805,54.284671783447266,47.8889274597168,41.818870544433594,49.35532760620117
1773,45.283851623535156,49.6813850402832,34.67811584472656,39.5661506652832,32.98269271850586,54.673675537109375,51.138423919677734,48.16241455078125,38.265769958496094,49.81724166870117
1774,46.3692626953125,49.683258056640625,33.6070442199707,35.257389068603516,31.022655487060547,52.49281692504883,56.36334991455078,41.240596771240234,33.1417121887207,48.07084655761719
1775,38.90925216674805,53.117401123046875,32.99034118652344,35.67069625854492,34.75979232788086,57.67061233520508,54.305301666259766,50.36498260498047,39.26250076293945,56.55025100708008
1776,42.72466278076172,43.58310317993164,37.341957092285156,32.32361602783203,30.589052200317383,51.11286163330078,37268.98828125,44.425209045410156,39.25434112548828,44.47323989868164
1777,45.98659133911133,51.820716857910156,35.53176498413086,36.62383270263672,28.7607421875,57.686973571777344,481.25616455078125,49.819915771484375,38.43158721923828,53.94503402709961
1778,37.05898666381836,44.5738525390625,28.596891403198242,30.66900062561035,26.835134506225586,50.663272857666016,54.319129943847656,40.95693588256836,33.79160690307617,50.14191818237305
1779,47.104610443115234,48.81967544555664,43.26479721069336,42.590728759765625,31.773279190063477,57.90009689331055,0,57.313358306884766,46.928077697753906,51.596927642822266
1780,52.51334762573242,52.00625991821289,37.56929397583008,49.63241195678711,27.80431365966797,57.66246795654297,0,51.606136322021484,44.44188690185547,54.38254928588867
1781,43.232704162597656,49.85431671142578,32.32729721069336,38.02045822143555,32.468299865722656,56.684104919433594,0,44.437538146972656,39.145423889160156,51.2071418762207
1782,32.06810760498047,45.0002326965332,30.749990463256836,34.290916442871094,24.42303466796875,50.8795166015625,0,37.92405319213867,31.284950256347656,46.0720100402832
1783,44.03295135498047,53.6696662902832,37.77632522583008,38.20311737060547,31.357282638549805,60.04877853393555,0,55.34394836425781,44.540035247802734,52.7510871887207
1784,44.162105560302734,46.167877197265625,34.639991760253906,35.944705963134766,24.42139434814453,50.35309600830078,0,42.747215270996094,36.89578628540039,45.872108459472656
1785,37.18832778930664,50.951194763183594,29.983661651611328,31.445770263671875,21.063522338867188,54.544578552246094,0,46.861289978027344,34.63192367553711,51.029396057128906
1786,40.02845001220703,49.975154876708984,34.25046157836914,33.209991455078125,41.631683349609375,49.80326461791992,0,43.462947845458984,38.088050842285156,48.86811828613281
1787,36.160240173339844,50.55351638793945,31.453699111938477,34.703304290771484,40.84903335571289,54.69815444946289,0,39.44767379760742,37.682987213134766,52.15928649902344
1788,41.526973724365234,48.26005554199219,36.782142639160156,35.80226516723633,43.407020568847656,54.37773132324219,0,44.936336517333984,41.45444869995117,47.803924560546875
1789,37.48512268066406,49.434234619140625,31.511920928955078,33.889678955078125,44.60837173461914,60.113441467285156,0,47.9409294128418,34.09431838989258,43.28450393676758
1790,41.51044845581055,49.44667434692383,39.51607131958008,31.35999298095703,43.659141540527344,55.116294860839844,0,45.45449447631836,40.82767868041992,42.25321578979492
1791,39.155025482177734,45.51451873779297,31.532629013061523,33.11368179321289,37.18836212158203,48.79476547241211,0,48.248374938964844,37.26332473754883,42.520225524902344
1792,36.10375213623047,49.735816955566406,35.87700653076172,31.762786865234375,41.866111755371094,51.799957275390625,0,41.163326263427734,41.60444259643555,42.59841537475586
1793,37.10541915893555,49.27260208129883,35.966739654541016,32.67105484008789,38.0203742980957,48.77708435058594,0,44.76791763305664,45.07319259643555,48.023826599121094
1794,44.05179977416992,46.014915466308594,40.789127349853516,36.001834869384766,50.70553970336914,58.36808776855469,0,46.59315872192383,37.24433898925781,39.533145904541016
1795,43.975215911865234,53.735591888427734,42.777008056640625,34.15325164794922,42.809513092041016,57.092079162597656,0,50.92397689819336,46.16788864135742,46.67122268676758
1796,41.84204864501953,41.30848693847656,37.84477996826172,34.63151168823242,45.33934783935547,53.00450897216797,0,51.63253402709961,49.590267181396484,43.96314239501953
1797,47.20090866088867,51.093711853027344,40.691524505615234,38.302955627441406,48.95716857910156,59.79750442504883,0,46.31578063964844,11.322025299072266,47.01880645751953
1798,32.443267822265625,47.39679718017578,34.58639144897461,31.47050666809082,36.01338577270508,50.83768081665039,0,44.8013801574707,51.41905212402344,38.578529357910156
1799,45.801143646240234,53.54279327392578,43.037078857421875,35.71210861206055,44.79347610473633,60.133121490478516,0,52.69287872314453,37.06781005859375,47.42237091064453
1800,39.91320037841797,48.11894607543945,39.75059509277344,33.874542236328125,40.68003463745117,51.287906646728516,0,46.8336067199707,47.741451263427734,41.70864486694336
1801,42.229034423828125,28.55373191833496,29.492862701416016,38.111366271972656,53.99708557128906,34.51919937133789,0,46.93412780761719,39.99599838256836,34.746578216552734
1802,51.32391357421875,55.7734260559082,42.048221588134766,30.570539474487305,39.76127243041992,56.61588668823242,0,50.57832336425781,42.334251403808594,862.6182861328125
1803,44.702491760253906,45.35611343383789,39.118247985839844,35.70136642456055,47.42427444458008,55.60755920410156,0,53.648597717285156,46.688961029052734
1804,41.967376708984375,41.48693084716797,37.433353424072266,37.79216766357422,36.076412200927734,51.7098388671875,0,33.768619537353516,38.84456253051758
1805,43.20378112792969,52.38602828979492,38.40265655517578,30.05709457397461,47.84560012817383,57.010353088378906,0,48.069149017333984,43.77299499511719,25.421337127685547
1806,47.184165954589844,46.97969436645508,41.631771087646484,36.07737731933594,46.14072799682617,54.596641540527344,0,52.224639892578125,39.960697174072266,17.408660888671875
1807,40.08253479003906,48.411563873291016,38.12995529174805,36.65888214111328,44.31353759765625,54.099639892578125,0,47.3361930847168,43.73229217529297,23.015199661254883
1808,39.735530853271484,49.08135223388672,40.830814361572266,35.544715881347656,42.67261505126953,50.65016555786133,0,46.685096740722656,41.194278717041016,32.21982192993164
1809,43.60212707519531,53.84016418457031,41.468074798583984,35.780479431152344,52.26859664916992,58.556175231933594,0,55.17289352416992,45.153438568115234,34.01296615600586
1810,42.974639892578125,49.59950256347656,39.155235290527344,30.616317749023438,47.921504974365234,56.34988021850586,0,49.88703155517578,42.301231384277344,38.420616149902344
1811,36.986446380615234,52.241973876953125,38.003562927246094,37.545509338378906,42.55509948730469,55.33561706542969,0,45.4423828125,97.17210388183594,28.28094482421875
1812,45.08327865600586,50.27178192138672,40.89330291748047,41.11487579345703,43.67314529418945,55.97999954223633,0,51.5131721496582,52.219139099121094,36.910037994384766
1813,46.122955322265625,33.26042175292969,39.15937042236328,44.08625030517578,46.97559356689453,21.255409240722656,0,56.01531219482422,50.503135681152344,40.737266540527344
1814,39.010799407958984,30.91526985168457,34.929203033447266,36.72309112548828,41.66612243652344,59.97245788574219,0,46.6195182800293,47.438072204589844,27.769378662109375
1815,41.445613861083984,22.774547576904297,39.27055358886719,39.34352493286133,48.31303787231445,44.31386184692383,0,58.02378845214844,43.37303924560547,40.83628845214844
1816,43.84650421142578,38.91300964355469,46.99449920654297,38.55598068237305,50.71101379394531,65.04237365722656,0,63.03865051269531,45.940757751464844,55.148433685302734
1817,15.874412536621094,60.17301940917969,40.712791442871094,39.98789596557617,43.119407653808594,60.60984420776367,0,48.247623443603516,41.648258209228516,21.546884536743164
1818,36.67674255371094,19.33610725402832,10.172097206115723,25.91301155090332,34.16072463989258,10.305167198181152,0,30.043420791625977,36.456565856933594,5.016722202301025
1819,36.092769622802734,18.685834884643555,40.594566345214844,41.71424102783203,42.215721130371094,54.68132019042969,0,56.21474838256836,60.64762878417969,46.862701416015625
1820,46.4417724609375,47.370853424072266,41.33000183105469,35.872650146484375,44.27404022216797,58.60686492919922,0,55.08802795410156,26.877851486206055,49.042144775390625
1821,44.79243087768555,51.515010833740234,40.021942138671875,40.68184280395508,41.556060791015625,52.72979736328125,0,52.65413284301758,22.323102951049805,48.090126037597656
1822,44.315067291259766,45.2071418762207,36.52891159057617,42.126136779785156,46.037723541259766,23.982088088989258,0,41.571224212646484,10.627138137817383,32.4071044921875
1823,53.187294006347656,55.45701217651367,44.27845001220703,43.706233978271484,51.8767204284668,62.50394821166992,0,58.36505126953125,48.46330261230469,51.338497161865234
1824,50.5252685546875,51.63258743286133,44.34431457519531,42.251163482666016,50.06574630737305,59.52470779418945,0,53.07938003540039,44.44080352783203,52.39678192138672
1825,47.880027770996094,46.27919387817383,41.43521499633789,42.059478759765625,44.08393478393555,49.81474304199219,0,50.975067138671875,43.03358459472656,41.1611328125
1826,39.946922302246094,45.66053771972656,43.019371032714844,38.876861572265625,38.38127517700195,48.09965896606445,0,46.553863525390625,52.447410583496094,47.640384674072266
1827,40.05329895019531,12.691640853881836,39.81330490112305,39.88564682006836,44.46024703979492,53.8874397277832,0,43.89241027832031,21.332841873168945,15.520088195800781
1828,42.7060432434082,48.64217758178711,40.35087966918945,37.089012145996094,36.00167465209961,53.91104507446289,0,54.784934997558594,47.70493698120117,43.6544075012207
1829,40.508792877197266,42.25532913208008,42.65233612060547,40.923152923583984,38.59531784057617,53.15645217895508,0,52.996849060058594,44.25680160522461,45.24100112915039
1830,35.56128692626953,39.3112907409668,41.7623176574707,37.08740997314453,27.303274154663086,47.68783187866211,0,48.20452117919922,44.224021911621094,46.69169616699219
1831,39.37776565551758,53.03013229370117,41.00160217285156,30.510013580322266,27.465425491333008,44.841007232666016,0,52.142391204833984,46.73029708862305,47.74895477294922
1832,42.613853454589844,50.71305465698242,46.42369079589844,36.989463806152344,39.120140075683594,57.002845764160156,0,53.57371520996094,30.62920570373535,53.53104782104492
1833,45.83301544189453,49.01519012451172,41.39644241333008,37.13689041137695,35.34065246582031,55.5080451965332,0,49.61032485961914,39.6020622253418,49.1402473449707
1834,42.193077087402344,47.087284088134766,37.35434341430664,33.20586395263672,34.05088806152344,45.95210647583008,0,54.20509719848633,40.72120666503906,47.28329086303711
1835,46.42172622680664,52.07339096069336,41.95827865600586,35.684688568115234,36.48502731323242,56.41283416748047,0,55.842063903808594,47.26982879638672,50.81609344482422
1836,44.529335021972656,55.852657318115234,35.38396453857422,36.62647247314453,36.133426666259766,0,0,54.86684036254883,47.86146545410156,50.149749755859375
1837,29.218921661376953,9.118561744689941,36.44309997558594,22.003000259399414,34.02511978149414,52.974605560302734,0,1.3258055448532104,14.016505241394043,29.790311813354492
1838,46.91938400268555,54.0764274597168,40.07776641845703,45.69609069824219,34.443031311035156,57.67068862915039,0,55.85589599609375,42.97405242919922,52.51133728027344
1839,38.05710983276367,52.341487884521484,49.72598648071289,38.558631896972656,32.09319305419922,50.062828063964844,0,55.06349182128906,52.401519775390625,50.85435104370117
1840,35.62406539916992,53.39546585083008,47.36241912841797,36.107643127441406,35.31883239746094,47.91484451293945,0,55.48403549194336,47.02855682373047,53.7507209777832
1841,37.232643127441406,5.946639537811279,47.802059173583984,45.387298583984375,32.754295349121094,45.595672607421875,0,36.054500579833984,2.9975552558898926,16.523420333862305
1842,48.21712875366211,54.20709228515625,52.306339263916016,41.36331558227539,36.255775451660156,58.14434051513672,0,62.089393615722656,50.72174072265625,52.0811653137207
1843,40.183494567871094,53.4654541015625,49.46567916870117,40.41163635253906,35.53195571899414,50.17829132080078,0,57.48064041137695,45.06153869628906,52.18109893798828
1844,36.412296295166016,48.113807678222656,48.10859298706055,35.790950775146484,37.163360595703125,43.52375030517578,0,52.877933502197266,46.93257522583008,33.35518264770508
1845,38.94361877441406,52.3345832824707,47.909847259521484,38.23229217529297,41.07157897949219,46.60106658935547,0,52.212013244628906,52.62400817871094,45.3698616027832
1846,38.424224853515625,52.21205520629883,51.12345504760742,38.758262634277344,39.0419807434082,48.92441177368164,0,54.34538269042969,46.706668853759766,38.7830810546875
1847,40.11837387084961,51.41140365600586,45.46090316772461,43.58445358276367,39.56621551513672,52.63079071044922,0,54.706016540527344,28.244468688964844,38.661643981933594
1848,53.64219284057617,39.62308120727539,52.5802116394043,49.096858978271484,49.72654724121094,56.110469818115234,0,57.79920959472656,44.992252349853516,39.53958511352539
1849,40.05424880981445,51.53404235839844,40.615108489990234,42.71844482421875,40.55437469482422,46.680335998535156,0,55.185081481933594,46.84783172607422,38.10110855102539
1850,37.06733322143555,48.78443145751953,42.485679626464844,41.40688705444336,38.35306167602539,53.07600021362305,0,57.605770111083984,46.08552932739258,44.4904899597168
1851,39.04335403442383,44.73671340942383,45.87437057495117,43.29584884643555,42.940067291259766,50.46391677856445,0,52.213966369628906,45.03694152832031,42.15059280395508
1852,35.66648483276367,43.7775764465332,48.34445571899414,34.703800201416016,40.88692092895508,49.5599365234375,0,50.06412124633789,44.48618698120117,43.207115173339844
1853,45.25959777832031,55.295841217041016,50.65156936645508,42.96733856201172,46.688926696777344,54.485958099365234,0,56.864906311035156,41.97690200805664,47.11085891723633
1854,43.36522674560547,51.17333984375,51.803855895996094,42.96209716796875,38.03898239135742,48.93574142456055,0,48.53361892700195,51.38768768310547,47.45697021484375
1855,37.46030807495117,53.1654052734375,48.14767074584961,43.62799835205078,40.611976623535156,47.94923782348633,0,52.73439407348633,48.01441955566406,46.60029220581055
1856,40.727359771728516,53.6219596862793,49.72672653198242,44.98016357421875,44.45685577392578,49.45896911621094,0,49.7509880065918,44.273983001708984,50.379608154296875
1857,44.29989242553711,45.969783782958984,45.66865921020508,45.42200469970703,42.45792007446289,50.77683639526367,0,50.622398376464844,45.53506851196289,16.481962203979492
1858,44.05762481689453,54.6972541809082,43.82276916503906,41.97074890136719,37.35578536987305,50.87355422973633,0,54.089351654052734,49.484195709228516,47.669986724853516
1859,35.65419387817383,42.40981674194336,18.53227996826172,39.98100662231445,31.299898147583008,45.56742858886719,0,49.01240921020508,43.480072021484375,43.89887619018555
1860,42.03651428222656,53.86732864379883,45.726985931396484,44.75393295288086,40.145877838134766,55.544219970703125,0,56.384151458740234,51.576263427734375,44.6685676574707
1861,41.48809051513672,51.68642044067383,45.23276138305664,41.580047607421875,41.56654739379883,49.57490921020508,0,53.91148376464844,45.9056510925293,44.4815559387207
1862,43.05764389038086,47.095970153808594,52.4656867980957,41.521419525146484,43.127193450927734,49.62030029296875,0,51.416133880615234,44.15937423706055,36.7009162902832
1863,52.7625846862793,47.062313079833984,44.41218948364258,52.38454818725586,55.27653121948242,53.868106842041016,0,52.14674377441406,27.25859260559082,49.41301727294922
1864,38.15363311767578,47.75300979614258,54.80820846557617,33.260704040527344,46.4295539855957,49.43037414550781,0,53.365272521972656,33.7430534362793,43.31943130493164
1865,44.370643615722656,47.28807067871094,44.78887939453125,43.83673095703125,42.38069534301758,50.13029479980469,0,47.54026412963867,52.468021392822266,41.70374298095703
1866,47.48381423950195,54.17314147949219,45.14041519165039,45.77348709106445,46.98337936401367,55.782291412353516,0,56.24226760864258,52.69614791870117,39.26436233520508
1867,45.03234100341797,53.00830841064453,46.58222579956055,46.33990478515625,43.0674934387207,53.48937225341797,0,52.771156311035156,50.748046875,37.84059524536133
1868,39.702083587646484,49.33217239379883,47.37830352783203,44.224388122558594,38.38131332397461,44.63192367553711,0,52.56425476074219,45.61919021606445,38.20590591430664
1869,37.04010009765625,45.47898483276367,47.06397247314453,42.646854400634766,37.87785720825195,50.62508010864258,0,53.98188400268555,47.607242584228516,38.066158294677734
1870,37.20793533325195,49.09476852416992,47.39612579345703,44.67250442504883,39.44462585449219,50.19280242919922,0,51.453575134277344,45.71199417114258,36.32578659057617
1871,46.55287551879883,49.326866149902344,50.669124603271484,48.18398666381836,42.74376678466797,54.38507080078125,0,57.69281768798828,50.10270690917969,45.728759765625
1872,41.243995666503906,51.787540435791016,48.18834686279297,48.1715087890625,43.316524505615234,55.04623031616211,0,57.24601745605469,49.80474853515625,46.5106201171875
1873,38.25151824951172,49.32072448730469,47.53400421142578,48.40735626220703,43.187530517578125,56.071903228759766,0,56.02204895019531,51.635597229003906,42.14820098876953
1874,38.99470520019531,51.51909637451172,48.87971496582031,47.782047271728516,43.10595703125,52.329017639160156,0,56.74374771118164,55.079715728759766,40.68019104003906
1875,43.58476257324219,52.569725036621094,50.253902435302734,46.76426315307617,48.73332214355469,45.736297607421875,0,58.00575256347656,23.595691680908203,42.25048828125
1876,40.019630432128906,54.70558166503906,49.18791198730469,51.124046325683594,46.4666862487793,61.07471466064453,0,57.43312454223633,56.24667739868164,46.036712646484375
1877,38.747493743896484,52.293914794921875,40.79517364501953,45.92155456542969,44.12746047973633,51.34059524536133,0,53.253665924072266,48.08418273925781,45.67607498168945
1878,30.681489944458008,46.989192962646484,38.656158447265625,43.70546340942383,42.74321746826172,50.199703216552734,0,55.142913818359375,47.3620719909668,39.51598358154297
1879,40.122947692871094,52.3963623046875,45.66104507446289,46.7662353515625,40.51034164428711,54.926422119140625,0,53.1756706237793,48.81635665893555,38.60762405395508
1880,40.58784866333008,54.49182891845703,34.69487380981445,49.613948822021484,39.97384262084961,56.44548797607422,0,56.000389099121094,52.56037902832031,42.035457611083984
1881,40.438411712646484,55.19144821166992,39.403160095214844,49.099369049072266,48.306636810302734,56.977928161621094,0,54.89682388305664,50.12967300415039,44.2844352722168
1882,39.43081283569336,52.46450424194336,40.2647819519043,53.218040466308594,46.38280487060547,39.11941909790039,0,52.36940383911133,47.81743240356445,40.093605041503906
1883,43.050018310546875,55.96555709838867,37.172996520996094,57.793121337890625,55.542396545410156,54.17698669433594,0,58.69374084472656,56.97865676879883,44.56441116333008
1884,37.57514190673828,54.26129913330078,45.84584045410156,52.896846771240234,53.29345703125,48.38426971435547,17.00312042236328,51.21906280517578,49.717227935791016,39.21172332763672
1885,49.220787048339844,60.739994049072266,46.01322555541992,61.42963409423828,54.53298568725586,63.346858978271484,40.723365783691406,53.40919494628906,56.9686393737793,37.8123893737793
1886,53.66604995727539,59.78334045410156,46.015506744384766,60.29825210571289,57.109134674072266,57.753814697265625,29.489397048950195,55.4714469909668,53.24005889892578,50.59665298461914
1887,24.546146392822266,54.70677947998047,49.00788116455078,39.475746154785156,53.89158248901367,38.27940368652344,25.45937728881836,50.143646240234375,44.16846466064453,41.79308319091797
1888,38.8992805480957,52.103660583496094,43.29018020629883,51.83816909790039,44.39188003540039,51.51351547241211,39.02495574951172,48.95722579956055,46.583221435546875,37.315975189208984
1889,36.438907623291016,51.564109802246094,41.73548126220703,53.596248626708984,45.300567626953125,46.96974182128906,41.378170013427734,48.3868408203125,47.15071105957031,37.79479217529297
1890,37.94529342651367,49.80051803588867,45.256614685058594,54.52994918823242,43.415771484375,51.15635299682617,40.60533142089844,50.478328704833984,50.24205017089844,29.72784996032715
1891,33.470489501953125,55.92815017700195,43.96426010131836,54.0252571105957,39.15382766723633,49.71727752685547,45.86309051513672,52.71737289428711,48.364830017089844,27.875932693481445
1892,37.766075134277344,48.161354064941406,51.78459548950195,47.19755172729492,46.96114730834961,42.24278259277344,44.006919860839844,47.54091262817383,48.75459289550781,29.571727752685547
1893,38.00113296508789,57.73573684692383,50.90336227416992,55.79125213623047,37.312374114990234,61.110225677490234,42.150115966796875,48.41027069091797,47.71504592895508,35.33143615722656
1894,37.04636001586914,34.346195220947266,42.393672943115234,56.20124435424805,39.528541564941406,52.1485595703125,46.8983039855957,48.96052169799805,51.955772399902344,30.829790115356445
1895,33.29767990112305,37.92561721801758,38.9627799987793,51.129180908203125,38.099300384521484,48.836910247802734,48.50322723388672,48.16450500488281,46.754642486572266,23.343542098999023
1896,47.70722198486328,44.421871185302734,49.61354446411133,54.082183837890625,45.78194046020508,50.12354278564453,43.88029098510742,44.822383880615234,48.892547607421875,34.27288055419922
1897,35.85047149658203,36.025508880615234,45.332942962646484,48.75297164916992,34.025028228759766,48.06032180786133,44.43126678466797,43.733802795410156,48.0517463684082,30.59153175354004
1898,37.503074645996094,44.55759811401367,46.32435989379883,49.51980209350586,36.900146484375,50.94699478149414,38.98640823364258,42.7712287902832,48.08446502685547,33.189456939697266
1899,33.6016731262207,39.822994232177734,46.41432571411133,48.65220260620117,35.728275299072266,44.83570861816406,40.63703536987305,42.42757797241211,45.01482009887695,29.337949752807617
1900,45.16736602783203,61.93238830566406,51.80671310424805,57.978675842285156,48.37434387207031,56.94627380371094,40.661922454833984,51.667205810546875,55.96681594848633,41.68528747558594
1901,38.28527069091797,49.361392974853516,46.55320739746094,52.70674514770508,41.583431243896484,55.68738555908203,46.32028579711914,49.41279602050781,52.33547592163086,31.079727172851562
1902,33.16514587402344,41.77729415893555,42.793495178222656,52.60934829711914,37.84801483154297,46.74415969848633,40.010704040527344,49.30528259277344,47.043521881103516,23.738628387451172
1903,35.284156799316406,45.93439865112305,46.30164337158203,52.112060546875,40.60175704956055,49.931007385253906,44.50322723388672,46.58076858520508,49.00774002075195,30.449665069580078
1904,38.285850524902344,42.365936279296875,47.87317657470703,50.16272735595703,40.14002990722656,49.100059509277344,43.093650817871094,41.882362365722656,44.31686019897461,28.955812454223633
1905,42.799461364746094,54.87544250488281,50.52485656738281,54.721858978271484,47.880714416503906,57.376380920410156,39.91642761230469,51.32728576660156,50.136878967285156,41.23212814331055
1906,42.203392028808594,52.77205276489258,54.23896026611328,53.81704330444336,44.557167053222656,54.84864044189453,43.56378173828125,50.766456604003906,59.33058166503906,40.8650016784668
1907,35.72800827026367,48.70093536376953,44.35931396484375,51.09730911254883,42.083221435546875,55.59115982055664,43.18069839477539,49.95114517211914,47.31856155395508,25.7373046875
1908,36.4062614440918,42.172000885009766,41.83961868286133,45.956787109375,40.74500274658203,49.16783142089844,44.87125015258789,45.91972732543945,45.51699447631836,32.08983612060547
1909,39.7725830078125,48.473045349121094,45.1580696105957,46.52958297729492,39.50569534301758,49.20132064819336,40.96061325073242,49.14676284790039,47.43118667602539,198.0626678466797
1910,47.92751693725586,56.85254669189453,55.478790283203125,57.897953033447266,48.959373474121094,57.65705108642578,42.67300796508789,49.16968536376953,55.7403450012207,38.85380172729492
1911,37.687217712402344,47.859275817871094,42.39119338989258,46.47309494018555,20.529682159423828,56.474796295166016,47.51272201538086,53.60428237915039,47.827701568603516,32.966758728027344
1912,38.15849304199219,49.39087677001953,40.632667541503906,52.241451263427734,30.345539093017578,53.74713134765625,44.11149978637695,51.99281692504883,49.623207092285156,40.419193267822266
1913,37.82577896118164,42.626251220703125,39.86516189575195,46.138668060302734,26.82175636291504,51.34807586669922,46.72461700439453,49.876522064208984,33.7457275390625,15.344828605651855
1914,35.7877082824707,50.3624153137207,44.96998977661133,47.73477554321289,27.18612289428711,50.70209503173828,44.60795211791992,51.324989318847656,48.115203857421875,32.82524108886719
1915,43.28376388549805,45.03560256958008,48.08721160888672,51.42949676513672,35.89021682739258,45.518646240234375,45.6666374206543,40.133148193359375,47.59705352783203,8.127385139465332
1916,41.690914154052734,53.10237503051758,51.32788848876953,51.97810363769531,37.475223541259766,62.50373077392578,44.96419143676758,53.49172592163086,51.57991027832031,36.304718017578125
1917,39.08169937133789,48.688140869140625,48.94288635253906,52.58679962158203,27.25640869140625,56.596378326416016,46.1187744140625,53.36656188964844,45.24117660522461,40.56256866455078
1918,40.09346008300781,54.013919830322266,47.2142448425293,51.867794036865234,35.64492416381836,49.073020935058594,39.55341339111328,53.806922912597656,53.050193786621094,22.248262405395508
1919,40.71433639526367,51.15641784667969,43.84889221191406,49.50431823730469,29.56067657470703,63.485076904296875,44.54674530029297,55.33246612548828,53.891815185546875,32.405975341796875
1920,51.37807846069336,58.25529861450195,58.126686096191406,53.04328155517578,39.90386199951172,64.29502868652344,47.70262908935547,55.084861755371094,61.25007629394531,43.07929992675781
1921,45.570533752441406,47.002685546875,47.55536651611328,51.73136520385742,39.65576934814453,55.470035552978516,43.64423751831055,56.872711181640625,48.37184143066406,35.51871871948242
1922,44.65523910522461,54.354679107666016,43.993282318115234,55.44621276855469,38.341915130615234,58.28678894042969,47.14793395996094,53.003883361816406,55.78358459472656,43.776878356933594
1923,41.19919204711914,50.94596481323242,42.03701400756836,53.90511703491211,39.51475143432617,51.76865005493164,44.07799530029297,42.55634307861328,51.505615234375,31.47834014892578
1924,47.87786102294922,50.72407150268555,52.17933654785156,50.40192794799805,38.11098861694336,57.04532241821289,48.12375259399414,55.388771057128906,54.838043212890625,33.20587158203125
1925,44.549320220947266,51.68547058105469,47.80176544189453,51.93812942504883,30.9727725982666,59.50328063964844,47.77733612060547,49.40556716918945,49.809688568115234,33.105289459228516
1926,39.57978820800781,45.28072738647461,42.402042388916016,50.446292877197266,40.13362503051758,49.33848571777344,46.49638748168945,46.195404052734375,48.78549575805664,27.81781005859375
1927,51.686614990234375,43.89291000366211,51.649574279785156,50.882171630859375,38.70244216918945,52.3065299987793,39.81221008300781,49.10690689086914,50.70512008666992,31.6436824798584
1928,45.124393463134766,47.019710540771484,48.52074432373047,53.9704704284668,31.8345890045166,59.428993225097656,44.2272834777832,57.862789154052734,49.226436614990234,29.4603328704834
1929,42.448822021484375,51.37226104736328,51.48967361450195,50.582881927490234,43.79542922973633,55.907405853271484,47.846710205078125,53.24750900268555,51.43972396850586,32.15338897705078
1930,42.72703552246094,48.728797912597656,50.404808044433594,53.528385162353516,31.118478775024414,57.3341064453125,48.091068267822266,54.10652542114258,52.16291046142578,35.96772384643555
1931,41.677059173583984,43.730892181396484,40.72671890258789,49.36455535888672,34.00796890258789,49.23356246948242,46.595699310302734,48.66386032104492,49.205448150634766,33.42176818847656
1932,43.4896354675293,48.63533020019531,47.22187423706055,52.221065521240234,33.405860900878906,54.65929412841797,44.40885543823242,51.65226745605469,48.05509948730469,31.980154037475586
1933,42.015193939208984,45.00971221923828,43.007354736328125,46.8511848449707,24.65094566345215,48.813453674316406,47.97669219970703,48.617958068847656,45.4239501953125,27.538681030273438
1934,39.35343551635742,43.22136688232422,43.867958068847656,49.55559158325195,40.849151611328125,50.402122497558594,46.96821594238281,44.394874572753906,48.89188003540039,30.237611770629883
1935,39.71522903442383,44.467044830322266,42.36381912231445,44.641544342041016,29.139747619628906,44.55103302001953,44.50605773925781,44.91977310180664,44.87076950073242,29.37792205810547
1936,42.00234603881836,52.08013916015625,46.35300064086914,50.83208465576172,26.200557708740234,56.9426383972168,50.4082145690918,53.955718994140625,49.09075927734375,30.83300018310547
1937,44.67869186401367,49.4073371887207,48.26124954223633,48.94194793701172,28.388931274414062,57.58137512207031,47.17350387573242,53.415550231933594,44.495914459228516,26.213693618774414
1938,37.28291320800781,46.37495422363281,42.15629196166992,46.37984848022461,25.012727737426758,51.204978942871094,46.13921356201172,48.90254211425781,44.592552185058594,25.555715560913086
1939,42.52619552612305,50.63459777832031,47.33561706542969,46.0272102355957,26.748308181762695,55.92510223388672,48.92815017700195,54.66560363769531,48.93983459472656,26.69843864440918
1940,38.32865905761719,51.48229217529297,42.538333892822266,46.767887115478516,26.70964241027832,52.976951599121094,49.32466125488281,52.04924392700195,43.583431243896484,33.3819465637207
1941,41.53911209106445,53.190731048583984,35.04082489013672,40.4648323059082,34.91251754760742,48.61797332763672,48.038570404052734,47.86564254760742,50.006160736083984,29.27715301513672
1942,37.94693374633789,55.09762191772461,48.686038970947266,42.1746826171875,25.788814544677734,55.9958610534668,49.042640686035156,52.489707946777344,54.12221908569336,30.762306213378906
1943,43.318443298339844,47.158233642578125,42.766136169433594,38.612064361572266,33.084815979003906,56.028076171875,49.573055267333984,52.528018951416016,50.54511642456055,21.736804962158203
1944,41.861446380615234,47.570579528808594,41.780418395996094,40.70610046386719,27.256793975830078,50.49327087402344,43.09734344482422,52.26123046875,41.49809265136719,25.260194778442383
1945,34.74222946166992,40.54256057739258,33.728057861328125,38.8114128112793,37.996463775634766,43.83481979370117,50.12567901611328,29.885324478149414,38.1401252746582,18.327428817749023
1946,43.2154655456543,48.64479064941406,42.436798095703125,36.90748596191406,37.86308670043945,54.96567916870117,50.37150955200195,52.2751579284668,44.10469055175781,30.304800033569336
1947,41.09660720825195,50.88725280761719,46.10763168334961,41.00156021118164,29.77068519592285,57.08000564575195,50.72939682006836,58.03955841064453,45.82814407348633,32.99671173095703
1948,45.33053207397461,56.36851119995117,46.87367248535156,37.7496452331543,33.640533447265625,61.531761169433594,47.245513916015625,56.59873580932617,50.59341049194336,44.0888786315918
1949,38.74943542480469,51.234371185302734,46.7731819152832,37.92136001586914,30.64236831665039,55.319549560546875,47.542335510253906,51.1470947265625,45.08436965942383,37.457054138183594
1950,39.415687561035156,52.78287124633789,46.50904846191406,34.763179779052734,39.94334030151367,56.14499282836914,44.12459182739258,58.6545295715332,48.04267501831055,38.485679626464844
1951,35.63124084472656,44.66022491455078,40.1285285949707,37.20546340942383,35.43408203125,51.57955551147461,47.36066436767578,50.474586486816406,45.37303924560547,30.914594650268555
1952,33.588985443115234,51.28394317626953,37.20398712158203,42.49960708618164,35.26212692260742,50.01943588256836,47.18861770629883,49.32973098754883,44.8229866027832,28.863754272460938
1953,30.384443283081055,42.95840072631836,38.217918395996094,41.154850006103516,32.087135314941406,51.83127975463867,50.0296516418457,47.23229217529297,45.10609817504883,29.866294860839844
1954,32.34007263183594,53.16643142700195,44.51009750366211,46.502784729003906,118.13607025146484,58.9898567199707,50.86651611328125,51.71674346923828,54.40434646606445,32.70655059814453
1955,30.951175689697266,46.716346740722656,48.793575286865234,47.41106033325195,36.09573745727539,56.22458267211914,49.17129135131836,55.40604019165039,50.15388870239258,29.10942840576172
1956,27.134824752807617,48.423606872558594,38.84668731689453,45.672149658203125,28.488086700439453,58.364871978759766,51.752342224121094,51.4371337890625,44.53855514526367,32.635719299316406
1957,40.11335754394531,51.81801986694336,48.64741897583008,45.904151916503906,33.09309387207031,59.49147033691406,47.97605514526367,55.9575080871582,50.384735107421875,37.61854553222656
1958,26.340242385864258,51.26614761352539,50.2176628112793,44.00450897216797,28.23320960998535,52.08534622192383,47.193416595458984,50.02180862426758,47.03961944580078,27.50307846069336
1959,29.881671905517578,47.327964782714844,46.13819885253906,41.22852325439453,31.393287658691406,54.225303649902344,48.950225830078125,50.89375305175781,45.89057540893555,28.70446014404297
1960,23.910388946533203,42.544105529785156,43.59929275512695,41.57609176635742,29.824302673339844,49.436248779296875,50.202396392822266,49.93157958984375,37.91240310668945,27.665264129638672
1961,26.396957397460938,53.053531646728516,46.60622787475586,39.65245056152344,26.757932662963867,57.401363372802734,46.12928009033203,55.06235885620117,45.90997314453125,27.32809829711914
1962,37.29359436035156,51.84724044799805,38.69373321533203,38.41114807128906,42.078758239746094,55.58545684814453,47.57332229614258,38.381004333496094,23.005313873291016,23.39615821838379
1963,32.94547653198242,51.46670913696289,47.3386116027832,44.8526725769043,28.888717651367188,55.62352752685547,49.918907165527344,56.24355697631836,49.45442581176758,30.234586715698242
1964,33.594337463378906,53.51157760620117,42.8942756652832,45.92717742919922,29.583282470703125,56.57793045043945,46.157508850097656,56.40168762207031,53.4051399230957,30.170318603515625
1965,27.70995330810547,47.50741195678711,41.95463943481445,40.73195266723633,30.228755950927734,50.09233474731445,51.98042297363281,46.15717315673828,46.66805648803711,33.85139465332031
1966,31.645570755004883,51.704505920410156,40.920867919921875,46.75750732421875,30.513254165649414,55.12632751464844,51.45652770996094,55.90254211425781,49.4073600769043,36.727561950683594
1967,30.42348861694336,53.458900451660156,50.80031204223633,44.43393325805664,30.97646141052246,55.17833709716797,49.84772872924805,55.04097366333008,48.16802215576172,34.040382385253906
1968,26.848546981811523,49.929176330566406,41.378780364990234,45.91753387451172,35.68635940551758,50.97419738769531,51.9512825012207,55.58039855957031,50.97736740112305,33.13451385498047
1969,38.28528594970703,51.76395034790039,38.23455810546875,44.65296173095703,26.918956756591797,54.27421569824219,50.127166748046875,53.83184051513672,31.31147575378418,35.109859466552734
1970,35.47768783569336,47.17359924316406,40.67662048339844,44.52812957763672,27.370380401611328,54.361637115478516,50.63371276855469,50.494789123535156,45.28168869018555,29.978425979614258
1971,30.84322738647461,47.889400482177734,42.45953369140625,39.8996696472168,28.905851364135742,53.3400764465332,48.28174591064453,51.39186477661133,41.78978729248047,29.149452209472656
1972,38.58271789550781,53.60404586791992,45.5514030456543,44.23745346069336,37.31177520751953,53.50225067138672,50.968467712402344,52.53671646118164,46.60691833496094,26.886716842651367
1973,32.820037841796875,50.31481170654297,40.80148696899414,45.801029205322266,32.36610412597656,54.29546356201172,50.770572662353516,50.32535934448242,45.620452880859375,32.862369537353516
1974,33.17407989501953,48.708770751953125,44.48117446899414,45.334171295166016,28.228721618652344,54.40286636352539,54.3016471862793,54.16908264160156,40.91061019897461,32.36870193481445
1975,36.0491828918457,52.93021774291992,46.91239929199219,46.36107635498047,36.357818603515625,58.5926399230957,50.572628021240234,2229841.25,48.90578842163086,26.992767333984375
1976,37.87190246582031,53.04055404663086,49.84431838989258,46.33330154418945,44.42241668701172,57.282447814941406,50.90918731689453,52.97701644897461,51.06050491333008,33.11735916137695
1977,34.282814025878906,52.421287536621094,45.295814514160156,46.477046966552734,34.84756088256836,52.878379821777344,47.78376770019531,53.05839920043945,47.44110870361328,34.91714096069336
1978,46.78071975708008,47.029640197753906,44.4300651550293,37.626216888427734,47.86457443237305,53.631900787353516,50.489967346191406,48.38003158569336,45.21202087402344,25.25678253173828
1979,50.10117721557617,59.167633056640625,54.41598892211914,41.69211196899414,54.81000900268555,56.738765716552734,46.28784942626953,49.255882263183594,52.52786636352539,35.45086669921875
1980,40.82435989379883,53.18319320678711,50.130950927734375,50.004150390625,44.84563064575195,53.57289505004883,51.29598617553711,59.57400894165039,52.901084899902344,37.541725158691406
1981,42.950618743896484,55.60737228393555,48.55067443847656,41.837493896484375,45.081153869628906,53.9864616394043,39.773284912109375,54.85493850708008,49.406982421875,26.26249122619629
1982,39.349517822265625,48.55968475341797,47.82514953613281,41.39201354980469,40.81366729736328,49.1710205078125,29779.72265625,51.850303649902344,44.40298080444336,26.655927658081055
1983,30.805002212524414,44.386878967285156,48.1453971862793,39.997955322265625,37.75773620605469,50.813255310058594,38.55781173706055,48.76163864135742,41.131675720214844,31.194705963134766
1984,50.742042541503906,60.843387603759766,51.58871078491211,47.226993560791016,55.289024353027344,57.67033767700195,51.234561920166016,53.72835922241211,54.99315643310547,16.838394165039062
1985,34.783363342285156,54.410491943359375,53.2416877746582,43.072181701660156,40.71629333496094,52.69327163696289,49.482547760009766,56.10909652709961,53.14744186401367,27.6297607421875
1986,36.950439453125,51.54937744140625,53.49386978149414,43.66320037841797,38.522621154785156,57.423709869384766,44.928016662597656,56.1620979309082,53.45256423950195,33.27952194213867
1987,32.21281433105469,49.53059005737305,51.0640983581543,38.468597412109375,40.58238220214844,51.849430084228516,44.001895904541016,52.71529769897461,45.21925354003906,34.47947692871094
1988,39.708919525146484,53.5901985168457,45.97093963623047,39.70594024658203,43.80045700073242,52.585533142089844,48.54943084716797,57.565853118896484,48.82733154296875,33.28229904174805
1989,41.09062194824219,51.49213409423828,47.13132095336914,40.4376220703125,42.42017364501953,52.0548095703125,49.52698516845703,56.99974060058594,52.41360092163086,30.95850372314453
1990,38.67377471923828,52.43043899536133,51.97540283203125,44.11149597167969,45.43704605102539,52.20863342285156,49.493919372558594,57.44244384765625,49.43363571166992,23.475688934326172
1991,40.55903244018555,48.32465362548828,39.05097961425781,40.5016975402832,42.82442855834961,44.849876403808594,42.06211853027344,52.22105026245117,41.79082489013672,22.54108428955078
1992,53.17263412475586,60.681480407714844,45.164093017578125,46.885921478271484,47.925392150878906,51.01262664794922,49.70161819458008,59.85696029663086,52.520118713378906,25.674041748046875
1993,37.567134857177734,53.37059020996094,56.74421691894531,44.611629486083984,48.640193939208984,61.97434997558594,46.28739929199219,55.91695022583008,47.896968841552734,23.836956024169922
1994,46.53675079345703,54.23432540893555,50.91225814819336,39.18797302246094,46.49913024902344,52.30656433105469,45.13018035888672,53.99129104614258,46.8327751159668,25.733917236328125
1995,43.451168060302734,49.24050521850586,51.922088623046875,39.474098205566406,46.81792449951172,48.406436920166016,45.19230270385742,55.5062255859375,44.285308837890625,27.01544761657715
1996,51.104393005371094,55.52537536621094,52.88321304321289,44.726505279541016,51.10542297363281,54.98531723022461,48.76686096191406,59.239139556884766,51.669349670410156,27.404861450195312
1997,47.930965423583984,49.19993591308594,45.40786361694336,42.79380798339844,48.369327545166016,53.76919174194336,43.3017578125,56.174259185791016,46.5905876159668,29.15920066833496
1998,53.07365417480469,52.146881103515625,50.917259216308594,41.36916732788086,47.889610290527344,55.22248077392578,47.39081954956055,55.83970260620117,46.7177619934082,32.70553207397461
1999,47.80097961425781,56.99955368041992,50.649696350097656,46.54326629638672,56.183509826660156,60.83271408081055,48.19247055053711,63.391605377197266,37.09318542480469,48.5144157409668
2000,50.177772521972656,44.126583099365234,50.735206604003906,42.148841857910156,46.09593200683594,46.41250228881836,42.22300720214844,56.189308166503906,36.93714904785156,44.423397064208984
2001,49.89144515991211,47.40719223022461,46.347171783447266,39.93665313720703,35.05967330932617,53.573692321777344,41.79319381713867,53.6593017578125,39.381874084472656,39.15281677246094
2002,47.253421783447266,47.865413665771484,51.8582763671875,40.082618713378906,47.03797149658203,53.0737419128418,42.926063537597656,57.6056022644043,39.531715393066406,43.3908576965332
2003,44.99363708496094,47.632057189941406,44.673160552978516,36.55005645751953,39.41539001464844,49.07310104370117,44.60599899291992,56.8172492980957,41.17630386352539,41.772727966308594
2004,52.91175079345703,51.57785415649414,55.813255310058594,47.617095947265625,34.70361328125,53.717376708984375,44.82655334472656,59.2429084777832,48.012088775634766,40.461978912353516
2005,44.345584869384766,48.48078536987305,49.795650482177734,42.4879150390625,41.8835563659668,51.175621032714844,44.72610855102539,55.11595916748047,42.37751770019531,36.308204650878906
2006,50.27750778198242,52.67981719970703,48.13727951049805,43.36958312988281,39.56483459472656,48.638545989990234,43.37240219116211,55.942039489746094,43.9471435546875,41.21624755859375
2007,45.44418716430664,51.07825469970703,50.25062561035156,44.58491897583008,39.56041717529297,55.760337829589844,39.98601150512695,58.0737190246582,44.74271011352539,43.13551712036133
2008,44.01371765136719,37.69833755493164,45.10097885131836,40.58625030517578,42.5848388671875,43.35389709472656,39.67753219604492,57.000431060791016,43.39877700805664,38.50977325439453
2009,47.57443618774414,52.68135452270508,50.186561584472656,43.56088638305664,45.633766174316406,48.8075065612793,43.39045715332031,57.1734504699707,45.03981018066406,42.89363479614258
2010,45.26412582397461,47.17677307128906,38.61872863769531,42.910400390625,44.30854797363281,53.306739807128906,34.06649398803711,52.48975372314453,36.73127365112305,36.23843002319336
2011,49.52276611328125,50.51428985595703,47.79713439941406,41.523685455322266,42.09056091308594,47.088417053222656,36.83271026611328,52.8242073059082,41.23603057861328,40.12408447265625
2012,51.92866516113281,50.51752853393555,49.65238571166992,45.285518646240234,45.50604248046875,53.65848922729492,38.246150970458984,57.70116424560547,43.30304718017578,41.347816467285156
2013,48.68284225463867,51.18943786621094,51.123775482177734,42.440181732177734,46.22344207763672,49.79264831542969,34.04437255859375,53.10519027709961,37.51235580444336,35.34657669067383
2014,45.476497650146484,45.197227478027344,54.56980895996094,44.251434326171875,44.04139709472656,47.67870330810547,35.613441467285156,56.347782135009766,41.25102996826172,36.42178726196289
2015,45.16278839111328,51.7066535949707,54.216365814208984,43.00619888305664,48.615970611572266,48.27395248413086,37.927120208740234,55.96237564086914,44.2018928527832,32.80860137939453
2016,36.041133880615234,48.49806594848633,52.016109466552734,45.02189636230469,46.9550895690918,48.578460693359375,38.695072174072266,59.32627868652344,45.45006561279297,43.0191650390625
2017,46.152610778808594,49.354042053222656,35.5081787109375,46.606998443603516,52.404483795166016,54.00178527832031,40.23136901855469,56.97156524658203,46.92112731933594,37.44414138793945
2018,38.6317253112793,42.631195068359375,57.39011764526367,47.176658630371094,52.744415283203125,55.32002258300781,37.00627517700195,62.92666244506836,42.464866638183594,36.0877685546875
2019,188.78326416015625,45.121795654296875,49.065406799316406,46.62937545776367,49.42434310913086,53.495140075683594,38.82158279418945,60.90598678588867,41.46464920043945,32.04497528076172
2020,61.34217834472656,42.97157287597656,50.62805938720703,40.51268768310547,51.176815032958984,49.929813385009766,27.562820434570312,58.71700668334961,38.834190368652344,34.0084228515625
2021,0,40.95901107788086,50.10448455810547,43.79061508178711,0,48.18755340576172,20.93063735961914,52.790218353271484,32.62468338012695,34.42429733276367