year,rTSRCHO01_,rTSRCHO03_,rTSRCHO04_,rTSRCHO05_,rTSRCHO07_,rTSRCHO14_,rTSRCHO15_,rTSRCHO16_,rTSRCHO17_,rTSRCHO19_
1439,0,0,0,1.645749807357788
1440,0,0,0,1.1754964590072632
1441,0,0,0,1.4990718364715576
1442,0,0,0,1.5239810943603516
1443,0,0,0,1.2271376848220825
1444,0,0,0,1.3640652894973755
1445,0,0,0,1.1931344270706177
1446,0,0,0,0.9269534349441528
1447,0,0,0,0.9703546166419983
1448,0,0,0,1.1801820993423462
1449,0,0,0,1.1193068027496338
1450,0,0,0,1.213948130607605
1451,0,0,0,1.0796021223068237
1452,0,0,0,1.3968490362167358
1453,0,0,0,1.953837513923645
1454,0,0,0,1.137902855873108
1455,0,0,0,1.9466058015823364
1456,0,0,0,1.3180493116378784
1457,0,0,0,1.3529571294784546
1458,0,0,0,1.6312135457992554
1459,0,0,0,1.0983939170837402
1460,0,0,0,1.319469928741455
1461,0,0,0,1.2905973196029663
1462,0,0,0,1.1617363691329956
1463,0,0,0,1.012837529182434
1464,0,0,0,1.4155199527740479
1465,0,0,0,1.2835191488265991
1466,0,0,0,1.2912667989730835
1467,0,0,0,0.9786170721054077
1468,0,0,0,1.1582996845245361
1469,0,0,0,1.3224586248397827
1470,0,0,0,1.2383214235305786
1471,0,0,0,1.1323108673095703
1472,0,0,0,1.289742350578308
1473,0,0,0,0.8524385690689087
1474,0,0,0,1.0270215272903442
1475,0,0,0,0.9959575533866882
1476,0,0,0,1.1240525245666504
1477,0,0,0,1.1398556232452393
1478,0,0,0,1.1160143613815308
1479,0,0,0,0.9406857490539551
1480,0,0,0,1.0710906982421875
1481,0,0,0,1.0848841667175293
1482,0,0,0,1.0048620700836182
1483,0,0,0,1.277229905128479
1484,0,0,0,1.6111681461334229
1485,0,0,0,1.5585917234420776
1486,0,0,0,1.3395577669143677
1487,0,0,0,1.3363730907440186
1488,0,0,0,1.2142797708511353
1489,0,0,0,1.1891889572143555
1490,0,0,0,1.402923822402954
1491,0,0,0,0.902000367641449
1492,0,0,0,1.3226853609085083
1493,0,0,0,1.25713050365448
1494,0,0,0,1.033616542816162
1495,0,0,0,1.1010544300079346
1496,0,0,0,1.2965694665908813
1497,0,0,0,1.2093720436096191
1498,0,0,0,1.1057318449020386
1499,0,0,0,1.057471513748169
1500,0,0,0,1.3777333498001099
1501,0,0,0,0.9698857069015503
1502,0,0,0,1.3235117197036743
1503,0,0,0,1.226500391960144
1504,0,0,0,1.3108000755310059
1505,0,0,0,1.3001279830932617
1506,0,0,0,1.5027722120285034
1507,0,0,0,0.8667015433311462
1508,0,0,0,1.0879005193710327
1509,0,0,0,1.1025077104568481
1510,0,0,0,1.207759141921997
1511,0,0,0,1.657727837562561
1512,0,0,0,1.4158446788787842
1513,0,0,0,1.344786524772644
1514,0,0,0,1.581627607345581
1515,0,0,0,1.2572239637374878
1516,0,0,0,0.8725458383560181
1517,0,0,0,1.1252503395080566
1518,0,0,-999,1.0819239616394043
1519,0,1.1352769136428833,1.1332943439483643,1.064337968826294
1520,0,0.8700000643730164,0.8344827890396118,1.302255392074585
1521,0,0.677635133266449,-999,0.849496066570282
1522,0,0.7309079766273499,-999,1.0706137418746948
1523,0,0.7676215171813965,0.8466796278953552,1.4366258382797241
1524,0,0.8200209140777588,0.8573996424674988,1.8016337156295776
1525,0,0.7720991373062134,0.7529574036598206,1.208648681640625
1526,0,0.8930721282958984,1.0173147916793823,1.2743555307388306
1527,0,0.8912641406059265,1.1558489799499512,1.5399413108825684,0,0,0.88668292760849
1528,0,1.147003412246704,1.0051320791244507,1.3485621213912964,0,0,1.1658698320388794
1529,0,0.6182740330696106,0.6469742059707642,0.4945855736732483,0,0,1.1791585683822632
1530,0,0.7167391180992126,0.8866518139839172,1.1043074131011963,0,0,1.2125736474990845
1531,0,0.6042486429214478,1.0522146224975586,1.2150253057479858,0,0,0.9336903095245361
1532,0,0.597557783126831,0.8100401759147644,1.377527117729187,0,0,0.8624475598335266
1533,0,0.7369127869606018,0.9169871807098389,1.022101640701294,0,0,0.6867225170135498
1534,0,0.7772163152694702,0.9657496213912964,1.163732647895813,0,0,0.6477938890457153
1535,0,0.8377605676651001,1.131701946258545,1.1016563177108765,0,0,0.6929726004600525
1536,0,0.6117873191833496,1.1229839324951172,1.07777738571167,0,0,0.6677282452583313
1537,0,0.7977861166000366,1.0638905763626099,1.3909478187561035,0,0,0.8099676966667175
1538,0,0.567536473274231,0.8089059591293335,1.355806589126587,0,0,0.7434779405593872
1539,0,0.5718232989311218,1.0207206010818481,1.3080072402954102,0,0,0.8320901989936829
1540,0,0.6358479857444763,0.8600955605506897,1.1025365591049194,0,0,0.8462471961975098
1541,0,0.5583586096763611,0.6523953080177307,1.2409511804580688,0,0,0.8097227215766907
1542,0,0.607037365436554,1.1501160860061646,1.5685288906097412,0,0,1.1446573734283447
1543,0,0.7874059081077576,0.9203735589981079,0.9475184082984924,0,0,1.1450181007385254
1544,0,0.6536086201667786,0.7744277119636536,1.0291805267333984,0,0,0.8851380944252014
1545,0,0.7793065905570984,0.7708165049552917,0.9648991227149963,0,0,0.9130117297172546
1546,0,0.7551084756851196,1.1031041145324707,1.3261120319366455,0,0,1.1503374576568604
1547,0,0.7183719873428345,0.8089670538902283,0.9132795929908752,0,0,0.9891461133956909
1548,0,0.6395068764686584,0.8961209058761597,1.2655329704284668,0,0,0.921700656414032
1549,0,0.6568124890327454,1.0018776655197144,1.3699945211410522,0,0,0.9878827333450317
1550,0,0.8004574179649353,1.068232774734497,1.320469856262207,0,0,0.9439994096755981
1551,0,0.8276296257972717,0.9305968284606934,1.2468231916427612,0,0,1.0192456245422363
1552,0,0.860929012298584,1.506973385810852,1.123494029045105,0,0,1.010315179824829
1553,0,1.0315475463867188,1.5808911323547363,1.3544752597808838,0,0,0.9347485303878784
1554,0,0.7877548933029175,1.0103288888931274,1.2366816997528076,0,0,0.9689565300941467
1555,0,0.7228895425796509,1.0482609272003174,1.343822717666626,0,0,0.6928592920303345
1556,0,0.5205197930335999,0.67497718334198,0.9430459141731262,0,0,0.8743601441383362
1557,0,0.5944398641586304,0.7219480872154236,1.1677401065826416,0,0,0.9442733526229858
1558,0,0.7350907325744629,0.8636197447776794,0.9638423919677734,0,0,0.7496166229248047
1559,0,0.6248841881752014,0.9131971001625061,1.0855817794799805,0,0,0.8261317610740662
1560,0,0.8807749152183533,1.1822476387023926,1.113733172416687,0,0,0.8303486704826355
1561,0,0.7718538641929626,0.8890715837478638,1.0138508081436157,0,0,1.0969215631484985
1562,0,0.9861375093460083,1.1506742238998413,1.2931336164474487,0,0,0.8948546648025513
1563,0,0.6090705394744873,0.9505131840705872,1.1460591554641724,0,0,1.0340238809585571
1564,0,0.6174263954162598,1.0711265802383423,1.1409567594528198,0,0,0.8501225113868713
1565,0,0.907748281955719,1.347861409187317,1.3030019998550415,0,0,0.8342676758766174,0.8743641376495361
1566,0,1.011220097541809,1.2789372205734253,0.93138188123703,0,0,1.255577564239502,1.003495693206787
1567,0,0.5738106369972229,0.8543916344642639,0.9531315565109253,0,0,0.9396412372589111,0.7307560443878174
1568,0,0.9157315492630005,1.0145164728164673,1.116382360458374,0,0,0.9113993644714355,0.7460623383522034
1569,0,1.0826647281646729,1.1701486110687256,1.1178243160247803,0,0,1.3493289947509766,0.6066972017288208
1570,0,0.7307515740394592,0.6606996059417725,0.7089308500289917,0,0,0.8709952235221863,0.5911471843719482
1571,0,1.1387625932693481,1.0964618921279907,1.0652252435684204,0,0,1.146604299545288,0.8278108835220337
1572,0,1.219662070274353,1.5964539051055908,1.9922478199005127,0,0,1.1690059900283813,0.764277458190918
1573,0,1.1485259532928467,1.2680331468582153,1.0073540210723877,0,0,1.4298369884490967,1.0396798849105835
1574,0,0.8478017449378967,0.7530921101570129,1.1056592464447021,0,0,0.9375182390213013,0.8889819979667664
1575,0,1.371328592300415,1.3811732530593872,1.5630502700805664,0,0,1.0778789520263672,1.0509240627288818
1576,0,1.8398913145065308,1.5283935070037842,1.278760313987732,0,0,1.1637486219406128,0.793716311454773
1577,0,1.1206516027450562,0.9907676577568054,0.8970514535903931,0,0,1.1686261892318726,0.7702471017837524
1578,0,1.2857047319412231,1.154178500175476,1.0904477834701538,0,0,1.194145679473877,0.8868122100830078
1579,0,0.9149972200393677,0.9097185134887695,1.0198085308074951,0,0,1.4101009368896484,1.0416361093521118
1580,0,1.1111502647399902,1.1611634492874146,1.0217397212982178,0,0,1.2123074531555176,0.8339940309524536
1581,0,1.1466144323349,1.0704536437988281,0.9533020257949829,0,0,1.0923057794570923,0.8323438167572021
1582,0,0.8494332432746887,0.8339225649833679,0.8386150598526001,0,0,0.9780663847923279,1.2532806396484375
1583,0,0.9278017282485962,0.8744309544563293,1.057673454284668,0,0,1.009260892868042,0.6500115990638733
1584,0,0.9785004258155823,0,0.9392514228820801,0,0,0.9644522070884705,0.9453901052474976
1585,0,0.9999706745147705,0,2.40543270111084,0,0,1.3126193284988403,0.8929733633995056
1586,0,0.7576081156730652,0,0.9058120846748352,0,0,1.0149121284484863,0.9155697822570801,1.4352842569351196
1587,0,0.6421133279800415,0,0.9161656498908997,0,0,1.259318232536316,0.65983647108078,1.1143112182617188
1588,0,1.0554347038269043,0,1.063513159751892,0,1.8976340293884277,0.8217152953147888,1.074088454246521,0.6818690299987793
1589,0,0.8667343258857727,0,1.0714391469955444,0,1.393811583518982,0.8660040497779846,0.7668472528457642,1.1655077934265137
1590,0,0.966752827167511,0,1.025120496749878,0,1.7246122360229492,1.1708098649978638,0.8738598823547363,0.7602254748344421
1591,0,0.6426588892936707,0,1.0695816278457642,0,1.4939250946044922,1.196609377861023,0.8051037788391113,1.0740432739257812
1592,0,1.1499545574188232,0,1.2330853939056396,0,1.7937532663345337,0.7804312109947205,0.9151949286460876,0.9415947794914246
1593,0,0.9211621880531311,0,1.139141321182251,0,1.7803579568862915,0.9664349555969238,1.0001262426376343,1.198020100593567
1594,0,0.6828145980834961,0,0.7801453471183777,0,1.583250641822815,1.1221070289611816,0.5698554515838623,1.3794900178909302
1595,0,0.7816100120544434,0,0.9877793788909912,0,1.5894066095352173,0.5541362762451172,0.8115918636322021,0.7808727025985718
1596,0,0.9307027459144592,0,0.9828677177429199,0,1.6283470392227173,0.930446207523346,0.7824135422706604,0.9259971380233765
1597,0,0.7536998391151428,0,1.619929552078247,0,1.519701600074768,1.014188528060913,0.7364245057106018,0.9324700236320496
1598,0,0.8792384266853333,0,0.8730080127716064,0,1.6387035846710205,0.8850736618041992,0.8241170048713684,1.161568284034729
1599,0,0.8954718112945557,0,1.0392415523529053,0,1.4697295427322388,0.8331884741783142,0.7448678612709045,0.9484477639198303
1600,0,1.189987301826477,0,1.075591802597046,0,1.41837739944458,1.0770032405853271,0.9229575991630554,0.9711226224899292
1601,0,0.8745519518852234,0,0.8592669367790222,0,1.4212454557418823,0.9995317459106445,0.7581180930137634,1.1755973100662231
1602,0,1.1170035600662231,0,0.8065621256828308,0,1.4614354372024536,0.8272483944892883,0.6491135358810425,0.896784782409668
1603,0,1.2044023275375366,0,0.9365392923355103,0,1.332188367843628,1.0735242366790771,0.8026557564735413,0.8758801817893982
1604,0,1.070739984512329,0,1.2838022708892822,0,1.5290502309799194,0.749155580997467,0.6328098773956299,1.0260789394378662
1605,0,1.346266746520996,0,1.3605669736862183,0,1.3179802894592285,1.0041788816452026,0.78019118309021,0.8319187164306641
1606,0,0.9120230674743652,0,0.7530264258384705,0,1.5275839567184448,1.0037471055984497,0.6154488325119019,1.0211565494537354
1607,0,0.7969413995742798,0,0.7275758981704712,0,1.3119409084320068,0.857847273349762,0.5777987241744995,0.8477123379707336
1608,0,0.92706298828125,0,0.8067755103111267,0,1.2612419128417969,0.9243316054344177,0.7198258638381958,0.8023698329925537
1609,0,1.1211107969284058,0,1.0922322273254395,0,1.1530247926712036,0.897571325302124,0.7034907341003418,0.9592317938804626
1610,0,1.147189974784851,0,1.0145251750946045,0,1.199931263923645,0.9976628422737122,0.6861949563026428,1.2839261293411255
1611,0,1.074512243270874,0,0.9760580062866211,0,1.3239091634750366,0.9331929683685303,0.7513611912727356,1.4713572263717651
1612,0,1.0223913192749023,0,1.1895076036453247,0,1.355502724647522,0.5920446515083313,0.8224153518676758,0.9808194041252136
1613,0,1.103137493133545,0,1.062270164489746,0,1.1263232231140137,0.8604832291603088,0.7215158939361572,1.1917527914047241
1614,0,0.8985493779182434,0,0.9821624159812927,0,1.2028206586837769,0.6393957138061523,0.6294117569923401,1.0587427616119385
1615,0,1.318864345550537,0,0.8548703193664551,0,1.0312014818191528,1.2493005990982056,0.768562912940979,0.7357335090637207
1616,0,1.1752005815505981,0,1.0457468032836914,0,0.9886738061904907,0.8922776579856873,0.6866618394851685,1.0574878454208374,1.6669971942901611
1617,0,1.084426760673523,0,1.2141282558441162,0,0.8935529589653015,0.8228404521942139,0.7008894681930542,1.1002458333969116,1.3334797620773315
1618,0,1.1761656999588013,0,0.7753022313117981,0,1.0919798612594604,0.8890609741210938,0.7412103414535522,1.1786010265350342,1.2298438549041748
1619,0,1.155509352684021,0,1.2850130796432495,0,1.1163041591644287,0.606958270072937,0.8431913256645203,1.0627785921096802,1.336005687713623
1620,0,0.874189555644989,0,1.5801384449005127,0,1.463608980178833,0.8391355276107788,0.8353262543678284,1.6787137985229492,0.9783913493156433
1621,0,0.9803097248077393,0,0.9564773440361023,0,0.7786600589752197,0.7759296298027039,0.5895660519599915,0.956736147403717,0.9972565770149231
1622,0,1.2905607223510742,0,1.0975013971328735,0,0.8896876573562622,1.248570203781128,0.7610007524490356,1.1154500246047974,0.9337007403373718
1623,0,1.186931848526001,0,0.8822879791259766,0,0.8151604533195496,0.9709894061088562,0.7257609963417053,0.928717315196991,0.9325357675552368
1624,0,1.248950719833374,0,0.9916089773178101,0,0.836552619934082,0.9147701859474182,0.8266921639442444,1.1629228591918945,0.9916823506355286
1625,0,1.253130316734314,0,1.0924278497695923,0,1.0191664695739746,1.0507749319076538,0.7868853211402893,1.0451133251190186,1.32843017578125
1626,0,0.8368563055992126,0,0.7403812408447266,0,0.8512490391731262,0.7442247867584229,0.6862659454345703,0.8801167607307434,1.0553539991378784
1627,0,0.7540842294692993,0,1.0521422624588013,0,0.87947016954422,0.7956870794296265,0.6418927907943726,0.8903889656066895,0.956233561038971
1628,0,1.0993326902389526,0,1.0692447423934937,0,1.1195604801177979,0.8282604217529297,0.6793046593666077,0.9254078269004822,0.9265018701553345
1629,0,1.1349852085113525,0,1.0398972034454346,0,0.9292384386062622,0.7901445627212524,0.695412278175354,0.9266135096549988,1.1297976970672607
1630,0,1.067850112915039,0,0.9299054741859436,0,0.8707864284515381,0.7673556804656982,0.7829926013946533,1.0553151369094849,1.138774037361145
1631,0,1.1817151308059692,0,0.9599493741989136,0,0.9869030117988586,0.6426247954368591,0.8094239234924316,0.9297710657119751,0.9948939085006714
1632,0,0.8068181872367859,0,1.1989364624023438,0,0.9290647506713867,0.7541355490684509,0.6740642189979553,1.0003764629364014,1.011003017425537
1633,0,0.7709684371948242,0,1.0709877014160156,0,0.9583849906921387,0.7325611710548401,0.7805726528167725,0.8655260801315308,0.8919193148612976
1634,0,0.6751036643981934,0,1.0305510759353638,0,0.7927992343902588,0.8415960073471069,0.796954333782196,0.9697043299674988,0.858653724193573
1635,0,0.7828048467636108,0,1.0655521154403687,0,0.9809226393699646,0.7198010683059692,0.7373310327529907,1.0478549003601074,0.9980095028877258
1636,0,1.0996214151382446,0,0.9197927713394165,0,0.8413586616516113,0.7404628992080688,0.8522132039070129,1.0381213426589966,1.101796269416809
1637,0,1.070462942123413,0,0.8929564356803894,0,0.8006917834281921,0.7810565829277039,0.9401696920394897,0.9135669469833374,0.8302074074745178
1638,0,1.016947865486145,0,0.979332447052002,0,0.716251015663147,0.6439664959907532,1.4462193250656128,0.8867107033729553,1.1013511419296265
1639,0,0.6786162257194519,0,0.9566929936408997,0,0.78794264793396,0.653205931186676,1.429502010345459,0.9134690165519714,0.7419540882110596
1640,0,0.846450924873352,0,0.8911101222038269,0,0.7411089539527893,0.7692303657531738,1.0142662525177002,0.8377280831336975,0.8683857321739197
1641,0,0.9252708554267883,0,0.8356180191040039,0,0.701833188533783,0.9573296308517456,1.1603467464447021,1.026697039604187,0.8861325979232788
1642,0,0.6206854581832886,0,0.8967753648757935,0,1.7398701906204224,0.7802634239196777,0.7649290561676025,0.7340757250785828,0.773184061050415
1643,0,0.7387945652008057,0,1.1623902320861816,0,1.171584129333496,1.182504653930664,0.7004136443138123,0.7929365634918213,1.7134578227996826
1644,0,1.303418517112732,0,0.7183696031570435,0,0.8726656436920166,0.8850088119506836,0.8828045725822449,0.9391255974769592,0.6733685731887817
1645,0,1.1855305433273315,0,1.3577145338058472,0,0.7362502813339233,0.8398733735084534,1.384714126586914,0.9973806738853455,1.0436396598815918
1646,0,0.8001465797424316,0,0.9346883893013,0,0.8376182317733765,0.8623935580253601,1.087631344795227,0.855983316898346,0.8320196270942688
1647,0,1.0453981161117554,0,0.872466504573822,0,0.8350319266319275,0.7117649912834167,0.9632771015167236,0.7405077815055847,0.826482355594635
1648,0,0.8659490346908569,0,1.0546410083770752,0,0.8287555575370789,1.0708725452423096,0.8654341697692871,0.8301546573638916,0.8852071762084961
1649,0,1.2754442691802979,0,0.8338145613670349,0,0.9487190842628479,0.9126619100570679,0.9233419299125671,1.3702481985092163,0.6837893724441528
1650,0,0.7236819863319397,0,0.9603109359741211,0,1.1870629787445068,0.8088576793670654,0.9061176776885986,0.7879043221473694,0.6603414416313171
1651,0,1.9969404935836792,0,1.8675915002822876,0,0.8452823758125305,0.7442412972450256,1.2461602687835693,0.8384175896644592,0.7529616951942444
1652,0,0.9851177930831909,0,0.8571428656578064,0,1.4267345666885376,0.8013890385627747,0.8961517214775085,1.013942003250122,0.8251888155937195
1653,0,1.0681066513061523,0,0.9076270461082458,0,1.481919527053833,0.8589044809341431,1.07881498336792,2.1513209342956543,0.7796159386634827
1654,0,0.858710527420044,0,0.9601317048072815,0,1.6377395391464233,0.8816784024238586,1.6028335094451904,1.290255069732666,0.8747932314872742
1655,0,0.8217100501060486,0,1.0158090591430664,0,1.5330545902252197,0.8974883556365967,1.6861860752105713,1.2159770727157593,1.144991397857666
1656,0,1.0675337314605713,0,1.0381001234054565,0,1.7164667844772339,0.6698166131973267,0.8697170615196228,0.8761415481567383,1.080418348312378
1657,0,0.9468751549720764,0,1.0367720127105713,0,1.2097487449645996,0.7389277815818787,0.9764981865882874,1.032710075378418,0.7494029998779297
1658,0,1.2034966945648193,0,0.94097900390625,0,1.274603247642517,0.7237445712089539,1.1123321056365967,0.9931430816650391,0.9554548263549805
1659,0,1.31251859664917,0,1.1187140941619873,0,1.0261791944503784,0.7948421239852905,0.9691307544708252,1.0464986562728882,0.9349865317344666
1660,0,1.0101311206817627,0,1.1354632377624512,0,0.8721114993095398,0.6981821060180664,0.9475258588790894,0.8052260875701904,0.9147799611091614
1661,0,0.985529363155365,0,2.3475890159606934,0,1.1441853046417236,0.6870730519294739,0.713345468044281,1.3681532144546509,0.703701376914978
1662,0,1.0034656524658203,0,1.0501004457473755,0,1.4445648193359375,0.8644077777862549,0.9445398449897766,0.9052245020866394,0.9505259394645691
1663,0,1.4362329244613647,0,0.9947059154510498,0,1.6035212278366089,0.8223164677619934,0.9088093638420105,0.9608456492424011,1.0712701082229614
1664,1.8286159038543701,1.118915319442749,0,1.0030899047851562,0,1.7391911745071411,0.7683238983154297,0.988382875919342,1.0601425170898438,1.134658694267273
1665,1.0473419427871704,1.4116300344467163,0,1.0668647289276123,0,1.5977283716201782,0.7438544631004333,1.1375908851623535,1.0894094705581665,1.3546134233474731
1666,0.969654381275177,0.9005444049835205,0,1.101948618888855,0,1.0971788167953491,0.9162687063217163,1.0237430334091187,0.9117214679718018,0.9303152561187744
1667,0.7612144947052002,1.0213016271591187,1.5322043895721436,1.0525974035263062,0,1.2508779764175415,0.9584036469459534,1.183194637298584,1.001603126525879,0.7920966744422913
1668,0.82112717628479,1.4688186645507812,1.2538758516311646,1.6467938423156738,0,1.3926331996917725,0.7768164873123169,1.0673500299453735,1.1078118085861206,0.7779120802879333
1669,0.8919714689254761,1.0041260719299316,0.9794777631759644,1.001375675201416,0,1.0857089757919312,0.6685619950294495,0.7970444560050964,1.091639757156372,0.7707912921905518
1670,0.7023701071739197,1.0220177173614502,0.8580447435379028,0.9534949660301208,0,1.183381199836731,0.948087215423584,0.8564091920852661,0.9630963206291199,0.7658260464668274
1671,0.6444355845451355,0.8592315912246704,0.8939040899276733,1.1291598081588745,0,1.0603173971176147,0.6886383295059204,0.6210566163063049,0.8199465274810791,0.8478870987892151
1672,0.7554622292518616,1.1464009284973145,1.0894051790237427,1.1253292560577393,0,1.1291695833206177,0.8526080846786499,0.8503332138061523,1.111004114151001,0.6013630628585815
1673,0.6278848052024841,0.9192303419113159,0.9341031312942505,1.029046654701233,0,1.0484614372253418,0.66202712059021,0.5936568379402161,0.8497509360313416,0.6648852825164795
1674,0.6457513570785522,1.0451107025146484,1.1929010152816772,0.9849218130111694,0,1.1768947839736938,0.6819013953208923,0.8190737962722778,1.048397421836853,0.8293469548225403
1675,0.6638503670692444,0.8583093285560608,0.6316794157028198,1.1285748481750488,0,1.1015292406082153,0.9191348552703857,0.66636061668396,0.9166405200958252,0.9168987274169922
1676,1.3502976894378662,0.9802019596099854,1.019330620765686,1.1223469972610474,0,1.4356303215026855,0.9317727088928223,0.921500027179718,1.009521245956421,0.7136479020118713
1677,1.0827008485794067,0.7431567907333374,1.4839450120925903,0.9506028890609741,0,1.2503291368484497,0.7355812788009644,0.9334909319877625,0.7588188648223877,0.6924159526824951
1678,0.6177580952644348,0.8377749919891357,0.7078341841697693,0.9021813869476318,0,1.1142688989639282,0.7484177947044373,0.7898440361022949,1.3977947235107422,0.8835055828094482
1679,0.6835030317306519,0.8742452263832092,0.5062457323074341,0.8936383724212646,0,0.9890704154968262,0.8464508056640625,0.8583774566650391,0.7649670839309692,0.7437379360198975
1680,0.872194230556488,0.8244237899780273,1.382062554359436,1.5929125547409058,0,1.1292906999588013,0.9785205721855164,0.8819563984870911,1.6059948205947876,0.6458799242973328
1681,0.7661316990852356,0.8327546715736389,0.7099968194961548,1.3452730178833008,0,1.0118595361709595,0.794013261795044,0.8932057619094849,1.0334117412567139,0.8003248572349548
1682,0.8870940208435059,1.6277505159378052,0.9642934203147888,0.9164867401123047,0,1.0234239101409912,0.6640511155128479,1.2564830780029297,0.7913637757301331,0.8665056228637695
1683,0.8143038153648376,1.092731237411499,1.432597041130066,1.4075672626495361,0,1.5860339403152466,0.7216824293136597,1.524749755859375,1.54387629032135,0.9821085929870605
1684,0.7461186647415161,2.06160306930542,0.8364233374595642,0.9715673923492432,0,1.059890627861023,0.8893543481826782,1.1325186491012573,1.0283839702606201,0.8139252662658691
1685,0.9443594217300415,1.4422653913497925,0.8919434547424316,1.0338469743728638,0,0.9693907499313354,0.8724600076675415,1.0476608276367188,1.1703176498413086,1.1196848154067993
1686,0.6535261869430542,0.8674260377883911,0.8448473811149597,0.8441579937934875,0,0.9490154385566711,0.9160851836204529,0.912853479385376,1.0448511838912964,0.7277289032936096
1687,0.828701376914978,1.1344255208969116,0.856410026550293,1.0384883880615234,0,0.9238512516021729,0.7870271801948547,1.2051117420196533,1.0635734796524048,0.9776892066001892
1688,1.1167871952056885,1.3489562273025513,0.9816688299179077,1.2455487251281738,0,1.4657200574874878,0.6939321756362915,1.2396783828735352,1.1933379173278809,1.0354926586151123
1689,0.6890202164649963,1.1802610158920288,1.168704628944397,1.2196749448776245,0,1.3120462894439697,0.9636087417602539,1.1160213947296143,1.059493899345398,0.7602248787879944
1690,0.7077568769454956,0.821827232837677,1.1763118505477905,1.7633849382400513,1.56960129737854,1.0565108060836792,0.8235843777656555,1.1018915176391602,1.8146593570709229,1.44891357421875
1691,0.8152586817741394,0.8719937801361084,0.7084370255470276,0.9225680232048035,1.2841384410858154,1.468285083770752,0.7806059122085571,0.9302335977554321,1.0596716403961182,0.900632917881012
1692,0.8466730713844299,0.7937518954277039,1.8452980518341064,1.8514602184295654,1.0685878992080688,0.9304057955741882,0.6002179980278015,0.9542168378829956,0.9920529127120972,0.8424064517021179
1693,0.647941529750824,1.228481411933899,0.6660763621330261,0.9291657209396362,1.2344943284988403,1.6068439483642578,0.7736444473266602,1.5109816789627075,1.0912067890167236,0.7516332268714905
1694,0.9223736524581909,1.2504186630249023,0.9879473447799683,1.052238941192627,0.8091233968734741,1.7122068405151367,0.5970479846000671,1.6609692573547363,1.2614340782165527,1.1170822381973267
1695,0.5586192607879639,0.7032111883163452,0.9205653667449951,2.904041051864624,0.8600640892982483,1.286808729171753,0.8656225204467773,0.4765378534793854,1.0955572128295898,0.7018800377845764
1696,1.3535529375076294,1.0441079139709473,1.488572359085083,1.020603895187378,0.7419719099998474,0.9982137680053711,0.8031221032142639,0.7491623759269714,1.1562988758087158,0.7291748523712158
1697,1.1062371730804443,1.0022027492523193,0.7958734631538391,0.7933441996574402,0.7891830205917358,1.750080943107605,0.9269775152206421,1.1119097471237183,0.8803079724311829,1.0012601613998413
1698,1.0723170042037964,1.1065120697021484,1.2733279466629028,1.1135669946670532,0,1.611192226409912,0.626272439956665,1.0564333200454712,0.9025945663452148,1.9901821613311768
1699,0.8939488530158997,0.7214863300323486,0.7796058654785156,0.8483374118804932,1.0001916885375977,1.4623444080352783,0.6518954038619995,0.7979940176010132,1.1684520244598389,1.115752100944519
1700,0.9073218107223511,0.7101076245307922,0.7270767092704773,0.9654092192649841,1.1223558187484741,1.09368097782135,0.650690495967865,0.8242815136909485,1.4054218530654907,0.7929303050041199
1701,0.7882874011993408,1.2243337631225586,0.8622222542762756,0.9947576522827148,1.282486081123352,1.7824333906173706,0.6714324951171875,1.2579069137573242,1.0967944860458374,0.8867393136024475
1702,0.7866295576095581,1.1913378238677979,0.8847239017486572,1.1226015090942383,1.0967328548431396,1.7302898168563843,0.8587464690208435,1.2892282009124756,1.1322476863861084,0.8197502493858337
1703,0.7091260552406311,0.9379609823226929,0.9441888332366943,1.0698978900909424,0.9557775855064392,1.33452308177948,0.750335693359375,0.7779588103294373,0.9988701343536377,0.6017459630966187
1704,0.6289774179458618,0.8387238383293152,0.7855163812637329,0.9593110680580139,1.3884854316711426,1.1194148063659668,0.7595873475074768,0.593718409538269,0.943981409072876,0.6394932866096497
1705,0.782743513584137,0.9699934124946594,0.7222368121147156,0.9332194924354553,1.08141028881073,1.1749038696289062,0.6043586134910583,0.6480337381362915,1.0984963178634644,0.7494237422943115
1706,0.7948424220085144,0.9850267767906189,0.6900172233581543,0.9855919480323792,1.0782581567764282,1.2123230695724487,0.6977564096450806,0.7282201647758484,0.9379143714904785,0.7224671840667725
1707,0.8504287600517273,1.0387835502624512,0.7379833459854126,0.9856584668159485,0.9559338688850403,1.207311749458313,0.8653022646903992,0.8430616855621338,0.9631490111351013,0.7568144798278809
1708,0.7324450016021729,0.904270350933075,0.7688634395599365,1.0559786558151245,1.1570662260055542,1.2686659097671509,0.8556841611862183,0.7425675988197327,0.8626958727836609,0.5775299072265625
1709,0.817600667476654,0.9854252934455872,0.7266770601272583,0.988740861415863,1.149829387664795,1.368320107460022,0.6269996166229248,0.8692559599876404,1.3220294713974,0.7556242346763611
1710,0.7795060873031616,0.7383312582969666,0.7465391755104065,0.7693935036659241,1.0316156148910522,1.1798536777496338,0.7842825651168823,0.7375575304031372,0.9058451056480408,0.5582129955291748
1711,0.5719612240791321,0.7642273902893066,0.5558714866638184,1.958922266960144,1.1519572734832764,0.5419906377792358,0.8637768626213074,0.5724913477897644,0.6800746917724609,0.7541308403015137
1712,0.5481342077255249,0.7074788212776184,0.6501165628433228,0.7846921682357788,0.9919908046722412,0.6057931780815125,0.6906696557998657,0.5623265504837036,0.6713273525238037,0.7470661997795105
1713,0.8454334735870361,0.989934504032135,1.0108964443206787,1.1606534719467163,0.9986610412597656,0.8148860335350037,0.5894762277603149,0.8041672706604004,1.0238343477249146,0.8897745013237
1714,0.7532392144203186,0.8582689166069031,0.9167183637619019,0.9748843908309937,0.8972218036651611,0.8181111812591553,0.5223141312599182,0.8158870339393616,1.0808438062667847,0.9403119683265686
1715,0.5175122022628784,0.6609031558036804,0.656703531742096,0.8706086874008179,1.0189939737319946,0.568516731262207,0.643670916557312,0.6631849408149719,0.7321435809135437,0.6519222259521484
1716,0.5924018621444702,0.9266548156738281,1.194434642791748,1.2773172855377197,1.307350993156433,0.6554381251335144,0.6977058053016663,0.9608548283576965,1.1748336553573608,0.8366313576698303
1717,0.8017195463180542,1.2094067335128784,0.966393768787384,1.3747265338897705,0.9817752242088318,1.0375500917434692,0.8940286636352539,0.8654096722602844,1.4020228385925293,0.9763392210006714
1718,0.7072073221206665,0.8257467746734619,0.7619008421897888,1.0491299629211426,0.8543916940689087,0.7186949849128723,0.6574882864952087,0.919999361038208,1.0582162141799927,0.9057227969169617
1719,0.6407457590103149,1.035705804824829,0.6021299362182617,0.9788004159927368,1.228009581565857,0.676705002784729,0.6425870060920715,0.8735222220420837,0.9344741106033325,0.8920075297355652
1720,0.4912370443344116,0.6147564649581909,0.5965434312820435,0.9099661111831665,1.5436432361602783,0.5220686197280884,0.6596834063529968,0.7957520484924316,0.9266339540481567,0.7483152747154236
1721,0.553793728351593,0.6849912405014038,0.7444294691085815,0.8974003195762634,1.2926439046859741,0.5374095439910889,0.5894465446472168,0.738243579864502,0.8498005867004395,0.6906105279922485
1722,0.5702895522117615,0.9627777934074402,0.738402783870697,1.1149247884750366,1.0171929597854614,0.6639233231544495,0.650382936000824,0.9863696098327637,0.9736000895500183,0.7809510827064514
1723,0.47272709012031555,0.9194970726966858,0.9001015424728394,1.1255289316177368,0.9000007510185242,0.6797194480895996,0.7046906352043152,0.8223951458930969,1.0752904415130615,0.793575644493103
1724,0.6274802684783936,0.787926197052002,0.581387996673584,0.9639753103256226,0.9736472368240356,0.5477089285850525,0.7278473377227783,0.8756036758422852,0.7832764387130737,0.7219558954238892
1725,0.6250786185264587,0.8051632046699524,0.7931525111198425,0.9667961001396179,1.0068154335021973,0.6997901797294617,0.7324579358100891,0.8395944833755493,0.7992026805877686,0.919188916683197
1726,0.7083098888397217,0.8944100141525269,1.1298478841781616,1.0349715948104858,0.8888305425643921,0.7145175337791443,0.4883224368095398,0.9494081735610962,1.0229506492614746,0.8756393194198608
1727,0.8761549592018127,1.1507033109664917,1.0357962846755981,1.1123104095458984,0.8512752056121826,0.9269094467163086,0.7348802089691162,1.3639949560165405,1.4966325759887695,0.935204803943634
1728,0.9357304573059082,0.9701817035675049,1.1017228364944458,1.0335512161254883,0.9229182600975037,0.8276047110557556,0.8110746741294861,0.9122545123100281,1.175486445426941,0.9254248738288879
1729,0.761207103729248,0.8440443873405457,0.3327450454235077,0.7500863671302795,1.08061683177948,0.7041848301887512,0.5675632953643799,0.89058917760849,0.8867271542549133,0.8028904795646667
1730,0.7249424457550049,1.6886180639266968,0.9236848950386047,1.5649250745773315,1.1236586570739746,0.5482267141342163,0.8517166972160339,0.6689953804016113,1.458226203918457,0.8112764954566956
1731,0.8354197144508362,0.8069021105766296,0.7429935336112976,0.9456632733345032,1.1587002277374268,0.840397298336029,0.8722877502441406,0.8320236206054688,1.005922555923462,0.8547539710998535
1732,1.1363331079483032,0.8995511531829834,1.243564486503601,1.1325151920318604,0.9731286764144897,1.0293805599212646,0.5540585517883301,1.1192867755889893,1.5449014902114868,1.1366074085235596
1733,0.8587942719459534,0.8381574153900146,0.8596368432044983,0.9591411352157593,1.1706020832061768,0.6947354078292847,0.5840092897415161,0.8585119843482971,1.0032899379730225,0.9399996995925903
1734,0.8119426965713501,1.0380536317825317,1.1957887411117554,0.9543200135231018,1.0639514923095703,0.8805146217346191,0.5957598090171814,1.2109005451202393,1.3558800220489502,0.9047741889953613
1735,0.6844371557235718,0.646981954574585,0.5316337943077087,0.8548447489738464,1.2989236116409302,0.570114016532898,0.5759865641593933,0.6772027015686035,0.7531248927116394,0.6243446469306946
1736,0.8108046054840088,0.778172492980957,1.2805451154708862,0.8919690251350403,0.916552722454071,0.692697286605835,0.6007130146026611,0.7819930911064148,0.9800876975059509,0.8049971461296082
1737,1.157923936843872,1.223396897315979,1.8974862098693848,1.547399640083313,0.8914893269538879,0.9267077445983887,0.6271637678146362,1.4966588020324707,1.5479105710983276,1.5134763717651367
1738,0.8847001791000366,0.5982909798622131,1.0155967473983765,1.1421061754226685,0.7366334199905396,0.7665104269981384,0.6553558707237244,0.914779007434845,0.9300577044487,0.9717612266540527
1739,0.8257921934127808,0.5717624425888062,0.7759215831756592,0.979631245136261,1.0730643272399902,0.578667938709259,0.6055892109870911,0.8607053160667419,0.9300805926322937,0.9536887407302856
1740,0.8344724178314209,0.7453529238700867,0.8829724192619324,0.8945084810256958,1.5847911834716797,0.5356200933456421,0.6224236488342285,0.646782398223877,1.4246580600738525,1.0064822435379028
1741,0.7658042907714844,0.7090741395950317,0.6783462166786194,0.8246996998786926,1.114400863647461,0.49056631326675415,0.837960958480835,0.702349841594696,0.785062313079834,0.9312952160835266
1742,0.7258670926094055,0.561701238155365,0.5326409339904785,0.7295875549316406,0.9677312970161438,0.4472419321537018,0.7655584216117859,0.6005771160125732,0.767974317073822,0.7456696033477783
1743,1.163714051246643,0.663819432258606,1.0464904308319092,0.9428234696388245,1.093501329421997,0.5707165002822876,0.624912440776825,0.9935601353645325,1.3080695867538452,1.00237238407135
1744,0.8192984461784363,0.7524311542510986,0.707639217376709,0.8200713992118835,0.8489277958869934,0.492466539144516,0.6532089710235596,0.7349498867988586,0.8044017553329468,0.720461368560791
1745,0.8751686215400696,0.5706860423088074,1.0191595554351807,0.938261091709137,0.7522526383399963,0.7244503498077393,1.0008571147918701,0.9713343977928162,1.4668755531311035,0.7814910411834717
1746,1.0712946653366089,0.873070240020752,1.1745730638504028,1.0649439096450806,1.0835124254226685,0.6552126407623291,0.7459121942520142,1.080937147140503,1.2687402963638306,0.8314801454544067
1747,1.1322557926177979,0.6643247008323669,0.8939105868339539,0.937463104724884,0.8975282907485962,0.5715163350105286,1.049478530883789,0.871462345123291,1.15349543094635,0.8500193953514099
1748,0.8890491127967834,0.849568247795105,1.0651204586029053,0.8487313985824585,0.8673253655433655,0.5440804362297058,0.5129748582839966,0.9244701862335205,1.1184146404266357,0.6654174327850342
1749,1.1905535459518433,0.7666208148002625,1.3711034059524536,1.156730055809021,1.0238072872161865,0.5960680842399597,0.6601200699806213,1.3053958415985107,1.232938289642334,0.6818307042121887
1750,1.2952250242233276,0.991233229637146,1.1596969366073608,1.000069499015808,1.0197833776474,0.5673419833183289,0.8046486377716064,1.1137269735336304,1.08822762966156,0.764471709728241
1751,0.7813019156455994,0.6598196029663086,0.5465169548988342,0.6127028465270996,0.9134705662727356,0.38771671056747437,0.5842992663383484,0.6828932166099548,0.5507848858833313,0.5172259211540222
1752,0.8605002164840698,0.34316378831863403,0.8041285872459412,1.1580699682235718,1.0778710842132568,0.6434681415557861,0.6085621118545532,1.2097413539886475,1.453200101852417,0.8080512285232544
1753,0.9632284641265869,0.888559877872467,1.1752276420593262,0.9949264526367188,0.910136878490448,0.4764147400856018,0.6832649111747742,0.8690133690834045,0.9641802310943604,0.7955678701400757
1754,1.4651621580123901,1.0506335496902466,1.2317485809326172,0.9644696116447449,0.5463986396789551,0.5621569752693176,0.5805058479309082,1.1793166399002075,1.140177607536316,1.0286318063735962
1755,1.4309842586517334,0.8355165123939514,0,1.180939793586731,1.3165255784988403,0.5555153489112854,0.4958302080631256,1.311191201210022,1.3069238662719727,0.7854675054550171
1756,1.6879684925079346,0.9086838960647583,1.6893901824951172,1.1328247785568237,0.8027012348175049,0.6079875826835632,0.6052665710449219,1.5305414199829102,1.8692891597747803,0.7978906035423279
1757,1.7002047300338745,0.8967926502227783,2.0183942317962646,1.021912932395935,1.1857295036315918,0.5418195724487305,0.6853944659233093,1.219895362854004,2.0115625858306885,0.6814686059951782
1758,1.5476690530776978,0.9126957058906555,1.72796630859375,1.1365265846252441,1.015608310699463,0.7061328291893005,0.6230463981628418,1.3808821439743042,1.5142356157302856,0.724224865436554
1759,1.6628972291946411,0.7915281057357788,1.5397580862045288,1.2524646520614624,0.5536439418792725,0.7225472927093506,0.6532278060913086,1.2267894744873047,0.9559330940246582,0.9163868427276611
1760,1.6969001293182373,1.1061903238296509,1.2911533117294312,1.2522313594818115,1.0099157094955444,0.6495321989059448,0.5757128596305847,1.44781494140625,1.5609309673309326,0.9562026262283325
1761,1.2056446075439453,0.9227927923202515,1.0474427938461304,1.0853463411331177,1.2300225496292114,0.5503290295600891,0.6229372620582581,0.975810706615448,1.1524826288223267,1.0398794412612915
1762,1.015404462814331,1.131527066230774,0.7774161696434021,1.7346187829971313,1.2530415058135986,0.7077192068099976,0.8577576875686646,1.1540600061416626,1.7882801294326782,1.6494611501693726
1763,0.9938697814941406,0.8395704627037048,1.3377410173416138,0.9277039170265198,0.906778872013092,0.48931685090065,0.8790733814239502,0.929384171962738,1.2102543115615845,0.8016411662101746
1764,0.8704834580421448,0.6267457604408264,1.08762526512146,0.7738808393478394,0.8661248087882996,0.5889816880226135,0.4645480215549469,1.0920827388763428,0.8437897562980652,0.8603200912475586
1765,0.9811112284660339,0.8353588581085205,0.9722477197647095,0.8761858344078064,0.9156712889671326,0.5904110670089722,0.6929630041122437,0.9123652577400208,0.8475636839866638,0.8347470760345459
1766,1.297914981842041,1.1150712966918945,1.5706815719604492,1.0442558526992798,1.0702544450759888,0.6895064115524292,0.6485093832015991,1.0544250011444092,1.4486173391342163,0.8401190042495728
1767,1.5296982526779175,1.271418809890747,1.3905994892120361,1.0797994136810303,1.0283578634262085,0.5433886647224426,0.6376389861106873,1.136888861656189,1.574828028678894,0.8440225124359131
1768,1.4934499263763428,1.0912069082260132,1.2461144924163818,1.0548131465911865,0.9601426124572754,0.4588697850704193,0.9116749167442322,1.0229461193084717,1.3146315813064575,0.9199361801147461
1769,1.630607008934021,1.2505793571472168,1.1993283033370972,1.1108994483947754,1.2895888090133667,0.6672344207763672,0.702589213848114,1.0777391195297241,1.511452555656433,1.120282530784607
1770,1.450494408607483,1.2999025583267212,1.0560336112976074,1.2201147079467773,1.291494369506836,0.7320684194564819,1.1388192176818848,0.8952639698982239,1.21751070022583,1.244446039199829
1771,1.4639955759048462,1.1075063943862915,1.235767126083374,0.9438117742538452,0.842396080493927,0.6084356307983398,0.7893557548522949,0.9399605393409729,1.3408468961715698,0.8471686244010925
1772,1.4304167032241821,0.8712564706802368,1.1151574850082397,1.101450800895691,1.0566269159317017,0.7220698595046997,0.8082410097122192,1.142317771911621,0.8183169960975647,0.9702821969985962
1773,1.1521756649017334,1.1242752075195312,1.4412869215011597,1.0936449766159058,0.9363828897476196,0.5622958540916443,0.9374082684516907,1.1353298425674438,1.218962550163269,0.8562861680984497
1774,1.399430751800537,1.2803834676742554,1.3266764879226685,1.2815055847167969,1.0277446508407593,0.5497998595237732,0.6290270090103149,1.2841286659240723,1.5149028301239014,0.9209429621696472
1775,1.3646008968353271,0.9970332980155945,1.2598036527633667,1.2018821239471436,0.8950706720352173,0.5685403347015381,0.682144045829773,0.9091768264770508,1.0050662755966187,0.6705775260925293
1776,1.64241623878479,1.4897397756576538,0.9802813529968262,1.2980221509933472,1.0411700010299683,0.5991692543029785,0.6938313245773315,1.452122688293457,1.3667863607406616,0.9370670318603516
1777,1.2898094654083252,1.104956030845642,1.1261347532272339,1.1632574796676636,0.9102701544761658,0.4716738760471344,0.5951382517814636,1.1059348583221436,1.0747194290161133,0.8749445676803589
1778,2.0260679721832275,1.649024486541748,1.7647546529769897,1.4604331254959106,0.9436547756195068,0.5756971836090088,0.6892301440238953,1.0621401071548462,1.5057865381240845,0.8827749490737915
1779,1.1202409267425537,0.7520739436149597,0.9075027108192444,0.9500321745872498,0.7953303456306458,0.5779269933700562,0,0.5087133646011353,0.8124473094940186,0.8123700618743896
1780,0.9074136018753052,0.7490799427032471,0.864754855632782,0.6589985489845276,0.9450459480285645,0.6895654201507568,0,0.635036051273346,0.7897416353225708,0.6614656448364258
1781,1.2405978441238403,1.4394358396530151,1.5049386024475098,1.058713436126709,0.9047170281410217,0.492933064699173,0,1.0255779027938843,1.2312610149383545,0.7579514980316162
1782,1.996545672416687,1.7824457883834839,1.5876965522766113,1.265639066696167,1.0534859895706177,0.7044246196746826,0,1.3169389963150024,1.83903968334198,1.0266425609588623
1783,1.0501809120178223,0.8894429206848145,1.0367090702056885,0.8218795657157898,0.7077751755714417,0.501398503780365,0,0.6601589918136597,0.9011435508728027,0.6947327852249146
1784,1.528285026550293,1.4006949663162231,1.46706223487854,1.252038836479187,0.770618200302124,0.6832603216171265,0,1.1062884330749512,1.4742156267166138,1.042802095413208
1785,1.8247787952423096,1.1884891986846924,1.8850077390670776,1.3609941005706787,0.7238204479217529,0.5345351099967957,0,0.9610879421234131,1.3322491645812988,0.6914570927619934
1786,1.6753302812576294,1.1164013147354126,1.550429105758667,1.5336333513259888,0.9700530171394348,0.6793361306190491,0,1.101763129234314,1.2267038822174072,0.937232494354248
1787,2.0819950103759766,1.3127819299697876,1.7035601139068604,1.2678132057189941,0.8964657187461853,0.561273992061615,0,0.9621981978416443,1.192587971687317,0.7405428290367126
1788,1.267195463180542,1.1125084161758423,1.5101176500320435,1.259852409362793,0.930573046207428,0.6146231889724731,0,0.9511378407478333,1.2850452661514282,0.799995481967926
1789,1.4832297563552856,1.273678183555603,1.700838327407837,1.1666420698165894,0.6684851050376892,0.3599385619163513,0,1.0241888761520386,1.457053303718567,0.6877574324607849
1790,1.5257372856140137,1.1055201292037964,1.0993694067001343,1.2842930555343628,0.8503499627113342,0.5211778283119202,0,1.0033308267593384,1.3277881145477295,0.9153721332550049
1791,1.5135958194732666,1.4287724494934082,1.549883246421814,1.3449037075042725,1.193333625793457,0.6360338926315308,0,1.0961239337921143,1.4282313585281372,0.8261538147926331
1792,2.1284449100494385,0.9780895113945007,1.355566143989563,1.1978518962860107,0.9422950148582458,0.5008239150047302,0,1.0162253379821777,1.2656679153442383,0.8407526016235352
1793,1.9785540103912354,1.1984293460845947,1.328458309173584,1.3232688903808594,1.139952540397644,0.8366298675537109,0,0.9864675998687744,1.1277384757995605,0.7037670016288757
1794,1.4269764423370361,1.0933775901794434,0.8742985725402832,1.0597094297409058,0.7945529818534851,0.5394542217254639,0,0.8270183801651001,1.0892415046691895,1.0859854221343994
1795,1.4204388856887817,0.9522437453269958,0.7492771148681641,0.9193134903907776,0.9032409191131592,0.4935726523399353,0,0.6908565759658813,0.9007571339607239,0.7400354146957397
1796,1.5138041973114014,1.2902350425720215,0.9895344376564026,1.0089993476867676,0.9446980953216553,0.6502362489700317,0,0.6539121270179749,0.9075101613998413,0.8451043367385864
1797,0.919044017791748,0.9828146696090698,0.9381298422813416,1.0196702480316162,0.7758093476295471,0.5970861315727234,0,0.650316596031189,1.9836004972457886,0.7659891843795776
1798,1.940676212310791,1.3111032247543335,1.4656931161880493,1.317026972770691,1.2464523315429688,0.7671384215354919,0,1.0156960487365723,0.7574091553688049,0.9620246887207031
1799,1.1117079257965088,0.7110441327095032,0.7148784399032593,0.9567522406578064,0.5412899851799011,0.5604761838912964,0,0.617418110370636,1.4628130197525024,0.6347924470901489
1800,1.4807363748550415,1.2732871770858765,0.9549294710159302,1.0346403121948242,0.8036181926727295,0.5918040871620178,0,0.8222185373306274,0.8306766152381897,0.9236164689064026
1801,1.1515295505523682,1.1980782747268677,1.137420892715454,0.8915677666664124,0.6810740828514099,1.0431177616119385,0,0.8121313452720642,1.1997064352035522,0.687027096748352
1802,1.0751152038574219,0.8246086835861206,0.7543416023254395,0.9241871237754822,0.6648766398429871,0.6729927659034729,0,0.6069167256355286,1.0572806596755981,0.6021795868873596
1803,1.2221637964248657,1.0622203350067139,1.0883818864822388,0.8394591808319092,0.9651948809623718,0.561009407043457,0,0.6538577079772949,0.9537182450294495
1804,1.4292759895324707,1.206190586090088,1.0508946180343628,1.0980676412582397,1.3037320375442505,0.7610019445419312,0,1.2381576299667358,1.3724809885025024
1805,1.25198233127594,1.0689666271209717,1.1266955137252808,1.1673939228057861,0.9566174745559692,0.6171740889549255,0,0.7237542271614075,1.1936856508255005,0.710350513458252
1806,1.1105256080627441,1.185733675956726,0.7503697872161865,0.9546939730644226,1.3288228511810303,0.6392381191253662,0,0.7504229545593262,1.1073499917984009,0.6743839383125305
1807,1.4343867301940918,1.2946617603302002,1.0836071968078613,0.9280257225036621,1.2064827680587769,0.5667484998703003,0,0.6903392672538757,0.7958054542541504,0.8197086453437805
1808,1.1869620084762573,1.2246414422988892,0.8416103720664978,1.053012728691101,1.3467682600021362,0.7937925457954407,0,0.8838518857955933,1.3222914934158325,0.764562726020813
1809,1.0968557596206665,0.8101300001144409,0.8214812874794006,0.8210643529891968,0.8023956418037415,0.5569026470184326,0,0.5512062907218933,0.8076253533363342,0.8503881096839905
1810,1.0869272947311401,1.354255199432373,0.8496332168579102,0.9928327798843384,0.9948007464408875,0.5063149333000183,0,0.6966612935066223,0.9530922770500183,0.7506664991378784
1811,1.6280925273895264,1.025530219078064,1.1154217720031738,1.0511672496795654,0.9494295120239258,0.6743623614311218,0,0.7918471693992615,0.9254923462867737,1.1599420309066772
1812,1.121890902519226,0.9436672925949097,0.8269751667976379,0.9903757572174072,0.9109424352645874,0.5829676985740662,0,0.64725261926651,0.7896453738212585,0.9902575612068176
1813,1.1011930704116821,1.3189393281936646,0.8516181111335754,0.8640605211257935,0.971035361289978,1.1245239973068237,0,0.5862464904785156,0.7083874940872192,0.8864240050315857
1814,1.5918124914169312,1.4343453645706177,0.965264618396759,0.9964633584022522,1.3249988555908203,0.6482399106025696,0,0.8425918817520142,0.9124148488044739,1.5825726985931396
1815,1.350297451019287,1.4515938758850098,0.9457433223724365,0.9194789528846741,0.9925980567932129,0.8537700176239014,0,0.5548446774482727,0.92374587059021,0.8979834914207458
1816,0.6803451776504517,1.0232782363891602,0.7047339677810669,0.5959102511405945,0.5450431108474731,0.44069668650627136,0,0.41622018814086914,0.8988117575645447,0.5417838096618652
1817,1.3462889194488525,0.4915240406990051,1.1647077798843384,1.1032532453536987,0.9399425387382507,0.48043444752693176,0,0.919750452041626,1.0870062112808228,1.5814461708068848
1818,1.2378947734832764,1.3893299102783203,1.8567101955413818,1.1588466167449951,1.2897354364395142,1.129745602607727,0,0.9898515939712524,1.2620409727096558,0.6929532885551453
1819,1.3090332746505737,1.3655933141708374,0.990754246711731,0.846290647983551,0.9986321926116943,0.6803714632987976,0,0.7852733731269836,0.5176680684089661,0.6673228740692139
1820,0.8854029178619385,1.4088644981384277,0.8038135170936584,0.9405286312103271,0.7535078525543213,0.4742192029953003,0,0.6178187131881714,1.1876307725906372,0.7765297889709473
1821,1.1285351514816284,0.8717045783996582,0.9312191605567932,0.8020467162132263,0.9491606950759888,0.7501659393310547,0,0.6581255197525024,1.3656892776489258,0.8745014071464539
1822,1.1082231998443604,1.2978687286376953,0.9631999731063843,0.7468756437301636,0.8382955193519592,1.1926918029785156,0,0.8025686740875244,1.3251761198043823,1.196250557899475
1823,0.8701423406600952,0.7049424648284912,0.8510231971740723,0.6738356351852417,0.5018779635429382,0.5123716592788696,0,0.5426753759384155,0.7372916340827942,0.6636248826980591
1824,0.7854694724082947,0.8394451141357422,0.6905336380004883,0.6423118114471436,0.5060678720474243,0.5010538101196289,0,0.5671392679214478,0.9208949208259583,0.6886796951293945
1825,1.278247594833374,1.407724380493164,1.120994210243225,1.0627081394195557,0.9232210516929626,0.9530810713768005,0,0.8429572582244873,1.0521539449691772,0.9231205582618713
1826,1.491848349571228,1.4297888278961182,1.0789129734039307,1.00608491897583,1.0674372911453247,0.7025871872901917,0,0.818859875202179,0.6452720761299133,0.8438235521316528
1827,1.2649562358856201,1.8724366426467896,1.0415681600570679,0.8802844882011414,0.9690815210342407,0.6396420001983643,0,0.8976343274116516,0.8332639336585999,1.8129260540008545
1828,1.3699003458023071,1.15793776512146,0.9880526661872864,1.0550801753997803,1.3048323392868042,0.7023302912712097,0,0.8564152717590332,0.7336041927337646,0.9680266976356506
1829,1.4825259447097778,1.2879483699798584,1.133830189704895,1.0205860137939453,1.1468448638916016,0.752420961856842,0,0.7760334014892578,0.9357501864433289,1.0213629007339478
1830,1.1119887828826904,1.0566664934158325,1.212187647819519,1.2226985692977905,1.5777138471603394,0.7316349744796753,0,0.9570032358169556,1.1636453866958618,0.9122239351272583
1831,1.0263593196868896,1.0555943250656128,1.0869150161743164,1.329810380935669,1.4599342346191406,0.8878655433654785,0,0.8081662058830261,0.9501217007637024,0.7409653067588806
1832,1.2706902027130127,0.9797110557556152,0.8245458006858826,0.9526036381721497,0.7657574415206909,0.6582777500152588,0,0.6874184012413025,1.5130254030227661,0.7231411933898926
1833,1.1943480968475342,1.2237597703933716,1.3576898574829102,1.0468374490737915,1.2437690496444702,0.5990390181541443,0,0.8912304043769836,1.2481392621994019,0.7230351567268372
1834,1.638473391532898,1.3506977558135986,1.520376205444336,1.41478431224823,1.2008763551712036,0.9886543154716492,0,0.7271353006362915,0.9605123996734619,0.793505847454071
1835,0.9514819383621216,1.0383902788162231,0.961230456829071,1.116536021232605,0.9043067693710327,0.5421887040138245,0,0.5900846719741821,0.8213829398155212,0.6558423638343811
1836,1.4280304908752441,0.8596974015235901,1.1639329195022583,1.175620675086975,0.6949414014816284,0,0,0.6616784334182739,1.0006842613220215,0.7828666567802429
1837,1.5021146535873413,2.542994737625122,0.9402085542678833,1.3906587362289429,1.0542845726013184,0.9099602699279785,0,1.820906639099121,1.4231373071670532,1.1189584732055664
1838,1.2691465616226196,0.818252682685852,0.8423486351966858,0.7936607003211975,0.972608208656311,0.7618706822395325,0,0.5993508696556091,0.9442147016525269,0.7050018310546875
1839,1.4814560413360596,1.1093831062316895,0.9660907983779907,1.1391127109527588,1.243012547492981,1.1038089990615845,0,0.6816948056221008,0.8455290794372559,0.6787477731704712
1840,1.6986440420150757,1.0977587699890137,1.0830249786376953,1.2688124179840088,1.0370187759399414,1.1583367586135864,0,0.6705544590950012,1.0344693660736084,0.7494124174118042
1841,1.3209173679351807,2.4019672870635986,0.6049419641494751,0.9139667749404907,1.091617226600647,0.8491353392601013,0,1.082649827003479,3.1593291759490967,1.5417139530181885
1842,1.1219362020492554,0.8181003332138062,0.7085888981819153,0.8906684517860413,0.8130165934562683,0.7099027633666992,0,0.5390388369560242,0.6713296175003052,0.6641110181808472
1843,1.3331022262573242,0.96744704246521,0.896942138671875,0.9197392463684082,0.9792965650558472,0.8261662125587463,0,0.5954962968826294,0.9018891453742981,0.6764874458312988
1844,1.3205451965332031,1.4463505744934082,1.000134825706482,1.2254570722579956,1.336647391319275,1.0101103782653809,0,0.8652333617210388,1.0378435850143433,1.3549236059188843
1845,1.4968241453170776,1.1851959228515625,1.0895272493362427,1.1971101760864258,1.1338509321212769,0.8652318716049194,0,1.0240119695663452,0.7891792058944702,0.8272465467453003
1846,1.2619976997375488,1.054079294204712,0.8501290082931519,0.9456441402435303,1.0995501279830933,0.8479539155960083,0,0.8199308514595032,0.9140779376029968,0.7327118515968323
1847,1.4052609205245972,1.1452480554580688,1.2452176809310913,1.0103871822357178,1.0177936553955078,0.7912447452545166,0,0.7718271017074585,1.6431679725646973,0.8147562742233276
1848,0.7479121088981628,1.021194338798523,0.517984926700592,0.5863186717033386,0.6193722486495972,0.6800286769866943,0,0.5129916667938232,1.0335447788238525,0.6551887392997742
1849,1.386947751045227,0.8546292185783386,0.9148216247558594,0.9599394202232361,1.0715961456298828,0.8329850435256958,0,0.7015544772148132,0.7307769060134888,0.9675574898719788
1850,1.2918338775634766,1.4523106813430786,0.9605053663253784,1.0053550004959106,0.9555804133415222,0.7932232618331909,0,0.7849518060684204,1.1246801614761353,0.8666638135910034
1851,1.1082292795181274,1.3893731832504272,0.9729195833206177,1.0123114585876465,0.9052709341049194,0.6488310098648071,0,0.8198519945144653,0.7942739129066467,1.0820833444595337
1852,1.2566052675247192,1.3118141889572144,1.1653187274932861,1.3472652435302734,1.1374266147613525,0.9044918417930603,0,1.0100804567337036,0.996174156665802,1.1323750019073486
1853,1.0118255615234375,0.6497429609298706,0.8272342681884766,0.871181845664978,0.6529754400253296,0.7266665697097778,0,0.6154074668884277,0.9658838510513306,0.9075821042060852
1854,0.9928523898124695,1.451315999031067,0.9489420056343079,1.0006904602050781,1.1239291429519653,0.9923082590103149,0,1.1048449277877808,0.8017184138298035,0.8077917098999023
1855,1.4514638185501099,1.057221531867981,1.1386817693710327,1.160151481628418,0.88397216796875,1.2354650497436523,0,0.890746533870697,0.8962732553482056,0.880932092666626
1856,1.4422541856765747,0.889818012714386,1.0209367275238037,1.313995361328125,0.7386884093284607,1.0248769521713257,0,0.7895186543464661,1.190657615661621,0.9238326549530029
1857,1.1637177467346191,0.9115473628044128,0.6545453071594238,0.8224113583564758,1.0192121267318726,0.7461984157562256,0,0.6938276886940002,0.9984695911407471,1.7848659753799438
1858,1.2983347177505493,1.2309110164642334,1.5299780368804932,1.39752197265625,0.7991846799850464,1.2887861728668213,0,0.9666755795478821,0.8327845335006714,0.6684355735778809
1859,1.3087451457977295,1.4563881158828735,1.5980312824249268,1.456768274307251,0.878838300704956,1.2427343130111694,0,0.8338366150856018,1.0293864011764526,0.961531400680542
1860,1.2626601457595825,0.8680177927017212,1.0995322465896606,1.1515188217163086,0.7541565895080566,0.8029968738555908,0,0.7237831354141235,0.9084618091583252,0.9808647632598877
1861,0.9896881580352783,1.408218264579773,0.8231607675552368,1.0434975624084473,0.8105810880661011,0.6862263083457947,0,0.8507858514785767,1.1593036651611328,0.895626425743103
1862,1.201581597328186,0.9148126244544983,0.7344855070114136,1.0888043642044067,0.8395081162452698,0.6309787631034851,0,0.7752665281295776,1.2023632526397705,1.1387200355529785
1863,0.7746955752372742,0.8306241035461426,0.7384132146835327,0.7273821830749512,0.5607731938362122,0.7124878764152527,0,0.7521549463272095,1.4356977939605713,0.7645922303199768
1864,1.5670783519744873,1.0956861972808838,0.7344563007354736,1.3094327449798584,1.027559757232666,0.9063623547554016,0,0.9442366361618042,1.247258186340332,1.0984954833984375
1865,1.6982074975967407,1.5263878107070923,1.1393747329711914,1.0605523586273193,1.0550310611724854,1.005051612854004,0,1.0587939023971558,1.1576309204101562,1.494781494140625
1866,1.0377511978149414,0.9321325421333313,1.0053126811981201,0.9163491129875183,0.7349172830581665,0.6739484667778015,0,0.694595456123352,0.8221153616905212,0.9212707877159119
1867,1.2612168788909912,1.0899312496185303,0.8105248808860779,1.0232044458389282,0.8311384320259094,0.7782018780708313,0,0.7042534947395325,0.9655852913856506,0.8384801149368286
1868,1.1075966358184814,1.2218399047851562,1.0510649681091309,1.1344166994094849,1.2912166118621826,1.131482720375061,0,0.9862245321273804,1.069379448890686,0.9455652236938477
1869,1.122557282447815,1.4411224126815796,0.9980963468551636,1.0257683992385864,1.2347275018692017,0.796486496925354,0,0.7862948179244995,1.1507813930511475,0.7984037399291992
1870,0.8058692812919617,1.2453110218048096,0.9726830720901489,0.9738335609436035,1.3733056783676147,0.8521273732185364,0,1.0169789791107178,1.178619384765625,0.802773118019104
1871,0.9318467974662781,1.1176801919937134,0.8385302424430847,1.0282421112060547,0.9120818376541138,0.6288355588912964,0,0.6953436732292175,0.7390292882919312,0.7855119109153748
1872,0.921638011932373,0.934589684009552,0.9227420687675476,0.8742066621780396,0.9571900367736816,0.6872173547744751,0,0.7180306315422058,0.7759279012680054,0.8777064085006714
1873,1.0307345390319824,1.2962709665298462,0.9673874974250793,0.8551798462867737,1.1468470096588135,0.7286831736564636,0,0.6702777743339539,0.9357338547706604,0.8384683728218079
1874,1.2320449352264404,0.9442628026008606,0.896901547908783,0.9994994401931763,0.8769347071647644,0.749871015548706,0,0.6875003576278687,0.9203509092330933,0.9467577934265137
1875,1.0765912532806396,0.9359539747238159,0.5722417235374451,0.7354586124420166,0.6878960728645325,0.8780354857444763,0,0.6101894378662109,1.5727168321609497,0.9186790585517883
1876,0.7780094146728516,0.9620475172996521,0.8870249390602112,0.7569140195846558,0.7958036065101624,0.7912290692329407,0,0.6607009172439575,0.7596887350082397,0.6830791234970093
1877,1.0336023569107056,1.1000041961669922,1.273840069770813,1.0329278707504272,1.0099778175354004,0.717515766620636,0,0.9420959949493408,1.0985894203186035,0.6687314510345459
1878,1.4658055305480957,1.3753877878189087,1.6173012256622314,1.0444800853729248,0.9479715824127197,1.0840015411376953,0,0.8935803771018982,1.1745245456695557,0.6404935717582703
1879,1.2878332138061523,1.0924001932144165,0.8587073087692261,1.1030467748641968,0.9707900285720825,0.673334538936615,0,0.8235965967178345,1.01482355594635,0.7922733426094055
1880,1.2143787145614624,0.9376376271247864,1.3054543733596802,0.9941398501396179,1.2793763875961304,0.7011029124259949,0,0.8022783994674683,0.761832058429718,0.6986467242240906
1881,1.3113117218017578,0.8035897016525269,1.0226410627365112,0.8535032868385315,0.5048014521598816,0.6994402408599854,0,0.690090537071228,0.9896341562271118,0.7814133763313293
1882,1.2774254083633423,0.9058425426483154,1.2180148363113403,0.7968125939369202,0.8752032518386841,1.1198195219039917,0,0.7509521245956421,1.03340744972229,0.8859267830848694
1883,1.246522307395935,0.7851722836494446,0.9098115563392639,0.7248411774635315,0.5618326663970947,0.749222993850708,0,0.5994483232498169,0.6601569652557373,0.8727049231529236
1884,1.3800268173217773,0.9707680344581604,1.0400416851043701,0.7791597247123718,0.8078317046165466,0.8585091233253479,1.0344018936157227,0.9257088899612427,0.9722009897232056,0.8722795844078064
1885,0.8671258091926575,0.5907287001609802,0.6607828736305237,0.5882831811904907,0.4058670997619629,0.6497446298599243,1.0372682809829712,0.5510246157646179,0.6059716939926147,0.6690517663955688
1886,0.6510753035545349,0.6013261675834656,0.5445346832275391,0.4893764853477478,0.40748050808906555,0.6467313170433044,0.715152382850647,0.48036542534828186,0.6639722585678101,0.5360715389251709
1887,1.5493470430374146,0.875501811504364,0.6770129203796387,0.9135566353797913,0.6638736128807068,1.1646772623062134,0.6816777586936951,0.7113087773323059,0.9602959752082825,0.7613147497177124
1888,1.5730029344558716,1.1128584146499634,1.2544875144958496,0.9952641129493713,1.0369466543197632,0.9027079939842224,0.8635704517364502,0.7645016312599182,0.9826655983924866,0.9761361479759216
1889,1.3058127164840698,1.1867516040802002,1.040709376335144,0.8495463132858276,0.9348428249359131,1.021060585975647,1.1720772981643677,0.7609844207763672,1.0885999202728271,0.7590516209602356
1890,1.404259204864502,1.0514512062072754,1.1072560548782349,0.9212059378623962,0.9359609484672546,0.7779039144515991,1.2603110074996948,0.893994152545929,1.0624070167541504,1.0361179113388062
1891,1.3496371507644653,1.1552734375,1.1027716398239136,0.8715192675590515,1.1255192756652832,0.7099118232727051,0.9814774990081787,0.8572565913200378,1.0039458274841309,0.7825884222984314
1892,1.1947168111801147,0.9661792516708374,0.6827487349510193,0.810005247592926,0.8062926530838013,0.9716848134994507,0.9239441752433777,0.8112265467643738,0.8828854560852051,1.0063177347183228
1893,0.8770344853401184,1.0341306924819946,0.691351056098938,0.8541996479034424,1.0505813360214233,0.6446390151977539,0.8738148808479309,0.9622638821601868,0.8162605166435242,0.8162739872932434
1894,1.4992575645446777,0.9982178211212158,1.0481603145599365,0.7946784496307373,0.968368649482727,0.6729857325553894,0.816442608833313,0.9143661260604858,0.9339227676391602,1.0072051286697388
1895,2.435790777206421,0.9273735880851746,1.5979787111282349,1.1579924821853638,1.3083254098892212,1.0367498397827148,0.7728001475334167,0.9804536700248718,1.1658929586410522,1.0071765184402466
1896,1.3775209188461304,0.8051546216011047,0.829373300075531,0.8263446688652039,0.8417250514030457,0.8752904534339905,0.903454065322876,0.8768548369407654,0.9195979833602905,0.8272539973258972
1897,2.3310840129852295,1.0547504425048828,1.0077778100967407,1.2867858409881592,1.7666661739349365,0.892360508441925,0.9229792952537537,1.4280974864959717,1.208612322807312,0.7863271832466125
1898,1.9172056913375854,1.6620726585388184,1.1223100423812866,1.1130800247192383,1.66890549659729,0.7192999124526978,1.1240593194961548,1.2736120223999023,1.0430552959442139,0.9990086555480957
1899,2.317669630050659,1.7123777866363525,1.0274838209152222,1.224713683128357,1.8974648714065552,0.8267346024513245,0.9665804505348206,1.273689866065979,1.2096850872039795,0.9957083463668823
1900,0.7788742184638977,0.49411264061927795,0.672956109046936,0.6234371662139893,0.5536068677902222,0.6670930981636047,0.9263262152671814,0.5440210103988647,0.6210039258003235,0.6645263433456421
1901,1.6711055040359497,0.8773015141487122,1.205509066581726,0.9311047196388245,1.0493959188461304,0.8752573132514954,0.5806492567062378,1.0356495380401611,1.023513913154602,0.8663846254348755
1902,2.1797287464141846,1.0167449712753296,1.4624035358428955,1.0658115148544312,1.0911575555801392,1.0929765701293945,0.9177405834197998,1.12967848777771,1.0072836875915527,0.9748823046684265
1903,2.170119047164917,1.3896313905715942,1.0988882780075073,1.0116342306137085,1.420719861984253,0.8477270007133484,1.0594069957733154,1.1494196653366089,1.0310630798339844,0.8280248641967773
1904,1.756688117980957,1.2188823223114014,0.835461437702179,0.8326179385185242,1.507646918296814,0.6994298100471497,1.0632436275482178,1.1960357427597046,1.0287580490112305,1.1251471042633057
1905,0.7340978384017944,0.6457520127296448,0.6279477477073669,0.7049604654312134,0.6197253465652466,0.6325733661651611,1.1038575172424316,0.6397915482521057,0.732322633266449,0.7217280268669128
1906,1.085046648979187,0.7753501534461975,0.6774106025695801,0.7129226326942444,0.8023634552955627,0.6699351072311401,0.6608157157897949,0.6472938060760498,0.7661817669868469,0.888038158416748
1907,2.2542331218719482,1.1950496435165405,1.3939653635025024,1.1193228960037231,1.1349742412567139,0.9533780217170715,0.8263127207756042,1.242608904838562,1.3347264528274536,1.2074081897735596
1908,2.4106760025024414,1.2755402326583862,1.7216027975082397,1.162954330444336,1.5209993124008179,0.7761945128440857,1.2123175859451294,1.3357667922973633,1.2182397842407227,1.0175151824951172
1909,2.025871992111206,1.3606059551239014,1.4569594860076904,1.2079250812530518,1.1520005464553833,0.9653851985931396,1.217383623123169,0.9320292472839355,1.1799561977386475,1.1029672622680664
1910,0.8557889461517334,0.6641411781311035,0.5994368195533752,0.6286600828170776,0.48261669278144836,0.593437671661377,1.106404423713684,0.5908361673355103,0.6390541791915894,0.6060407757759094
1911,2.408917188644409,1.2733666896820068,1.1167798042297363,1.1111329793930054,2.0602736473083496,0.8039305210113525,0.6216719746589661,1.0158358812332153,1.1418780088424683,1.2544447183609009
1912,2.032663345336914,1.094533085823059,1.2327425479888916,1.028732419013977,1.412993311882019,0.7828078866004944,0.901736319065094,0.9076359272003174,0.8882070183753967,0.8149078488349915
1913,2.2890896797180176,1.6708239316940308,1.308632493019104,1.234227180480957,1.7354941368103027,0.9882153868675232,0.9322932362556458,1.0812987089157104,1.6979354619979858,1.0404601097106934
1914,2.363084077835083,1.2385634183883667,1.0018023252487183,1.1021850109100342,1.4309097528457642,0.9209445714950562,1.0877141952514648,1.120841145515442,1.149095892906189,0.9362738132476807
1915,1.2378716468811035,1.0091304779052734,0.8462693691253662,0.8889139294624329,0.9489625692367554,0.8198280930519104,1.0662002563476562,1.0539995431900024,0.8898749351501465,2.1991312503814697
1916,1.4443693161010742,0.9829105138778687,0.6631238460540771,0.8787974119186401,1.147261142730713,0.6209099888801575,0.7802951335906982,0.7016868591308594,0.8576317429542542,0.8843312859535217
1917,1.801517128944397,1.2291828393936157,0.7394619584083557,0.8725262880325317,1.5074000358581543,0.6517001390457153,0.9035701155662537,0.9163432121276855,1.166730523109436,0.7293710708618164
1918,1.800403356552124,0.9213728904724121,1.0005829334259033,0.92304527759552,0.9014140367507935,0.7297865152359009,0.7529250383377075,0.6370927691459656,0.9070354104042053,1.0215226411819458
1919,1.4998548030853271,0.9990352392196655,1.2184343338012695,0.9837722182273865,1.0867561101913452,0.6183304786682129,0.6770280599594116,0.640110969543457,0.8738353252410889,0.8211185336112976
1920,0.7226682901382446,0.5914742350578308,0.532141923904419,0.5957057476043701,0.5822412371635437,0.4745021164417267,0.4939521551132202,0.39390987157821655,0.4857521951198578,0.5056788325309753
1921,1.3958953619003296,1.316593050956726,0.8504135012626648,0.8616008162498474,0.989935576915741,0.6598666310310364,0.8699530363082886,0.6955022811889648,1.0169761180877686,0.8159084320068359
1922,1.2491236925125122,0.8303143978118896,0.9725387692451477,0.6596009731292725,0.7942944765090942,0.6274633407592773,0.6818038821220398,0.5215334296226501,0.7063956260681152,0.7170432806015015
1923,1.6626125574111938,1.140855073928833,1.018841028213501,0.96586674451828,1.024094581604004,0.9092181324958801,0.7039303183555603,0.9084182381629944,0.9973529577255249,0.8750782608985901
1924,0.975053071975708,0.9195723533630371,0.5754181146621704,0.7903494834899902,0.9772767424583435,0.5357221364974976,0.7144801020622253,0.5716677308082581,0.7380809783935547,0.7867379188537598
1925,1.533588171005249,1.086098313331604,1.2648766040802002,0.8876147866249084,1.010913610458374,0.6381902098655701,0.728405237197876,0.5961500406265259,0.9018810987472534,0.8150847554206848
1926,1.2707120180130005,1.3040622472763062,0.9564480781555176,0.9051414728164673,0.9979787468910217,0.8026955723762512,0.8669440746307373,0.6968077421188354,1.067307949066162,1.2063711881637573
1927,0.8276829123497009,1.5230554342269897,0.6491671204566956,0.8223242163658142,1.1171141862869263,0.6843939423561096,0.8970040082931519,0.6804362535476685,0.881011962890625,0.8198517560958862
1928,1.4128742218017578,1.3907967805862427,0.9200248122215271,0.8670189380645752,1.1515095233917236,0.7373583912849426,0.838398814201355,0.6345880627632141,0.9112752079963684,1.0274226665496826
1929,1.0669211149215698,1.0451626777648926,0.9864886403083801,0.9005332589149475,0.9979692101478577,0.6373485326766968,0.6917722225189209,0.6095181107521057,0.779414176940918,0.9271544814109802
1930,1.6364355087280273,1.1676853895187378,0.9228443503379822,0.8042488098144531,1.0468264818191528,0.7120853066444397,0.7175760269165039,0.5825709700584412,0.8511322140693665,0.8843091130256653
1931,1.6003416776657104,1.8082222938537598,1.3988420963287354,0.9576663970947266,1.3220332860946655,0.937047004699707,0.863313615322113,0.790081262588501,1.1089533567428589,0.8634948134422302
1932,1.0028737783432007,1.4590672254562378,0.6738389730453491,0.6950033903121948,1.2179466485977173,0.5516678690910339,0.6843167543411255,0.6201512813568115,0.8421593308448792,0.9960491061210632
1933,2.3723785877227783,1.8873882293701172,1.3209877014160156,1.3264071941375732,2.2527475357055664,0.9946134090423584,0.9023646712303162,1.065840244293213,1.2242491245269775,0.8654081225395203
1934,1.932916283607483,1.621623158454895,1.0581471920013428,0.965245246887207,1.3336304426193237,0.7907274961471558,0.8751485347747803,1.0615874528884888,1.1113417148590088,0.9191709756851196
1935,2.1826024055480957,1.8842569589614868,1.294446587562561,0.919428288936615,1.8531556129455566,0.8336889147758484,1.1783009767532349,1.3580721616744995,1.3884868621826172,0.9368277788162231
1936,1.7223912477493286,1.091396689414978,1.178125262260437,0.8578073978424072,1.7771553993225098,0.538582980632782,0.6796540021896362,0.7686787247657776,0.9908702373504639,0.5589759945869446
1937,1.4155508279800415,1.0309271812438965,0.9515125751495361,0.8911839127540588,1.361208438873291,0.5627456903457642,0.9142087697982788,0.6777641773223877,0.9221926331520081,0.918083906173706
1938,2.6809849739074707,1.3467588424682617,1.3577991724014282,1.08868408203125,1.9740053415298462,0.8238404989242554,0.9859113097190857,1.0532835721969604,1.2344393730163574,0.6676351428031921
1939,1.799028754234314,1.107157588005066,1.127609372138977,0.6578913331031799,1.422155499458313,0.597171425819397,0.6926021575927734,0.7561346888542175,0.8631052374839783,0.6513707041740417
1940,2.1994781494140625,1.368502140045166,1.3642908334732056,0.9289489984512329,1.7739146947860718,0.6697939038276672,0.9879131317138672,0.8596680760383606,1.2141799926757812,0.5417785048484802
1941,1.58301842212677,0.7335071563720703,1.39696204662323,1.4578195810317993,1.1397625207901,0.9302933216094971,0.8911800384521484,0.8357917666435242,0.9710767269134521,0.9838212728500366
1942,1.6954915523529053,0.8103722929954529,1.0610716342926025,0.8823505640029907,1.2189239263534546,0.7539368271827698,0.7670850157737732,0.6904040575027466,0.7951382994651794,0.7737780809402466
1943,1.330065131187439,1.785444974899292,0.8133071064949036,0.7480961680412292,1.1417534351348877,0.7326422333717346,0.8580644726753235,0.7113746404647827,0.970647931098938,0.7430577278137207
1944,1.767905354499817,1.5767147541046143,1.38729989528656,0.9976977705955505,1.705368161201477,0.9803007245063782,1.0135350227355957,0.9770650267601013,1.18669855594635,0.6625855565071106
1945,1.7979388236999512,1.7736679315567017,1.4371432065963745,0.9569164514541626,1.7669613361358643,1.0510045289993286,0.6317627429962158,1.6837435960769653,1.5168812274932861,1.3743293285369873
1946,1.5977575778961182,1.1130980253219604,1.278027057647705,0.9426000118255615,1.2527151107788086,0.6881211996078491,0.7060499787330627,0.6391835808753967,0.9728947281837463,0.8127673864364624
1947,1.7428216934204102,0.9095437526702881,0.8708686232566833,0.7118462920188904,1.1032599210739136,0.7688412070274353,0.5086845755577087,0.7470889091491699,0.9087938666343689,0.7614553570747375
1948,1.125116229057312,0.6650183200836182,0.9110881090164185,0.691439151763916,0.8965262174606323,0.5301131010055542,0.8430735468864441,0.5531976819038391,0.6795844435691833,0.6813256144523621
1949,1.7018862962722778,0.8586217761039734,1.0628740787506104,0.8780055642127991,1.1444735527038574,0.8196712732315063,0.816023588180542,0.7597286105155945,0.9990914463996887,0.8423005938529968
1950,1.387123703956604,0.8685489296913147,0.7869834899902344,0.8519619703292847,1.020284652709961,0.7677836418151855,0.9511733651161194,0.6640850901603699,0.959464430809021,0.9417912364006042
1951,2.328500270843506,1.5864660739898682,0.8284153342247009,0.7667731642723083,1.3338781595230103,0.7046747207641602,0.725510835647583,1.0849424600601196,1.1289957761764526,0.4861935079097748
1952,2.1366055011749268,1.3333600759506226,0.8574106097221375,0.7814041972160339,1.4034922122955322,0.5870810151100159,0.8435190916061401,1.144645094871521,1.2426650524139404,0.6806801557540894
1953,2.2241082191467285,1.8495749235153198,1.2163901329040527,1.3186814785003662,1.4446345567703247,0.7383142113685608,0.605800449848175,1.222838282585144,1.226516604423523,0.5435436964035034
1954,1.4492013454437256,0.6854509115219116,1.0213748216629028,1.0710043907165527,0.9060834050178528,0.6644994616508484,0.6366984844207764,0.8162819147109985,0.8335335850715637,0.8866963982582092
1955,1.61012864112854,1.4207563400268555,0.6955457329750061,0.9684033393859863,1.163198471069336,0.7064003944396973,0.8140987157821655,0.7263423204421997,0.8415083289146423,0.677446722984314
1956,2.1386446952819824,1.167414665222168,1.5066205263137817,1.2365822792053223,1.7341477870941162,0.6473553776741028,0.5404940843582153,1.0729435682296753,1.0616066455841064,0.6484281420707703
1957,1.2506829500198364,0.8850259780883789,0.895392894744873,1.0407660007476807,1.321970820426941,0.4957469701766968,0.8297667503356934,0.70058274269104,0.8538389205932617,0.7687420845031738
1958,2.2034780979156494,1.0184025764465332,1.0837986469268799,1.2283047437667847,1.6777631044387817,0.6524873971939087,0.8259015083312988,1.099228024482727,0.9874302744865417,0.9170905351638794
1959,1.9044475555419922,1.4656329154968262,1.0760267972946167,1.2332125902175903,1.477961778640747,0.6956510543823242,0.779936671257019,0.9780508279800415,1.1944042444229126,1.0061240196228027
1960,2.455017566680908,2.1879665851593018,0.8890496492385864,1.0163723230361938,1.5956450700759888,0.6915137767791748,0.6354002356529236,1.316793441772461,1.3427404165267944,0.802636981010437
1961,1.8825123310089111,0.86961430311203,0.8181969523429871,0.9034212827682495,1.5016154050827026,0.48851826786994934,0.7405253052711487,0.9026905298233032,1.0613782405853271,0.693561851978302
1962,1.501357078552246,0.864645779132843,1.0190163850784302,1.0554527044296265,0.9554674029350281,0.6951530575752258,0.8038048148155212,1.123464822769165,1.8066937923431396,0.8747105598449707
1963,1.655225396156311,0.9534702897071838,0.7928265333175659,0.9858657121658325,1.2654762268066406,0.6500707864761353,0.5954180359840393,0.7665824890136719,0.9455999135971069,0.7410472631454468
1964,1.348008155822754,0.8926753997802734,0.9120363593101501,0.8787816762924194,1.099493145942688,0.6492897272109985,0.9428696632385254,0.6683894991874695,0.8730079531669617,0.8387652039527893
1965,2.4823532104492188,1.6025506258010864,1.2737059593200684,1.3091872930526733,1.8500689268112183,0.6484437584877014,0.6432188153266907,1.1710891723632812,1.2029650211334229,0.5849685668945312
1966,1.6168698072433472,1.0211235284805298,0.7960523962974548,0.8083092570304871,1.2603468894958496,0.5211553573608398,0.7370938062667847,0.7383944988250732,0.885404646396637,0.5076828598976135
1967,1.4896414279937744,0.8356990814208984,0.7771151661872864,0.9204727411270142,1.2442032098770142,0.6773634552955627,0.7758311033248901,0.8653469085693359,0.8443464636802673,0.6206075549125671
1968,2.1066677570343018,1.0731585025787354,0.992286741733551,0.9514455795288086,1.2677291631698608,0.7314086556434631,0.7717702984809875,0.9872413277626038,0.9756362438201904,0.7537058591842651
1969,1.3121142387390137,1.0163254737854004,1.1151829957962036,1.1905906200408936,1.8884813785552979,0.5371338725090027,0.9397475719451904,1.0355252027511597,1.6455023288726807,0.6244659423828125
1970,2.132640838623047,1.4675101041793823,1.4633699655532837,1.1418473720550537,1.6552295684814453,0.49931031465530396,0.8369272947311401,1.194623589515686,1.0066816806793213,0.6063553094863892
1971,2.178056478500366,1.5693323612213135,1.0703765153884888,0.9817376732826233,2.134620428085327,0.5036024451255798,0.6345203518867493,1.061262845993042,1.230298399925232,0.734991729259491
1972,1.3135030269622803,0.9177565574645996,0.8425908088684082,1.0995464324951172,1.2460741996765137,0.6051798462867737,0.7491943836212158,1.0086334943771362,1.005365252494812,1.0754929780960083
1973,1.8350462913513184,1.078165054321289,0.876454770565033,1.0233889818191528,1.4175139665603638,0.5887932777404785,0.9313962459564209,1.0801094770431519,1.091166615486145,0.8077659010887146
1974,1.630896806716919,1.0663750171661377,1.2596867084503174,1.1536498069763184,1.5636447668075562,0.4747057259082794,0.6774429678916931,0.9498773813247681,1.1394058465957642,0.7211360335350037
1975,1.4712363481521606,0.8082502484321594,0.725218653678894,0.9597494006156921,1.1700239181518555,0.4493900537490845,0.8214890956878662,0.8582313656806946,0.9584916830062866,0.8792117834091187
1976,1.2961596250534058,0.911344051361084,0.9185378551483154,0.9525311589241028,0.9401015043258667,0.5168049931526184,0.8739185333251953,0.9575631022453308,0.7456883192062378,1.0074487924575806
1977,1.7541571855545044,0.896135687828064,0.9049233198165894,0.9213478565216064,1.2902922630310059,0.550675630569458,0.7905523777008057,1.0365687608718872,1.0491994619369507,0.8116832375526428
1978,0.8619186282157898,0.9229702949523926,0.8820254802703857,0.9512231349945068,0.9662102460861206,0.5911162495613098,0.7154830098152161,0.8824512362480164,0.8877785205841064,1.0653315782546997
1979,0.7199146747589111,0.6950191855430603,0.6458386778831482,0.7955480217933655,0.6203580498695374,0.627194344997406,1.015819787979126,0.7952436208724976,0.7312350869178772,1.0062878131866455
1980,1.0434242486953735,0.9269530773162842,0.6533532738685608,0.8494220972061157,0.8946316242218018,0.549150288105011,0.8439792394638062,0.738874077796936,0.8109933733940125,0.7723913192749023
1981,1.0072773694992065,0.8443019986152649,0.8498305082321167,1.0664598941802979,0.9975813031196594,0.5798553824424744,0.9280823469161987,0.7538475394248962,0.9343039393424988,0.8172904253005981
1982,1.548831820487976,1.162597417831421,0.7152292728424072,0.8883779644966125,1.590584397315979,0.6782681345939636,0.8769406676292419,1.146300196647644,1.1745086908340454,1.0300527811050415
1983,1.4773292541503906,1.4218242168426514,0.987804651260376,1.172745943069458,1.4744096994400024,0.5840654373168945,1.524881362915039,1.4150124788284302,1.2002590894699097,0.6508564949035645
1984,0.5722292065620422,0.4408803880214691,0.4780275523662567,0.7003509998321533,0.6026836633682251,0.5507018566131592,0.5624622702598572,0.5495712757110596,0.5124661326408386,0.8790410757064819
1985,1.2241132259368896,0.8182239532470703,0.7285283803939819,0.8986601829528809,0.7852243185043335,0.6973659992218018,0.8918102979660034,0.9610766172409058,0.7101303339004517,1.2061349153518677
1986,1.0757218599319458,0.8359482288360596,0.8546167612075806,1.13620924949646,0.8921863436698914,0.48256412148475647,1.0089421272277832,0.9200778603553772,0.6835061311721802,0.9470192193984985
1987,1.799871802330017,1.3182097673416138,0.7127468585968018,0.8830861449241638,1.6134769916534424,0.6902000308036804,1.3894654512405396,1.22957181930542,1.310582160949707,0.802291750907898
1988,1.0591483116149902,0.904890775680542,0.9020208716392517,1.0066815614700317,0.9951538443565369,0.5622991919517517,1.0822190046310425,0.8813289999961853,1.0466670989990234,0.9280533194541931
1989,1.1563230752944946,1.086487889289856,1.120313048362732,1.1222747564315796,1.3009777069091797,0.5914534330368042,1.1003456115722656,0.8324118256568909,0.8757415413856506,1.0518745183944702
1990,1.236364483833313,0.9564661383628845,0.740317165851593,0.9239472150802612,1.139377236366272,0.6410982608795166,1.042410135269165,0.9089544415473938,0.8648006916046143,1.0298519134521484
1991,1.3068745136260986,1.260257363319397,1.0259983539581299,1.15753972530365,1.6564273834228516,0.8033616542816162,1.7595548629760742,1.4087837934494019,1.4790738821029663,1.173266887664795
1992,0.7613014578819275,0.6120750308036804,0.9481830596923828,0.7188230752944946,0.685863196849823,0.672461211681366,0.643826425075531,0.7293190956115723,0.6083785891532898,1.2378560304641724
1993,1.1066943407058716,0.8780856728553772,0.720240592956543,0.9476203322410583,0.8379814028739929,0.387118935585022,1.12008798122406,0.8936875462532043,0.9844138026237488,0.7660255432128906
1994,1.0477784872055054,1.0151269435882568,0.6703001260757446,1.3522372245788574,0.9130866527557373,0.5309874415397644,1.533843755722046,1.1433169841766357,1.0565502643585205,0.7429450154304504
1995,1.1288509368896484,1.4914473295211792,0.8434949517250061,1.2179718017578125,1.0261952877044678,0.7199012637138367,1.493430733680725,1.0157232284545898,1.12492036819458,0.8305027484893799
1996,0.6853901147842407,0.689699649810791,0.5233588814735413,0.7468686103820801,0.721419095993042,0.5155493021011353,0.8499482870101929,0.7010626792907715,0.800783634185791,0.9984861016273499
1997,0.8643449544906616,1.1820855140686035,0.864779531955719,0.9928709864616394,1.064146637916565,0.5224946141242981,1.3307846784591675,0.934200644493103,0.9826081991195679,0.8662340044975281
1998,0.7355855703353882,0.9140356779098511,0.7373904585838318,1.0195318460464478,0.7983814477920532,0.5522430539131165,1.0450317859649658,0.8861072063446045,1.096030592918396,1.2661125659942627
1999,0.6885114312171936,0.7637255191802979,0.8040105700492859,0.9673518538475037,0.6144635677337646,0.48915576934814453,0.9098489284515381,0.5877556800842285,0.6933730244636536,0.7449676394462585
2000,0.782608687877655,1.3906400203704834,0.6941709518432617,0.9836114645004272,0.7769300937652588,0.7328978180885315,1.30958890914917,1.007243037223816,1.169270634651184,1.052319884300232
2001,0.8722783923149109,1.2651724815368652,0.8714945912361145,1.1556506156921387,1.565614104270935,0.6490987539291382,1.3570194244384766,0.8345516920089722,1.2786115407943726,0.9951949119567871
2002,0.9408344626426697,1.154840350151062,0.6828321218490601,1.0171486139297485,0.8735281825065613,0.525605320930481,1.124311089515686,0.8020095229148865,1.1441123485565186,1.0958788394927979
2003,0.9941413402557373,1.1809577941894531,0.7861254811286926,1.4195353984832764,0.9599834680557251,0.7750133275985718,1.382711410522461,0.8687307834625244,1.3648473024368286,1.1984014511108398
2004,0.8408787250518799,0.8803098797798157,0.6520730257034302,0.9086554646492004,0.8640421628952026,0.5571743249893188,0.9010379910469055,0.7407003045082092,0.9555779695510864,0.8626134395599365
2005,1.0209484100341797,1.312458872795105,0.7832043170928955,1.145269751548767,0.7865301370620728,0.6345119476318359,1.5612916946411133,1.0421521663665771,1.581894874572754,1.069196105003357
2006,0.8901154398918152,1.0298306941986084,0.9299014806747437,0.965689480304718,0.8552806377410889,0.7279866933822632,1.1246109008789062,0.9716967344284058,1.1897130012512207,0.8507614135742188
2007,0.9197229146957397,0.9573051929473877,0.8277631402015686,1.066368579864502,0.6986084580421448,0.4647718071937561,0.8886197805404663,0.7606162428855896,1.1915092468261719,0.8454055786132812
2008,1.2850455045700073,1.705820918083191,0.8415982127189636,1.280482530593872,0.8857004642486572,0.6707611680030823,1.0288945436477661,0.9177973866462708,1.3372243642807007,1.1905760765075684
2009,0.8810844421386719,0.9606003165245056,0.7281229496002197,1.1051571369171143,0.6036195158958435,0.4939958453178406,0.8846559524536133,0.7364530563354492,1.1228601932525635,0.6282371282577515
2010,1.0964518785476685,0.9171943664550781,1.0467392206192017,0.8363690972328186,0.9102168083190918,0.7334014177322388,1.2516305446624756,1.0449336767196655,1.727364420890808,1.065849781036377
2011,0.8272568583488464,0.941253125667572,0.8296334147453308,1.0905966758728027,0.6906370520591736,0.6930251717567444,0.9165869951248169,1.11833918094635,1.684576392173767,0.9795233607292175
2012,0.6404290795326233,0.891730546951294,0.800340473651886,0.8728535771369934,0.6961961388587952,0.4839099049568176,0.7597326636314392,0.8209659457206726,1.4355037212371826,0.6213022470474243
2013,0.7609351277351379,0.8478755354881287,0.7869390249252319,1.0764483213424683,0.7792864441871643,0.5201373100280762,1.3159476518630981,1.0275596380233765,1.4412049055099487,0.7878730297088623
2014,0.7655267715454102,0.8634335398674011,0.6292033195495605,0.9168186187744141,0.8490875959396362,0.5729176998138428,0.9075340032577515,0.8896799683570862,1.28205144405365,0.6967273354530334
2015,1.0072745084762573,1.0936988592147827,0.6618383526802063,1.0759737491607666,0.8495998382568359,0.6164750456809998,0.9981904625892639,0.847694456577301,1.1199289560317993,0.8444739580154419
2016,1.0583287477493286,0.9472315311431885,0.7475577592849731,0.8824838399887085,0.9715609550476074,0.4865281581878662,0.8057944774627686,0.5848921537399292,1.0026867389678955,0.5473960041999817
2017,0.7770591974258423,0.7272513508796692,0.9020074009895325,0.9717258810997009,0.6533108949661255,0.5837926864624023,0.8186154365539551,0.6552916169166565,0.81085205078125,0.5611916184425354
2018,1.2051228284835815,0.9874997735023499,0.6081059575080872,0.9894928336143494,0.6360898613929749,0.4551803171634674,0.6970148086547852,0.5781703591346741,1.014803409576416,0.5592115521430969
2019,1.0718940496444702,1.0275003910064697,0.8282538652420044,0.9828935265541077,1.003296136856079,0.4202471375465393,0.5370868444442749,0.6679809093475342,0.9760531187057495,0.8471299409866333
2020,0.9003453850746155,1.1968121528625488,0.8105524182319641,0.9626777172088623,0.5331428050994873,0.614212691783905,0.6317252516746521,0.6604872941970825,1.0877412557601929,0.7400996685028076
2021,0,0.7697228789329529,0.9770525097846985,0.6986008286476135,0,0.6132457852363586,0.4779033362865448,0.6219040751457214,1.237633228302002,0.6484473943710327