year,DhAPA06_,DhAPA07_,DhAPA08_,DhAPA09_,DhAPA10_,DhAPA11_,DhAPA13_,DhAPA15_,DhAPA17_,DhAPA19_
1697,0,0,0,15.760477066040039
1698,19.356149673461914,0,0,16.138227462768555
1699,21.54632568359375,0,23.917856216430664,20.311710357666016
1700,24.095413208007812,0,21.04551887512207,22.52033233642578
1701,27.30588150024414,0,22.820404052734375,21.16069793701172
1702,28.687944412231445,0,23.831560134887695,22.23855209350586
1703,28.385290145874023,0,25.1563777923584,21.12077522277832
1704,28.190227508544922,0,26.56008529663086,23.277271270751953
1705,29.577775955200195,0,27.719547271728516,27.898399353027344,0,0,20.812442779541016
1706,29.03531837463379,0,26.264925003051758,27.48811912536621,0,0,19.649925231933594
1707,27.840185165405273,0,28.2231388092041,28.30982780456543,0,0,22.039215087890625
1708,28.89539337158203,0,28.282745361328125,27.78915786743164,0,0,22.072099685668945
1709,27.430192947387695,0,27.993392944335938,27.495487213134766,0,0,25.41634750366211
1710,26.40367889404297,0,25.369104385375977,27.033700942993164,0,0,24.814044952392578
1711,27.556943893432617,0,27.228187561035156,29.8204345703125,0,0,24.76668930053711
1712,26.27609634399414,0,26.594079971313477,28.884408950805664,0,29.441272735595703,23.3687801361084
1713,28.919889450073242,0,27.822364807128906,29.597326278686523,0,26.88616180419922,23.15617561340332
1714,25.917638778686523,0,27.453338623046875,28.53831672668457,0,23.078706741333008,22.772567749023438
1715,28.680835723876953,0,25.567123413085938,30.005786895751953,0,26.99637222290039,25.72484588623047
1716,29.84532356262207,0,27.685606002807617,30.29754638671875,0,26.119470596313477,21.90354347229004
1717,27.36153793334961,0,27.322126388549805,30.76803207397461,0,25.030290603637695,24.981630325317383
1718,26.856708526611328,0,27.430496215820312,30.9309024810791,0,26.63033676147461,24.26763153076172
1719,26.891239166259766,0,29.035133361816406,29.951370239257812,0,26.326765060424805,24.48682975769043
1720,27.844226837158203,0,27.435110092163086,30.077192306518555,0,28.24186134338379,25.67764663696289
1721,27.606788635253906,0,25.570541381835938,0,0,27.259183883666992,27.82758331298828,0,17.566526412963867
1722,26.443593978881836,0,24.81053352355957,29.5382137298584,0,27.668188095092773,27.17110824584961,0,25.008926391601562
1723,27.413829803466797,0,20.497055053710938,30.067142486572266,0,28.397550582885742,28.915143966674805,0,23.727373123168945
1724,26.638294219970703,0,29.45767593383789,28.455270767211914,0,28.786012649536133,20.274066925048828,0,24.43911361694336
1725,29.190595626831055,26.405475616455078,24.98821258544922,28.691986083984375,0,29.228473663330078,26.91533088684082,0,23.848155975341797
1726,27.90083122253418,25.47066879272461,24.451683044433594,31.425756454467773,0,27.924779891967773,27.00372314453125,0,24.548213958740234
1727,28.582286834716797,25.186077117919922,28.923086166381836,29.859970092773438,0,28.652759552001953,28.920734405517578,0,24.41927719116211
1728,28.627458572387695,27.380054473876953,31.8758544921875,30.23656463623047,0,29.359296798706055,29.045318603515625,0,26.3747501373291
1729,28.501317977905273,26.92746353149414,31.090320587158203,0,0,30.545106887817383,25.94291877746582,17.63443374633789,26.321311950683594
1730,28.614795684814453,28.59648323059082,30.366453170776367,31.737394332885742,0,29.875337600708008,27.3339786529541,17.64704704284668,26.732711791992188
1731,0,27.81265640258789,30.472532272338867,32.588218688964844,0,27.793611526489258,26.673851013183594,18.311094284057617,26.13051414489746
1732,29.79810333251953,27.53650665283203,32.10500717163086,31.977619171142578,0,27.683364868164062,29.747438430786133,19.621898651123047,27.283143997192383
1733,25.867612838745117,27.063549041748047,30.819963455200195,31.262958526611328,0,27.987966537475586,27.848678588867188,19.688533782958984,26.815988540649414
1734,27.137792587280273,0,30.33864974975586,30.990121841430664,0,27.174396514892578,28.46916961669922,22.431760787963867,28.69392204284668
1735,29.72468376159668,27.66542625427246,32.668148040771484,32.96982192993164,0,28.463645935058594,28.880117416381836,22.63326644897461,28.892366409301758
1736,28.530235290527344,27.09056854248047,31.723054885864258,30.85671043395996,0,27.425947189331055,24.631023406982422,23.158411026000977,28.43997573852539
1737,29.297008514404297,26.99535369873047,32.34794998168945,33.13987350463867,0,26.51910400390625,26.193281173706055,23.969844818115234,27.558673858642578
1738,30.369483947753906,28.6372127532959,32.80203628540039,34.26740646362305,0,28.014877319335938,26.448314666748047,23.841005325317383,28.506053924560547,30.610599517822266
1739,31.480356216430664,30.552419662475586,32.53939437866211,32.763404846191406,20.428144454956055,27.36084747314453,24.5245361328125,22.81523323059082,29.647262573242188,32.697147369384766
1740,31.737855911254883,29.811412811279297,33.56889343261719,32.32572555541992,20.701658248901367,30.103336334228516,25.419017791748047,25.142160415649414,30.92467498779297,32.00383377075195
1741,29.64769172668457,27.67996597290039,31.098962783813477,31.419410705566406,20.084177017211914,27.963850021362305,27.08216667175293,24.91474723815918,29.462772369384766,31.609634399414062
1742,29.88692855834961,30.245391845703125,31.542648315429688,32.09766387939453,21.147857666015625,32.26039123535156,27.67930030822754,26.99321937561035,32.403297424316406,31.748897552490234
1743,30.05744171142578,29.95713996887207,31.72423553466797,31.062482833862305,20.7966365814209,32.287193298339844,27.955524444580078,26.159799575805664,33.17742919921875,30.623842239379883
1744,29.130794525146484,30.678489685058594,31.65011978149414,30.840972900390625,20.957258224487305,30.987442016601562,28.39875030517578,24.591976165771484,27.511863708496094,28.404809951782227
1745,29.073566436767578,29.83502197265625,32.195621490478516,31.08432388305664,21.884374618530273,31.91914176940918,29.83695411682129,26.026140213012695,30.207937240600586,30.024736404418945
1746,29.404773712158203,30.654985427856445,32.73353576660156,32.72911071777344,22.790393829345703,31.73931884765625,29.69188690185547,25.365339279174805,29.297422409057617,29.69575309753418
1747,27.92039680480957,26.991731643676758,32.330543518066406,30.42597198486328,23.569246292114258,30.965852737426758,28.248565673828125,26.04701042175293,29.227022171020508,29.538612365722656
1748,29.163944244384766,28.518714904785156,29.332042694091797,30.043182373046875,22.963478088378906,31.010833740234375,29.000782012939453,26.409547805786133,31.480592727661133,28.716753005981445
1749,29.96245002746582,27.562183380126953,33.139034271240234,31.35481834411621,22.630537033081055,30.769245147705078,28.03543472290039,28.010799407958984,31.198633193969727,29.35498046875
1750,29.667865753173828,29.53676986694336,33.9212760925293,32.21205139160156,22.47953987121582,31.216337203979492,29.03437614440918,28.208667755126953,29.832590103149414,28.822057723999023
1751,29.727706909179688,27.063430786132812,32.24171829223633,31.273052215576172,23.2125244140625,27.271799087524414,28.385095596313477,28.68548011779785,26.717222213745117,29.722675323486328
1752,31.148530960083008,27.454132080078125,32.88496017456055,32.02232360839844,22.541610717773438,31.336223602294922,29.99822425842285,25.745004653930664,29.17028045654297,30.74790382385254
1753,30.06473731994629,28.91607666015625,32.1724967956543,33.31481170654297,23.661277770996094,30.208324432373047,32.5637321472168,26.962493896484375,28.906965255737305,31.66225814819336
1754,27.682493209838867,31.701522827148438,34.70240020751953,34.88093185424805,25.23542022705078,28.50570297241211,31.888822555541992,27.055774688720703,32.1021842956543,30.225181579589844
1755,30.836078643798828,0,31.787010192871094,33.76653289794922,26.026123046875,27.954444885253906,32.04507064819336,25.70539665222168,0,30.19561004638672
1756,31.51750946044922,0,31.81130027770996,34.31956100463867,0,31.36868667602539,33.006446838378906,25.72165298461914,0,29.929521560668945
1757,31.886600494384766,28.729333877563477,33.650272369384766,0,25.333425521850586,32.87294006347656,31.258697509765625,25.115436553955078,31.016651153564453,32.25444030761719
1758,33.58084487915039,26.970155715942383,33.9325065612793,31.231382369995117,25.186634063720703,32.516014099121094,30.894512176513672,25.73544692993164,29.090335845947266,32.00360107421875
1759,30.642637252807617,25.81831169128418,33.3168830871582,32.2827033996582,24.13503074645996,30.57179832458496,31.28309440612793,25.57440948486328,31.07865333557129,29.812667846679688
1760,33.38874816894531,26.078704833984375,30.934391021728516,33.35920715332031,24.1059513092041,30.131467819213867,32.0948600769043,25.56014633178711,28.484508514404297,31.825138092041016
1761,30.669275283813477,27.023082733154297,32.57061004638672,33.69970703125,25.401023864746094,32.74195098876953,31.159351348876953,26.164777755737305,30.187515258789062,32.37217712402344
1762,30.422489166259766,27.262985229492188,33.59982681274414,31.2274169921875,24.911100387573242,30.50885772705078,30.64023780822754,26.8522891998291,30.741239547729492,32.23835372924805
1763,29.862293243408203,23.650903701782227,35.46661376953125,32.83327102661133,24.855663299560547,0,30.507034301757812,25.939022064208984,30.329586029052734,30.595001220703125
1764,32.749942779541016,25.595264434814453,35.2568473815918,30.730180740356445,26.065553665161133,30.7451114654541,30.885643005371094,27.66905403137207,26.746891021728516,29.03190040588379
1765,30.191041946411133,25.20296287536621,33.57624053955078,32.30403518676758,26.91640853881836,29.667020797729492,30.141469955444336,29.011703491210938,27.59218406677246,30.696792602539062
1766,30.679941177368164,24.066564559936523,32.713462829589844,30.90220832824707,27.49063491821289,30.863731384277344,30.9188232421875,26.90924835205078,32.88138198852539,29.976869583129883
1767,31.1669979095459,26.395509719848633,34.31154251098633,30.781028747558594,26.90317153930664,29.7799015045166,29.849687576293945,27.856061935424805,32.47291946411133,30.0604190826416
1768,32.254695892333984,30.389127731323242,35.25259017944336,28.23050880432129,26.86686897277832,32.19999694824219,32.00827407836914,28.627910614013672,31.725505828857422,29.968463897705078
1769,31.792404174804688,29.625083923339844,32.015743255615234,29.286191940307617,27.200763702392578,30.629310607910156,29.512434005737305,26.396379470825195,32.125789642333984,30.922029495239258
1770,32.43715286254883,28.310760498046875,33.218711853027344,30.507905960083008,27.324920654296875,27.295734405517578,32.525516510009766,28.535581588745117,32.53667068481445,31.3541316986084
1771,30.9864559173584,0,33.791053771972656,29.840408325195312,27.057979583740234,28.92156982421875,34.064754486083984,26.530189514160156,32.95038604736328,31.144847869873047
1772,33.043094635009766,0,34.021297454833984,31.965545654296875,24.44525146484375,30.438013076782227,30.02967643737793,28.859607696533203,32.2210807800293,31.687713623046875
1773,31.304065704345703,0,33.335994720458984,31.22827911376953,26.60292625427246,30.167020797729492,33.498191833496094,27.464887619018555,31.075231552124023,30.867755889892578
1774,32.28242492675781,31.924421310424805,34.29143524169922,31.16831398010254,25.205595016479492,32.20062255859375,34.615814208984375,30.3655948638916,29.43108367919922,31.004844665527344
1775,32.98873519897461,28.655115127563477,32.04630661010742,29.32904052734375,24.502140045166016,28.427133560180664,30.743040084838867,29.993732452392578,29.727811813354492,29.350507736206055
1776,32.49443435668945,29.973051071166992,31.836286544799805,33.427364349365234,23.770734786987305,30.392372131347656,33.377296447753906,28.00502586364746,30.060317993164062,30.173460006713867
1777,32.39470291137695,28.430639266967773,33.47039794921875,32.955223083496094,27.732463836669922,29.983999252319336,30.94931983947754,28.1965389251709,30.53306007385254,30.080717086791992
1778,33.903785705566406,28.902589797973633,33.70751190185547,32.74605941772461,28.282188415527344,29.82355499267578,32.88214111328125,28.113046646118164,29.137210845947266,31.84041976928711
1779,33.657466888427734,25.82990837097168,35.417091369628906,32.113487243652344,27.27623748779297,29.891450881958008,31.323497772216797,27.620616912841797,30.933979034423828,29.45890235900879
1780,31.76197052001953,27.98640251159668,34.85509490966797,33.01484298706055,29.375755310058594,28.99894142150879,33.033363342285156,27.639055252075195,30.889352798461914,29.22422981262207
1781,33.46590042114258,29.573434829711914,32.61545181274414,34.48843002319336,26.99432373046875,28.86304473876953,30.053712844848633,26.535860061645508,31.425952911376953,29.27767562866211
1782,34.0653190612793,30.224748611450195,32.63362121582031,33.32917404174805,27.943580627441406,32.002342224121094,28.00528907775879,26.816314697265625,31.494121551513672,30.65198516845703
1783,32.74753189086914,30.061878204345703,32.31310272216797,33.952213287353516,26.62409782409668,30.56121826171875,29.020492553710938,27.17780113220215,31.43021583557129,30.246898651123047
1784,33.895835876464844,28.81235694885254,32.82340621948242,33.94953536987305,24.141197204589844,32.263648986816406,30.37769317626953,23.620059967041016,31.63840675354004,30.6811580657959
1785,34.373741149902344,28.446247100830078,32.96641540527344,32.7593994140625,27.301366806030273,29.366352081298828,31.74687957763672,27.651891708374023,32.34994888305664,28.48501205444336
1786,32.06681442260742,27.899036407470703,31.855070114135742,35.15180587768555,27.46525764465332,29.546640396118164,30.054885864257812,26.314489364624023,31.905975341796875,28.801820755004883
1787,31.21530532836914,30.47470474243164,30.847787857055664,32.633995056152344,27.160919189453125,27.94869041442871,29.571697235107422,27.497451782226562,31.84832191467285,27.539600372314453
1788,33.626312255859375,31.431154251098633,32.70692825317383,33.307010650634766,27.32945442199707,26.855762481689453,29.52216911315918,26.976274490356445,32.188865661621094,28.243810653686523
1789,31.774572372436523,25.778982162475586,30.90751075744629,31.60424041748047,26.234251022338867,27.791536331176758,30.982868194580078,27.13672637939453,30.876007080078125,28.419448852539062
1790,28.383718490600586,28.481245040893555,30.169111251831055,33.11922836303711,24.55099105834961,25.365861892700195,27.71263313293457,22.062284469604492,26.40972900390625,29.726823806762695
1791,31.155099868774414,30.510414123535156,33.150577545166016,31.28036117553711,26.929109573364258,27.376541137695312,32.5807991027832,27.54026222229004,32.01082992553711,28.196937561035156
1792,29.937841415405273,30.27688980102539,32.413475036621094,31.81121063232422,26.10532569885254,28.584253311157227,30.98198699951172,27.345552444458008,29.790422439575195,29.342382431030273
1793,31.39539909362793,32.2374267578125,32.194305419921875,33.05908966064453,26.055469512939453,28.373884201049805,31.901071548461914,26.96085548400879,30.82602882385254,30.574520111083984
1794,32.457557678222656,31.051523208618164,32.47873306274414,34.11738204956055,26.063711166381836,28.5744686126709,29.1484432220459,26.162128448486328,31.211658477783203,29.44430923461914
1795,29.55833625793457,21.84214973449707,31.197433471679688,33.26634979248047,24.352741241455078,26.812562942504883,32.08444595336914,27.629945755004883,32.510650634765625,28.016389846801758
1796,32.02353286743164,29.986618041992188,32.00650405883789,31.24460792541504,26.647459030151367,28.79372215270996,30.992694854736328,23.70577049255371,31.734981536865234,29.20375633239746
1797,32.82316589355469,30.853975296020508,32.64994812011719,35.15501022338867,27.805952072143555,30.405746459960938,33.36572265625,25.89673614501953,30.16606903076172,30.892566680908203
1798,32.54810333251953,29.85055160522461,32.7973747253418,32.738494873046875,26.151906967163086,30.4554443359375,31.809999465942383,22.272138595581055,30.985748291015625,30.421058654785156
1799,30.530807495117188,32.16988754272461,34.434715270996094,36.164241790771484,27.98047637939453,28.89570426940918,31.156909942626953,22.709171295166016,30.448272705078125,30.490991592407227
1800,33.36433792114258,31.034406661987305,32.4407844543457,35.28264236450195,27.399429321289062,28.765336990356445,32.434814453125,24.941261291503906,30.71358871459961,29.809341430664062
1801,32.91994857788086,29.703575134277344,31.114463806152344,33.775508880615234,26.028409957885742,29.17811393737793,31.95229148864746,23.307937622070312,31.51111602783203,30.551494598388672
1802,31.84942054748535,28.8701114654541,31.97820281982422,34.889747619628906,26.793603897094727,28.56165313720703,31.947649002075195,20.311031341552734,30.929067611694336,31.143972396850586
1803,33.18524169921875,29.982486724853516,31.306198120117188,34.26316452026367,25.940147399902344,28.392276763916016,33.760623931884766,22.03474235534668,31.569517135620117,29.951068878173828
1804,31.564943313598633,30.427637100219727,31.281145095825195,33.97517013549805,27.2226505279541,27.76176643371582,32.23597717285156,16.493236541748047,31.3270320892334,28.19077491760254
1805,32.5226936340332,31.950708389282227,32.548980712890625,35.895713806152344,28.739070892333984,29.37299346923828,31.02585792541504,24.964698791503906,29.807628631591797,29.595102310180664
1806,31.75755500793457,29.073484420776367,31.519834518432617,32.14622116088867,20.332489013671875,27.482637405395508,29.262598037719727,24.88682746887207,29.3605899810791,27.33450698852539
1807,30.683666229248047,30.651365280151367,32.992034912109375,34.83440017700195,27.548683166503906,30.060718536376953,30.439435958862305,21.270429611206055,30.559555053710938,28.052749633789062
1808,32.10941696166992,31.77318000793457,33.110328674316406,33.57320785522461,28.557767868041992,29.93961524963379,29.003652572631836,23.486064910888672,30.44287872314453,29.83658790588379
1809,30.877399444580078,32.38079071044922,32.6445426940918,34.91708755493164,29.23438262939453,28.697710037231445,30.769214630126953,25.549386978149414,29.58388900756836,29.0504093170166
1810,32.090721130371094,31.84486198425293,32.99147415161133,35.02375030517578,27.021238327026367,30.249820709228516,31.038555145263672,18.238672256469727,32.11628341674805,28.710853576660156
1811,32.269981384277344,31.812232971191406,31.94911766052246,33.90804672241211,29.693328857421875,29.276968002319336,31.63789939880371,24.461109161376953,30.8900146484375,29.455516815185547
1812,30.04090690612793,30.87303924560547,33.10785675048828,34.870391845703125,29.60895347595215,29.09741973876953,32.41602325439453,21.994304656982422,32.28030014038086,27.70257568359375
1813,31.15569496154785,28.288537979125977,31.77978515625,32.33745193481445,24.01812171936035,29.12916374206543,35.0641975402832,22.869827270507812,32.731021881103516,25.679283142089844
1814,29.973621368408203,32.25651931762695,32.184181213378906,33.78937911987305,31.434497833251953,30.427791595458984,34.92135238647461,26.403257369995117,31.373279571533203,27.158832550048828
1815,30.84372901916504,32.03704833984375,32.89126205444336,35.389190673828125,29.06146240234375,32.030887603759766,35.52023696899414,25.226795196533203,30.302669525146484,28.395397186279297
1816,30.619815826416016,33.33001708984375,32.5600700378418,34.236045837402344,29.530622482299805,31.034500122070312,34.01530456542969,27.225154876708984,29.92131233215332,27.918943405151367
1817,28.73973274230957,32.47438049316406,32.3021240234375,34.9246940612793,28.847904205322266,31.83403778076172,32.3979377746582,27.591995239257812,30.62259864807129,27.406269073486328
1818,30.278274536132812,31.734386444091797,33.52739334106445,34.34392547607422,30.988983154296875,32.53253173828125,33.06831359863281,26.317190170288086,29.051597595214844,28.807584762573242
1819,30.958175659179688,33.888153076171875,32.13987350463867,35.65219497680664,31.291690826416016,31.92784881591797,32.0003662109375,27.612537384033203,29.096458435058594,29.294706344604492
1820,31.05034637451172,33.41814041137695,32.2159538269043,34.62894058227539,30.841171264648438,31.465829849243164,31.65778350830078,25.101638793945312,30.35049057006836,29.366207122802734
1821,32.57392501831055,28.43503761291504,33.40671157836914,36.49252700805664,30.355913162231445,32.31731414794922,33.34825897216797,27.92002296447754,31.43204116821289,29.374248504638672
1822,32.09474182128906,31.10845947265625,33.56698226928711,36.954410552978516,31.640344619750977,33.382755279541016,28.884796142578125,23.58905601501465,29.417522430419922,29.694185256958008
1823,32.20359420776367,34.3211555480957,33.444725036621094,35.83458709716797,31.395559310913086,33.323856353759766,30.219636917114258,23.123931884765625,30.596099853515625,28.74418830871582
1824,31.83513069152832,33.46052551269531,33.810035705566406,35.34774398803711,31.630098342895508,34.26972579956055,34.15061569213867,24.015087127685547,30.803369522094727,29.536026000976562
1825,27.73163414001465,32.45829391479492,33.98516845703125,35.195648193359375,31.331693649291992,33.97209167480469,31.186887741088867,28.215614318847656,31.659507751464844,30.231836318969727
1826,32.43819046020508,0,35.29123306274414,35.80762481689453,33.31133270263672,33.08473205566406,30.314472198486328,27.275283813476562,30.639942169189453,31.16657829284668
1827,34.811614990234375,0,28.72247886657715,33.2411003112793,33.83993148803711,32.34014892578125,31.27249526977539,24.961238861083984,28.74530029296875,30.246997833251953
1828,33.35673522949219,0,32.07981872558594,32.01108169555664,32.037784576416016,34.9019775390625,29.28474235534668,22.596521377563477,31.82181739807129,31.054746627807617
1829,34.165748596191406,34.184791564941406,33.13471603393555,32.3658332824707,32.86257553100586,33.32318878173828,28.887649536132812,27.311037063598633,30.749656677246094,29.884002685546875
1830,32.39487838745117,29.95096778869629,33.364864349365234,34.25761413574219,33.432228088378906,32.419395446777344,26.890724182128906,27.036426544189453,29.27137565612793,30.775733947753906
1831,0,30.186254501342773,33.459381103515625,32.544677734375,32.23884201049805,35.93201446533203,27.297760009765625,24.93820571899414,30.15314483642578,30.05660629272461
1832,27.01625633239746,30.4118709564209,30.794782638549805,34.98476791381836,31.230825424194336,33.5313606262207,31.604530334472656,27.516504287719727,30.256023406982422,30.78215789794922
1833,31.87378692626953,31.66512680053711,34.32403564453125,37.7126350402832,32.559940338134766,33.6707878112793,28.6867733001709,27.12982177734375,31.865642547607422,32.07329177856445
1834,31.910905838012695,29.917301177978516,33.679107666015625,36.53120803833008,31.211156845092773,33.34690475463867,20.503690719604492,23.953086853027344,29.86311149597168,31.6530818939209
1835,29.664953231811523,32.22583770751953,32.48948669433594,36.04375076293945,32.823123931884766,32.76999282836914,27.408388137817383,27.022626876831055,32.50872802734375,31.02522850036621
1836,31.31948471069336,29.7522029876709,32.905792236328125,35.80558776855469,29.655548095703125,32.547950744628906,30.417259216308594,26.782699584960938,31.163532257080078,30.146541595458984
1837,29.929872512817383,30.606000900268555,31.41091537475586,32.906681060791016,28.697444915771484,32.708866119384766,32.5625114440918,26.609939575195312,32.423301696777344,29.16935157775879
1838,29.452733993530273,29.749202728271484,31.112794876098633,32.29800033569336,31.41608238220215,32.484230041503906,32.45130920410156,25.099998474121094,30.848562240600586,29.700231552124023
1839,29.818117141723633,29.50965118408203,31.245935440063477,34.76240921020508,31.969379425048828,31.110971450805664,34.62963104248047,28.11586570739746,30.559091567993164,28.57423210144043
1840,28.77300262451172,27.86380386352539,32.8427848815918,35.87559509277344,33.48746109008789,33.894447326660156,32.683040618896484,27.819721221923828,31.058452606201172,32.05256271362305
1841,28.816986083984375,28.797157287597656,31.543733596801758,33.784271240234375,31.605897903442383,34.03239059448242,32.280723571777344,25.003320693969727,30.31315803527832,32.36143112182617
1842,29.3241024017334,28.46575355529785,33.708824157714844,35.935726165771484,31.459203720092773,34.79936218261719,31.457895278930664,25.244169235229492,32.166648864746094,32.16069793701172
1843,29.92767333984375,30.240299224853516,34.29859924316406,36.40245056152344,31.130661010742188,34.43583297729492,32.16659164428711,26.91229820251465,30.229185104370117,32.91507339477539
1844,29.065614700317383,29.45154571533203,33.39398193359375,36.44485092163086,29.587608337402344,33.524410247802734,33.14091873168945,19.60140609741211,30.129377365112305,30.074689865112305
1845,29.64809226989746,30.45541763305664,34.27363586425781,36.427589416503906,30.686050415039062,33.2556266784668,31.44257164001465,26.066694259643555,31.216028213500977,30.479578018188477
1846,30.144742965698242,29.39573097229004,33.4957389831543,35.36669921875,26.054086685180664,30.9476375579834,34.45706558227539,24.113082885742188,30.887969970703125,30.68058967590332
1847,30.073301315307617,30.131484985351562,32.983802795410156,35.843017578125,27.301965713500977,33.678245544433594,32.273094177246094,25.824195861816406,31.54534149169922,30.31778335571289
1848,28.870525360107422,25.4599552154541,34.15797424316406,35.11065673828125,26.574586868286133,34.113807678222656,33.88679885864258,25.475299835205078,31.26119613647461,29.5865421295166
1849,31.224884033203125,22.703845977783203,33.78337478637695,36.83564758300781,26.41039276123047,34.131290435791016,30.01128578186035,25.215818405151367,28.95041275024414,30.697309494018555
1850,31.370319366455078,29.16046714782715,32.80891036987305,33.83781814575195,26.22745704650879,33.319541931152344,28.531415939331055,23.39043426513672,29.248594284057617,30.85540199279785
1851,31.07683753967285,33.130889892578125,33.583160400390625,34.485313415527344,26.866901397705078,31.878366470336914,33.023860931396484,24.17316436767578,29.908777236938477,31.341320037841797
1852,29.912172317504883,31.149805068969727,33.87393569946289,34.19960021972656,27.763404846191406,31.74313735961914,30.49273681640625,22.836380004882812,28.703353881835938,33.25225067138672
1853,30.352436065673828,31.135801315307617,34.63427734375,34.86448669433594,26.666515350341797,33.236270904541016,30.91722869873047,23.118606567382812,31.463050842285156,33.897178649902344
1854,29.59747314453125,29.589391708374023,33.74286651611328,34.695648193359375,25.9903621673584,33.4199104309082,32.85820770263672,23.390560150146484,32.2802848815918,31.551883697509766
1855,31.602502822875977,28.94993782043457,34.27004623413086,34.85392761230469,27.027170181274414,33.03079605102539,25.94226837158203,22.544416427612305,32.851783752441406,33.07697296142578
1856,32.758888244628906,28.27686309814453,34.30038833618164,36.053409576416016,27.054208755493164,31.49123764038086,31.626930236816406,23.73242950439453,30.545940399169922,31.584192276000977
1857,31.61124610900879,29.77423667907715,33.09944152832031,34.67870330810547,25.9819278717041,29.545259475708008,31.53641128540039,24.003950119018555,31.159385681152344,31.821195602416992
1858,33.60209655761719,30.994916915893555,32.74599075317383,34.39430618286133,26.597917556762695,31.16675567626953,33.25874710083008,24.049680709838867,31.82819366455078,33.0886116027832
1859,31.133934020996094,30.154773712158203,33.68999099731445,35.76755905151367,26.759809494018555,32.7292594909668,32.04792785644531,22.517730712890625,32.18501281738281,34.12059020996094
1860,32.33620834350586,31.04153060913086,33.593875885009766,35.86390686035156,27.136423110961914,32.39445877075195,32.84276580810547,25.047513961791992,31.484636306762695,34.89617919921875
1861,30.416696548461914,30.399629592895508,33.34124755859375,36.082366943359375,28.21562385559082,31.325422286987305,31.292028427124023,23.452800750732422,29.61886978149414,33.48762512207031
1862,31.085857391357422,30.40691566467285,33.44134521484375,34.453250885009766,29.871532440185547,31.017480850219727,30.014110565185547,23.954782485961914,29.71489906311035,34.5381965637207
1863,31.774856567382812,29.60993194580078,33.61469650268555,35.704994201660156,28.161394119262695,32.56035614013672,29.833431243896484,24.00481605529785,28.91225242614746,34.11317443847656
1864,32.967281341552734,30.12401008605957,34.37192153930664,35.150543212890625,29.582231521606445,31.80210304260254,31.677207946777344,26.20798683166504,29.123098373413086,33.78175354003906
1865,33.54758071899414,30.620840072631836,33.245113372802734,34.69820022583008,27.601768493652344,31.881818771362305,32.532466888427734,27.274566650390625,28.895837783813477,33.730262756347656
1866,32.03807067871094,30.139780044555664,32.964542388916016,34.879825592041016,26.896821975708008,31.617286682128906,34.327266693115234,25.025793075561523,29.46661949157715,33.41520309448242
1867,32.68129348754883,31.3150577545166,33.85342788696289,34.22843933105469,27.651227951049805,31.667081832885742,31.613487243652344,26.95609474182129,29.21245765686035,34.79429244995117
1868,32.53500747680664,27.945993423461914,33.23069763183594,34.43902587890625,26.4678955078125,31.547882080078125,33.12759780883789,24.0609188079834,27.721803665161133,35.05199432373047
1869,32.201839447021484,29.387571334838867,33.019474029541016,35.61994552612305,28.225605010986328,30.825599670410156,30.616491317749023,26.883832931518555,28.23598289489746,33.745460510253906
1870,34.198551177978516,29.654874801635742,33.431461334228516,36.378395080566406,29.102163314819336,34.0793571472168,31.80600929260254,27.60814094543457,27.312301635742188,34.833534240722656
1871,33.358524322509766,26.900352478027344,33.65257263183594,35.15924835205078,29.756202697753906,33.383689880371094,31.59227752685547,23.807004928588867,27.22707176208496,33.5216064453125
1872,32.943382263183594,27.676326751708984,30.463342666625977,33.389251708984375,26.31196403503418,30.752750396728516,33.02536392211914,22.365707397460938,27.99728775024414,31.900592803955078
1873,33.04484176635742,29.352310180664062,30.695344924926758,33.688297271728516,27.8697509765625,31.354074478149414,30.76028823852539,24.60400390625,27.467220306396484,32.27188491821289
1874,33.026100158691406,30.51272201538086,30.470632553100586,35.43489074707031,27.431238174438477,31.651287078857422,32.3678092956543,25.485477447509766,25.231773376464844,33.770652770996094
1875,33.43034744262695,31.53592300415039,30.776697158813477,35.03146743774414,28.71674156188965,30.481060028076172,28.126605987548828,26.665775299072266,26.14173126220703,34.47567367553711
1876,33.79301834106445,29.24357032775879,31.12950897216797,33.54664993286133,27.32060432434082,32.116355895996094,31.72217559814453,27.181934356689453,27.20826530456543,33.68122482299805
1877,33.217620849609375,27.99775505065918,31.949878692626953,34.571964263916016,27.9320011138916,34.33393859863281,28.999406814575195,28.17122459411621,27.15442657470703,34.16379928588867
1878,34.41435241699219,30.895540237426758,32.979835510253906,34.993221282958984,28.182037353515625,32.81484603881836,29.088207244873047,27.980459213256836,27.289804458618164,35.7088508605957
1879,32.00141525268555,32.4041748046875,32.21787643432617,34.73300552368164,27.646249771118164,31.849868774414062,29.729623794555664,27.563077926635742,26.269201278686523,33.74516677856445
1880,32.53916931152344,30.4300594329834,31.708093643188477,35.32413101196289,28.2459716796875,32.61577606201172,31.390527725219727,28.243770599365234,27.73940086364746,33.98677062988281
1881,30.080232620239258,28.914766311645508,30.75370216369629,34.10313415527344,29.516881942749023,32.171695709228516,32.14118957519531,29.234600067138672,26.718791961669922,33.43598175048828
1882,29.23273277282715,30.958847045898438,30.547407150268555,32.226417541503906,27.725502014160156,30.32127571105957,27.46259307861328,28.643817901611328,26.709537506103516,33.87028121948242
1883,30.064544677734375,31.58485221862793,31.87041664123535,34.26003646850586,29.176794052124023,32.5959358215332,29.202280044555664,28.519590377807617,26.45109748840332,33.721805572509766
1884,29.749755859375,31.822772979736328,32.277793884277344,35.4531135559082,30.01727294921875,33.599853515625,29.38311004638672,27.8385009765625,27.847200393676758,34.71283721923828
1885,33.28611755371094,33.01853942871094,33.628639221191406,35.75830078125,30.99333381652832,31.859010696411133,26.36327362060547,29.022768020629883,25.443952560424805,35.93921661376953
1886,32.13356018066406,33.093223571777344,31.411720275878906,35.26142501831055,28.158220291137695,31.686481475830078,29.147634506225586,28.555147171020508,26.682998657226562,35.16348648071289
1887,28.5871639251709,31.3768367767334,31.409133911132812,34.89466094970703,31.861469268798828,30.881389617919922,29.288238525390625,28.320404052734375,27.96984100341797,31.333024978637695
1888,29.89039421081543,32.092994689941406,31.983659744262695,32.98685836791992,31.4321346282959,30.749544143676758,29.254676818847656,26.97905158996582,27.296510696411133,32.524696350097656
1889,30.762130737304688,31.464529037475586,32.66938781738281,33.763092041015625,30.371143341064453,31.709623336791992,20.622610092163086,27.852842330932617,25.386594772338867,33.92341995239258
1890,29.39856719970703,27.472198486328125,34.54897689819336,35.23318862915039,33.704566955566406,32.73762130737305,24.852787017822266,30.413143157958984,23.85321617126465,33.14661407470703
1891,28.090105056762695,32.781681060791016,33.004127502441406,33.42854309082031,32.2186164855957,31.083492279052734,25.899850845336914,29.46234703063965,23.2612361907959,32.8225212097168
1892,26.0566349029541,29.768009185791016,31.693204879760742,32.50852584838867,31.768325805664062,30.79576873779297,27.905210494995117,28.037181854248047,26.862979888916016,32.870750427246094
1893,27.921297073364258,32.00285720825195,32.20841598510742,33.15281295776367,32.665775299072266,31.560794830322266,30.594327926635742,29.202117919921875,25.644001007080078,34.55318832397461
1894,27.011539459228516,31.559396743774414,32.27588653564453,32.923545837402344,31.599733352661133,31.035560607910156,30.29129409790039,27.017871856689453,23.569047927856445,32.09136962890625
1895,26.118247985839844,31.933195114135742,32.745887756347656,33.10950469970703,32.11228942871094,31.12964630126953,28.217878341674805,26.94583511352539,23.29495620727539,31.750900268554688
1896,26.526063919067383,29.472225189208984,34.08502197265625,33.72526550292969,31.247282028198242,33.4107780456543,26.32859992980957,28.691936492919922,27.254615783691406,34.034019470214844
1897,26.221881866455078,31.402591705322266,32.74974060058594,31.795106887817383,31.966684341430664,31.93762969970703,25.960535049438477,28.848527908325195,26.002275466918945,33.7346076965332
1898,26.578493118286133,30.582487106323242,34.091434478759766,32.65204620361328,33.04197311401367,33.19173812866211,30.179231643676758,28.251419067382812,24.1942138671875,34.763710021972656
1899,27.983654022216797,29.36087417602539,33.95127868652344,32.8875617980957,32.72724151611328,33.06257247924805,30.405689239501953,30.966808319091797,28.25650978088379,34.22581481933594
1900,23.301435470581055,29.2120304107666,32.82622528076172,32.989200592041016,32.16571044921875,30.898387908935547,25.563552856445312,31.65311050415039,25.135711669921875,32.37322235107422
1901,29.712114334106445,30.263324737548828,33.58744812011719,33.56794738769531,31.190221786499023,33.15174865722656,28.91581916809082,30.019287109375,27.17371940612793,30.975706100463867
1902,28.19356346130371,31.016881942749023,33.49776077270508,35.38957977294922,30.777057647705078,32.10594177246094,26.83880043029785,30.676679611206055,28.346588134765625,31.37822151184082
1903,26.168210983276367,30.9371337890625,32.173583984375,33.44943618774414,29.56888198852539,30.64014434814453,29.631484985351562,30.784439086914062,25.18639373779297,31.242488861083984
1904,29.222562789916992,31.403858184814453,33.1261100769043,34.917152404785156,30.99894905090332,32.837154388427734,27.71455955505371,28.867115020751953,28.9403076171875,33.618473052978516
1905,29.305076599121094,32.26984405517578,33.4633674621582,35.266876220703125,31.204082489013672,32.654842376708984,29.21293067932129,30.96687889099121,28.2979679107666,33.0327033996582
1906,29.202102661132812,31.055782318115234,31.57971954345703,35.0659065246582,30.28371810913086,31.136178970336914,28.83951759338379,28.057464599609375,27.924171447753906,32.57668685913086
1907,27.23301887512207,32.80936050415039,32.18201446533203,35.60698318481445,30.631582260131836,31.549245834350586,27.321094512939453,28.584177017211914,30.49285316467285,32.31275939941406
1908,26.20306396484375,32.902591705322266,32.093013763427734,35.80766296386719,31.347063064575195,31.51703453063965,29.305419921875,29.310096740722656,29.04189682006836,31.275413513183594
1909,27.587120056152344,31.98172950744629,32.67917251586914,34.376243591308594,30.593143463134766,32.338226318359375,26.69744300842285,26.44441795349121,26.83011245727539,32.57090377807617
1910,24.3371639251709,30.531110763549805,31.95111083984375,31.03721809387207,30.35024642944336,31.594757080078125,29.169557571411133,28.24501609802246,27.22092628479004,30.673603057861328
1911,19.21353530883789,29.18096160888672,31.184852600097656,31.825651168823242,29.50049591064453,30.52416229248047,29.309288024902344,27.12425994873047,27.189783096313477,31.267446517944336
1912,26.70765495300293,31.57079315185547,32.6070671081543,34.395423889160156,30.025297164916992,31.734548568725586,30.738292694091797,28.371158599853516,28.388763427734375,30.135290145874023
1913,24.48008918762207,30.26095962524414,32.16207504272461,35.14864730834961,31.169692993164062,31.963111877441406,28.943849563598633,29.30500030517578,28.48065757751465,32.156044006347656
1914,25.663585662841797,29.621553421020508,33.13974380493164,35.38742446899414,31.457307815551758,32.55289077758789,29.015605926513672,29.032054901123047,28.312891006469727,34.42475128173828
1915,28.85135269165039,30.080215454101562,33.417442321777344,37.123226165771484,32.616127014160156,32.961055755615234,24.90923500061035,31.751617431640625,29.366870880126953,34.41218566894531
1916,28.246700286865234,29.015729904174805,32.676918029785156,34.725276947021484,31.491025924682617,31.557682037353516,23.64821434020996,30.968294143676758,29.41444206237793,32.833702087402344
1917,27.757476806640625,29.992412567138672,32.511474609375,36.68324661254883,32.98085021972656,30.85772132873535,28.57625389099121,29.2309627532959,28.04928207397461,32.11540222167969
1918,27.729394912719727,31.948930740356445,32.98131561279297,35.672122955322266,33.44141387939453,32.01070022583008,27.624351501464844,29.37000846862793,29.98031997680664,33.87022399902344
1919,26.83925437927246,30.648193359375,32.1124382019043,34.167354583740234,32.98692321777344,32.18307113647461,30.483625411987305,30.74690055847168,28.649553298950195,33.43571853637695
1920,28.091419219970703,27.56241226196289,31.313701629638672,34.2615852355957,30.698244094848633,31.28553581237793,29.388111114501953,28.824670791625977,28.074615478515625,32.77081298828125
1921,28.6624755859375,32.136837005615234,33.08098602294922,34.87700271606445,32.72343826293945,31.788087844848633,28.199840545654297,30.018070220947266,29.391225814819336,33.08020782470703
1922,29.67579460144043,32.35908126831055,33.527774810791016,35.13374328613281,32.82659912109375,33.46855545043945,28.822250366210938,29.091691970825195,29.730148315429688,35.12995529174805
1923,30.262269973754883,31.77482795715332,33.94396209716797,34.25453186035156,34.75920867919922,34.219661712646484,30.02627182006836,28.637266159057617,30.6361026763916,35.154457092285156
1924,31.466524124145508,30.396583557128906,33.4886360168457,35.0545768737793,32.9012451171875,33.03293228149414,29.048397064208984,33.07215118408203,31.780513763427734,35.75016784667969
1925,30.193490982055664,27.115480422973633,33.6376838684082,35.176998138427734,32.50360107421875,32.358890533447266,28.390872955322266,30.662307739257812,31.490297317504883,35.4666862487793
1926,29.26971435546875,28.476078033447266,34.40011978149414,34.78282165527344,31.92612648010254,31.54388999938965,29.659317016601562,30.490215301513672,30.585521697998047,34.46638870239258
1927,31.08365821838379,28.952272415161133,33.862178802490234,35.713829040527344,33.01150894165039,32.16314697265625,0,31.40049171447754,31.88805389404297,35.65745162963867
1928,30.851564407348633,27.12907600402832,33.924156188964844,35.621612548828125,32.82988357543945,31.537151336669922,0,28.701017379760742,29.93429183959961,36.12022018432617
1929,30.61408233642578,27.66064453125,33.02946853637695,34.8382453918457,33.36031723022461,32.774574279785156,8.14770221710205,32.314476013183594,32.03606414794922,35.900596618652344
1930,30.889862060546875,27.090347290039062,34.31999969482422,35.80800247192383,32.38622283935547,30.684494018554688,31.765836715698242,31.531330108642578,32.4563102722168,35.300819396972656
1931,32.68500900268555,27.6317138671875,32.53176498413086,35.703575134277344,33.1650505065918,32.96552276611328,32.330657958984375,29.600069046020508,31.024261474609375,36.13138198852539
1932,30.549537658691406,26.906005859375,32.834320068359375,35.52604675292969,33.604400634765625,31.568124771118164,33.44438552856445,33.70164489746094,32.40501403808594,36.57084655761719
1933,28.47784996032715,24.963634490966797,31.939327239990234,34.7578125,32.067840576171875,31.349546432495117,32.81602096557617,28.750185012817383,32.31243896484375,34.78207778930664
1934,30.366147994995117,26.790815353393555,31.189891815185547,33.16403579711914,32.66638946533203,30.838167190551758,32.219505310058594,30.240205764770508,31.182567596435547,35.14305877685547
1935,29.550251007080078,28.535533905029297,31.456418991088867,33.74138259887695,33.51449966430664,30.909090042114258,31.59113883972168,26.360626220703125,31.181224822998047,35.27216720581055
1936,31.00226402282715,31.39664077758789,31.464128494262695,33.840755462646484,35.17765426635742,32.89991760253906,34.33613586425781,28.028318405151367,31.340930938720703,35.81250762939453
1937,31.46296501159668,25.74382781982422,34.868751525878906,35.08832550048828,35.679481506347656,32.76741027832031,34.89329147338867,29.413536071777344,30.924314498901367,34.256446838378906
1938,29.833044052124023,24.671146392822266,32.12531280517578,31.869871139526367,34.79254150390625,30.201194763183594,33.823646545410156,30.19590187072754,31.276033401489258,33.646400451660156
1939,29.64227294921875,27.92930030822754,33.69332504272461,35.84449005126953,34.89423751831055,31.602556228637695,32.57509231567383,30.62615966796875,30.96177864074707,33.56917953491211
1940,29.510671615600586,26.774904251098633,32.538448333740234,35.03176498413086,34.66854476928711,27.787534713745117,31.8493709564209,29.946086883544922,32.191917419433594,35.553749084472656
1941,29.391761779785156,30.372873306274414,32.30183029174805,34.88353729248047,33.34457015991211,31.238624572753906,32.6909294128418,28.553253173828125,32.755950927734375,35.52287673950195
1942,28.17462158203125,28.127220153808594,31.67145347595215,33.84534454345703,32.109073638916016,29.711933135986328,34.27618408203125,27.947546005249023,30.85283088684082,36.67024230957031
1943,30.167909622192383,30.49761390686035,32.31584548950195,35.68951416015625,32.52529525756836,29.785600662231445,32.638065338134766,29.320354461669922,32.61761474609375,36.02000427246094
1944,0,29.502099990844727,33.14121627807617,34.33563232421875,33.463035583496094,30.68871307373047,33.113624572753906,29.745208740234375,31.46917724609375,36.370460510253906
1945,23.231849670410156,34.40922164916992,33.135440826416016,34.831756591796875,34.076656341552734,31.561294555664062,34.683837890625,31.370342254638672,32.02854537963867,37.01789474487305
1946,30.08701515197754,29.996034622192383,32.457847595214844,33.80268859863281,32.64878845214844,30.976823806762695,33.654075622558594,29.988971710205078,32.99114990234375,35.439945220947266
1947,29.75680160522461,33.380306243896484,32.24298095703125,35.57504653930664,34.20634460449219,30.87714195251465,33.39305114746094,30.66656494140625,33.19093704223633,35.36884689331055
1948,31.942224502563477,30.860336303710938,32.28105545043945,36.25018310546875,34.0704231262207,31.02069091796875,33.417457580566406,29.69512367248535,32.051265716552734,36.54866027832031
1949,31.13081169128418,32.08705520629883,33.88740158081055,36.76738357543945,34.89523696899414,30.799808502197266,32.835594177246094,30.484128952026367,33.40607833862305,35.364139556884766
1950,31.191909790039062,33.691558837890625,33.174468994140625,35.762474060058594,35.88343048095703,30.477500915527344,34.0483512878418,31.01240348815918,34.72449493408203,34.99183654785156
1951,29.910884857177734,30.89635467529297,33.00200271606445,36.060218811035156,35.167293548583984,30.539066314697266,33.52170944213867,30.101835250854492,33.726585388183594,33.811988830566406
1952,31.92873764038086,31.48598861694336,32.984901428222656,35.185035705566406,34.27758026123047,31.272367477416992,33.629234313964844,29.333633422851562,33.38364028930664,36.36431121826172
1953,33.8480110168457,33.18492126464844,32.175228118896484,36.08567428588867,33.98170471191406,32.58607482910156,32.463768005371094,28.96031951904297,32.55473327636719,34.793434143066406
1954,33.071712493896484,32.717533111572266,32.41549301147461,36.06468963623047,34.214111328125,31.058319091796875,34.380455017089844,30.433734893798828,32.04257583618164,34.98969268798828
1955,33.71302032470703,31.962486267089844,32.006832122802734,35.74652099609375,35.27779769897461,29.92106056213379,35.12941360473633,31.919679641723633,33.04207229614258,35.55759811401367
1956,34.05959701538086,33.44102096557617,31.295610427856445,34.5180549621582,34.76877212524414,32.17851638793945,34.60614013671875,30.898128509521484,34.056034088134766,36.43760681152344
1957,32.62698745727539,31.630287170410156,31.711885452270508,34.585723876953125,34.05306625366211,30.4058837890625,35.120235443115234,31.027175903320312,31.93587303161621,36.755374908447266
1958,34.39342498779297,32.64659881591797,31.453989028930664,35.315425872802734,34.47465515136719,29.397872924804688,35.39550018310547,29.020042419433594,33.8341064453125,35.445953369140625
1959,33.90907669067383,30.95770263671875,31.84671974182129,35.27057647705078,34.79094696044922,29.518543243408203,35.92655944824219,25.938940048217773,31.99483871459961,35.232398986816406
1960,33.044071197509766,29.823612213134766,30.920270919799805,34.73689651489258,34.10714340209961,29.205299377441406,34.06575393676758,18.77522087097168,31.341777801513672,36.77879333496094
1961,32.60456848144531,31.971271514892578,31.836301803588867,34.08006286621094,33.7270393371582,30.091493606567383,35.16981887817383,26.447988510131836,31.668136596679688,35.48338317871094
1962,32.534732818603516,33.46654510498047,32.950897216796875,35.486045837402344,35.490421295166016,32.33823776245117,35.27217102050781,29.148405075073242,30.88448143005371,34.44574737548828
1963,32.601165771484375,33.475990295410156,32.562828063964844,36.055686950683594,35.58694839477539,32.51896667480469,34.37392044067383,29.8491153717041,31.531518936157227,33.96786880493164
1964,31.6040096282959,33.662841796875,33.504173278808594,36.76963806152344,34.9180793762207,31.56695556640625,33.52934646606445,29.572677612304688,32.96001434326172,34.50886154174805
1965,34.448673248291016,33.79859924316406,31.439807891845703,33.69947052001953,124.59192657470703,29.480554580688477,34.8379020690918,28.307466506958008,33.05874252319336,32.27846908569336
1966,31.836233139038086,32.34865188598633,29.979307174682617,34.89533233642578,35.241207122802734,30.257558822631836,33.14452362060547,31.959402084350586,33.65317153930664,35.24239730834961
1967,32.97266387939453,33.48412322998047,30.55714988708496,36.21714782714844,33.24198913574219,29.5616512298584,31.565412521362305,29.07822608947754,32.29981994628906,35.76898956298828
1968,31.018861770629883,32.80187225341797,32.00576400756836,35.693607330322266,36.168174743652344,30.47959327697754,34.03857421875,29.933151245117188,32.944400787353516,35.71330261230469
1969,32.0220947265625,33.57831573486328,32.393882751464844,33.13432693481445,35.37739181518555,29.368785858154297,27.66068458557129,30.688133239746094,33.179473876953125,35.67005920410156
1970,31.584178924560547,33.368560791015625,31.40218162536621,36.186283111572266,34.513916015625,28.15479278564453,23.97166633605957,26.624502182006836,33.181068420410156,34.97087478637695
1971,32.08504867553711,32.512901306152344,31.217849731445312,0,34.40099334716797,29.978899002075195,31.577606201171875,24.554222106933594,32.028953552246094,35.032928466796875
1972,34.813819885253906,33.0575065612793,31.36912727355957,0,36.10419845581055,29.820619583129883,27.926708221435547,27.458873748779297,33.62836456298828,35.63114547729492
1973,33.107688903808594,32.878658294677734,29.873918533325195,0,35.55656814575195,29.631994247436523,27.249216079711914,29.91988182067871,33.27027130126953,36.65481948852539
1974,30.80149269104004,32.60335159301758,30.403940200805664,29.300373077392578,33.39023208618164,30.663171768188477,25.502395629882812,30.88710594177246,33.684661865234375,34.5429801940918
1975,32.85934829711914,33.643062591552734,31.08293342590332,32.91817855834961,36.3912467956543,30.55335235595703,32.80707550048828,33.57624816894531,32.29121017456055,36.37258529663086
1976,31.657732009887695,32.236351013183594,31.862897872924805,35.51108932495117,33.337284088134766,29.55608558654785,31.697975158691406,31.956571578979492,32.60601806640625,36.38904571533203
1977,33.978919982910156,32.36454772949219,31.19102668762207,35.0045280456543,32.76174545288086,29.079195022583008,31.853553771972656,32.802093505859375,31.856155395507812,35.85234069824219
1978,33.54495620727539,32.81352615356445,32.96482467651367,34.015472412109375,35.145023345947266,31.12742042541504,30.04271125793457,31.421161651611328,33.349945068359375,35.398704528808594
1979,34.73201370239258,33.09103775024414,33.00386047363281,34.63999938964844,35.979522705078125,31.940584182739258,28.24695587158203,33.717411041259766,33.22748565673828,36.17461013793945
1980,32.84229278564453,31.092992782592773,32.313926696777344,35.11212158203125,34.10176086425781,29.858531951904297,29.14541244506836,32.972625732421875,33.336875915527344,35.58876419067383
1981,33.533103942871094,30.551029205322266,33.52053451538086,34.906455993652344,33.22011947631836,31.35516929626465,30.843624114990234,33.48257064819336,31.38126564025879,34.272315979003906
1982,35.104026794433594,31.289108276367188,31.950729370117188,36.59674835205078,24.065292358398438,30.36195182800293,31.402273178100586,31.90584945678711,28.760181427001953,35.20363998413086
1983,34.208900451660156,32.283599853515625,32.239322662353516,34.84424591064453,33.67809295654297,30.132400512695312,29.832901000976562,32.07383728027344,30.37041664123535,36.61485290527344
1984,32.74797821044922,31.643217086791992,29.787988662719727,32.864559173583984,33.47166061401367,30.049129486083984,26.127805709838867,30.56450843811035,30.951202392578125,35.291358947753906
1985,32.77838897705078,31.733375549316406,30.49565887451172,31.96526527404785,33.26778030395508,29.572919845581055,30.60547637939453,28.744548797607422,31.368175506591797,34.905792236328125
1986,32.09470748901367,32.52359390258789,30.937353134155273,34.373687744140625,31.73660659790039,28.432767868041992,28.297130584716797,28.232934951782227,32.477210998535156,34.13367462158203
1987,34.28030014038086,31.158370971679688,29.09937286376953,34.37710189819336,32.46958541870117,30.171903610229492,24.569049835205078,28.662233352661133,31.901519775390625,31.04677963256836
1988,33.03239440917969,31.99106788635254,25.541749954223633,34.49633026123047,30.34345245361328,28.766313552856445,26.609268188476562,28.7731990814209,33.06153869628906,34.27056884765625
1989,33.26614761352539,33.950714111328125,31.058584213256836,31.22746467590332,23.563602447509766,28.396621704101562,25.849336624145508,27.319841384887695,32.07429885864258,34.8890495300293
1990,35.08558654785156,33.3692626953125,30.466577529907227,32.89825439453125,30.382184982299805,31.183624267578125,30.694459915161133,29.211551666259766,32.052268981933594,33.69141387939453
1991,33.893375396728516,33.56048583984375,30.230085372924805,34.14971160888672,28.471555709838867,31.047388076782227,33.31098937988281,30.448209762573242,32.3998908996582,34.8940315246582
1992,32.362945556640625,32.08009719848633,28.979902267456055,27.593612670898438,30.729001998901367,30.727184295654297,32.46818161010742,29.442951202392578,30.472728729248047,35.26951217651367
1993,29.674745559692383,32.4041748046875,28.037248611450195,28.57366180419922,30.059558868408203,28.579313278198242,31.13006591796875,27.419729232788086,30.12916374206543,34.5017204284668
1994,31.224836349487305,33.605106353759766,27.830530166625977,21.675004959106445,28.812772750854492,28.524158477783203,30.683021545410156,27.364124298095703,32.096473693847656,32.698448181152344
1995,31.582199096679688,33.31541442871094,29.495513916015625,27.314565658569336,24.458152770996094,29.535568237304688,33.69886779785156,29.347200393676758,32.540645599365234,32.98993682861328
1996,32.68320846557617,33.4183464050293,27.526023864746094,33.055667877197266,26.419401168823242,29.91987419128418,29.723649978637695,29.22027587890625,31.697175979614258,32.61814880371094
1997,31.553024291992188,32.78880310058594,29.29244041442871,32.97370147705078,27.039127349853516,28.04336929321289,32.362144470214844,28.654735565185547,29.928340911865234,30.86504554748535
1998,34.47006607055664,33.54419708251953,28.63511848449707,29.65753173828125,27.69144058227539,30.303926467895508,34.48949432373047,27.7059383392334,31.717130661010742,32.43073272705078
1999,34.536136627197266,33.36000442504883,29.679033279418945,33.76681137084961,29.581384658813477,29.05061912536621,36.27784729003906,31.78866195678711,33.793521881103516,33.19333267211914
2000,33.68421173095703,34.79077911376953,30.13861656188965,31.83854103088379,24.403287887573242,28.38082504272461,33.7470817565918,28.981698989868164,30.721342086791992,33.86195755004883
2001,32.776206970214844,33.610939025878906,29.175561904907227,33.33314895629883,33.246700286865234,28.90456771850586,34.10755157470703,28.302419662475586,31.018400192260742,32.56847381591797
2002,31.602108001708984,32.93914031982422,29.954710006713867,30.924022674560547,34.217533111572266,28.727834701538086,34.93456268310547,27.94198989868164,34.14997863769531,33.409671783447266
2003,33.56063461303711,34.00433349609375,30.213165283203125,31.785186767578125,33.43730163574219,29.409717559814453,34.53361129760742,28.43555450439453,33.39166259765625,34.90693283081055
2004,33.415157318115234,33.94370651245117,31.285099029541016,32.06275939941406,34.11568069458008,31.982664108276367,35.50762176513672,29.750125885009766,33.59996795654297,34.39442825317383
2005,33.80182647705078,34.271568298339844,30.06356430053711,28.432750701904297,36.2358512878418,31.560104370117188,35.49287414550781,28.206430435180664,34.369415283203125,32.247806549072266
2006,35.09860610961914,34.89627456665039,32.30377197265625,30.904624938964844,34.400535583496094,32.98051834106445,34.604042053222656,28.343090057373047,32.6497802734375,32.58871078491211
2007,35.09052658081055,34.90160369873047,31.827165603637695,29.88355827331543,33.11803436279297,33.2441291809082,33.521697998046875,29.140933990478516,32.32445526123047,32.64200973510742
2008,36.34471893310547,35.737876892089844,29.303396224975586,32.2590446472168,33.573951721191406,31.89912986755371,34.11420822143555,29.526615142822266,32.81791687011719,32.9806022644043
2009,35.438934326171875,34.207435607910156,31.16935920715332,33.25117874145508,36.527069091796875,31.2468204498291,33.47343063354492,30.378190994262695,33.72532653808594,33.1739501953125
2010,34.24287033081055,32.06201934814453,29.31299591064453,30.092411041259766,0,29.949798583984375,34.89431381225586,27.98040771484375,29.359724044799805,32.00674057006836
2011,34.180023193359375,32.57514953613281,26.20041847229004,31.821157455444336,31.522069931030273,31.22227668762207,33.87343215942383,26.939579010009766,31.45111656188965,32.335540771484375
2012,33.4185905456543,33.983848571777344,26.79545021057129,24.245908737182617,36.06406784057617,31.40253257751465,33.1405143737793,28.478271484375,32.073665618896484,31.165544509887695
2013,32.623233795166016,30.57587432861328,23.0042667388916,32.628578186035156,34.94689178466797,29.705854415893555,33.83760070800781,27.856374740600586,33.66952133178711,30.887653350830078
2014,32.87638854980469,32.39108657836914,27.83447265625,27.578582763671875,33.194034576416016,30.98863983154297,33.540061950683594,27.18309783935547,32.73741912841797,30.419612884521484
2015,35.31709289550781,32.894866943359375,27.95646095275879,32.0430793762207,34.38734436035156,31.671051025390625,33.53519058227539,27.51483726501465,34.524417877197266,33.4757194519043
2016,34.9281005859375,32.328433990478516,25.66626739501953,32.45027160644531,32.86637878417969,31.529821395874023,34.14115905761719,28.46723747253418,33.54005813598633,33.05044174194336
2017,35.24647903442383,33.364173889160156,27.610937118530273,30.218568801879883,32.42634201049805,31.519634246826172,34.34257125854492,27.7729549407959,33.31629180908203,34.10297775268555
2018,34.53886032104492,32.7338752746582,21.797719955444336,31.13381004333496,29.141326904296875,28.330215454101562,33.82181930541992,26.430908203125,34.31277847290039,32.102169036865234
2019,30.733997344970703,31.836196899414062,23.173845291137695,24.78522300720215,31.858871459960938,27.619577407836914,35.112308502197266,26.926321029663086,32.3077507019043,32.42696762084961
2020,34.75586700439453,30.52495765686035,26.193336486816406,22.757896423339844,31.474519729614258,26.761140823364258,35.073116302490234,28.9989070892334,32.88178634643555,31.89055824279785
2021,32.9382209777832,31.855648040771484,23.74866485595703,29.771812438964844,31.209688186645508,28.603002548217773,35.432525634765625,27.5692195892334,33.349220275878906,32.923683166503906
2022,35.63193893432617,31.119478225708008,0,26.69274139404297,30.353919982910156,29.983057022094727,33.36017990112305,25.8840389251709,33.38004684448242,35.124244689941406