year,Ks*APA06_,Ks*APA07_,Ks*APA08_,Ks*APA09_,Ks*APA10_,Ks*APA11_,Ks*APA13_,Ks*APA15_,Ks*APA17_,Ks*APA19_
1697,0,0,0,0.0020624330262981
1698,0.001450772061372625,0,0,0.0026804775771145867
1699,0.001841552435183682,0,0,0.004742213719175914
1700,0.004187854911141205,0,0,0.006046392691117774
1701,0.008817935947969471,0,0,0.005067306859081104
1702,0.011484759984364106,0,0,0.005692224202582719
1703,0.010751531927062116,0,0,0.004687399841296346
1704,0.01136339609658369,0,0,0.006536660914803289
1705,0.012614444598507708,0,0,0.01033987255984934,0,0,0.002607148553744391
1706,0.011321594756908722,0,0.009062754410054146,0.009860785630806067,0,0,0.004954666933282033
1707,0.009480839249040595,0,0.009792260470793316,0.009076622992889891,0,0,0.006790519706490283
1708,0.01066131926580935,0,0.01124889102454688,0.01034642881020737,0,0,0.006576975778187378
1709,0.008829094891272768,0,0.0027863477459389866,0.009289130985112104,0,0,0.009559162930342764
1710,0.009058505734723736,0,0.0061609221132977125,0.008824399315278293,0,0,0.008715619304258827
1711,0.009010103713457868,0,0.008078815199295713,0.010738578890585972,0,0,0.008846279309938783
1712,0.009079738152330926,0,0.007920196386479776,0.01147408629840003,0,0.010340837427758456,0.007393284096486471
1713,0.010029501879530637,0,0.008419197773377414,0.010609346196436713,0,0.00818171982512938,0.00643342130948129
1714,0.006807601696088426,0,0.0067501933511311205,0.009503331447152574,0,0.0033029352404377026,0.005887849239477458
1715,0.010537916615998516,0,0.00463458808514997,0.010454607969826958,0,0.007312670460573838,0.008453909221470124
1716,0.012880720286888383,0,0.008377580283705582,0.011867120061473977,0,0.007418349357132226,0.005868816350112869
1717,0.009062692890916903,0,0.006218952715809672,0.01116815743197415,0,0.006179737507899998,0.008565804257108086
1718,0.009173568175841595,0,0.007832043786975655,0.012032149625203813,0,0.008532468047304398,0.008467024780223412
1719,0.0082362752271764,0,0.009640562130426553,0.010352343042997819,0,0.008002795104309044,0.007656844838618922
1720,0.0086606539167038,0,0.0062589237332246585,0.011481846504279561,0,0.009581539883371902,0.00850843938103572
1721,0.009154172649105452,0,0.004865224200502844,0,0,0.008650987851613152,0.01154171188536696,0,0.0021671081804152136
1722,0.007502212127884062,0,0.004155374406815004,0.008577484359847846,0,0.008986331614370367,0.010371082372311602,0,0.008288508424156923
1723,0.009474170595026242,0,0.0024303460388903028,0.010557544604061121,0,0.010337169528945724,0.010223764147401018,0,0.007318866656795398
1724,0.007554756760535562,0,0.007519325911195168,0.00901364873972929,0,0.009677885130589559,0.002305347002013055,0,0.007692366083420768
1725,0.010269089750013482,0.006337738804129345,0.0030213526826039397,0.00822499579286584,0,0.009465934309416425,0.00944729103396667,0,0.006392701408320035
1726,0.009180636381218013,0.006404662671363564,0.002846592560300984,0.010950647104519514,0,0.008374907829134472,0.008963075557204854,0,0.00753563458621331
1727,0.009632071506430494,0.006453721072651719,0.009987913896083212,0.010702624933421511,0,0.010486730526367992,0.010615362864558314,0,0.006807822619661255
1728,0.010028045664838026,0.008432602842149941,0.014655671994958538,0.01138582487659273,0,0.010413951345788163,0.010722586943643286,0,0.008834601991391012
1729,0.009371231607672099,0.008570050155457243,0.012357423487664384,0,0,0.011540361668374289,0.007848168996995399,0.003304336889919754,0.008979737010484887
1730,0.009410861368224764,0.00939872776926212,0.006936998492122569,0.011620042056359928,0,0.010655034286292395,0.009831526845490152,0.00005164862612320386,0.00982335295170974
1731,0,0.008286156225611971,0.010927990350147021,0.014914288978921959,0,0.0094288188971074,0.008179148547561058,0.0033061585944694815,0.009095061845405783
1732,0.007028225875348264,0.008819887444334394,0.013232799779080493,0.011653666449057376,0,0.008871358744686567,0.012186741367148566,0.004302494410392109,0.009872514265406446
1733,0.004434728194411177,0.009274881781130874,0.012517400279006751,0.011827196051748706,0,0.009758275912093727,0.010818014064720785,0.003906239880033651,0.008705006942935627
1734,0.005362298345823436,0,0.012293333491977797,0.011894857517222522,0,0.008663212533965875,0.010728421602702893,0.006518106585123375,0.010813333688695642
1735,0.009691924550510253,0.008446432246318102,0.013763333404194078,0.014868396046364252,0,0.01057611980112463,0.01192527738769205,0.006119610644575911,0.010852336270412254
1736,0.009088260940239594,0.00888637594541275,0.010348989306236536,0.012138687983496668,0,0.009208624538898392,0.007208943698425146,0.006461519784184983,0.011215874002353908
1737,0.008910965416619555,0.007366666471714612,0.015073226769461691,0.014795724192233583,0,0.00804863571984568,0.0088107101111974,0.0072149500148840735,0.009625847696860299
1738,0.009899596595520496,0.00911995525784357,0.014474861181948219,11.049094204122149,0,0.008943566121293402,0.00907283145024196,0.007303660751913951,0.010453188730732884,0.013836188075152165
1739,0.012643234471654418,0.01283702523868642,0.015267159738041445,0.01563822723988929,0.004853279959143288,0.009597342068239792,0.007340046630802205,0.006707600915741686,0.012557904235426342,0.015504369617111729
1740,0.011633620050015446,0.010944236778700444,0.015231462806725138,0.01441946051686719,0.005071432904491449,0.011969056634706697,0.008981592447814556,0.00805857798295015,0.014011832831814829,0.014783752093485009
1741,0.010358591738143085,0.007191961649216791,0.012848124624782796,0.013287529365285987,0.004916423719288245,0.009711809558743711,0.009916279876261728,0.007414510228250008,0.012607697840188357,0.013062918554332776
1742,0.009699266660998922,0.011238927891133893,0.014060866469782659,0.014709939660658618,0.00567604287056297,0.015205483201665178,0.010470054439104348,0.00949933765462306,0.01682730317843129,0.013166489274787198
1743,0.009977157687361939,0.011349578772584105,0.014614611250522743,0.00586712644757561,0.005391929508276451,0.015219660555458425,0.009820490389701533,0.008842911650889684,0.16346370074797037,0.01095236584372547
1744,0.009362118809210021,0.009682549002715844,0.012710922596771645,0.008170993508072209,0.005323784816394314,0.01324758459122908,0.011136043919726618,0.007373187495773866,0.008972347787233804,0.011951289922630413
1745,0.0095825383065294,0.009863982543255963,0.015033702303970595,0.010217154312872404,0.006128507807424882,0.015288465973882816,0.013337378101192296,0.00823386999556606,0.01239985472957162,0.014009427487712422
1746,0.009368090459976115,0.011388552695378064,0.01534563916720276,0.012098799805236576,0.007023078953587513,0.014766125005990336,0.012732745715048016,0.008176911335675543,0.010975042412452396,0.01350823689549341
1747,0.007904537819785241,0.005795787598239578,0.013490204669720859,0.009539780834223011,0.006910311112020797,0.013683485086184713,0.009905471193343058,0.008819298145886176,0.011760392015397407,0.013004885653500494
1748,0.008746658850131239,0.008224304700191322,0.00887277386950083,0.009051499566463521,0.006757566457473739,0.014565635607756316,0.011734146358638871,0.008964100807906127,0.015026360254806267,0.012557996198831458
1749,0.01027510727520609,0.008906135160418946,0.01589104719094397,0.011291263851885475,0.006640751300946394,0.013942932781213222,0.009540027558424317,0.010165694333570988,0.01346402947299117,0.013243284919275022
1750,0.009171544687113845,0.008755607238829564,0.015987873345884984,0.011047286414034671,0.006327549005458849,0.01331602674326769,0.011254887526094591,0.01096406961159175,0.010367663838095894,0.01219332201230468
1751,0.010220417591631252,0.0075199003452463935,0.014865433417672345,0.010992741702707743,0.007036870670301389,0.007470843438512291,0.009694650952696962,0.010964579002978423,0.008080151195212206,0.01316169323377101
1752,0.010590820672785639,0.006574667773056425,0.013020830476000814,0.011382331516299077,0.006459770545137645,0.01017640910590583,0.011712126834662362,0.008343645148387209,0.009580144241655278,0.014163372974967984
1753,0.010008063842223726,0.008077208568478968,0.014770349580930004,0.01470979174995403,0.00782174301218203,0.010476885633300698,0.01578112066473751,0.00981526041866233,0.009977735261734259,0.014947171461704052
1754,0.005020690548785934,0.010406921873649146,0.016089037059999672,0.014763429767394568,0.008964207194577536,0.008042999802290738,0.015246469964314547,0.00954579524818118,0.01392743652693006,0.01312472159506687
1755,0.010044029907658927,0,0.012940140101587625,0.01350735816932083,0.009365465823354083,0.008301356281593855,0.014366976365149556,0.008023297773288888,0,0.013199928458028667
1756,0.011497311416766898,0,0.012391969985291126,0.015590843839247933,0,0.013571316489895005,0.017818170324623562,0.007880945994323315,0,0.013200124831539367
1757,0.014136510339153724,0.005010319625711291,0.013620679773954472,0,0.009208823167927416,0.012141786034432424,0.015009310132179772,0.007335472821756627,0.010766602775511966,0.014768472852240729
1758,0.013895246531171097,0.006124895321518048,0.013652982730230934,0.00820500270450252,0.0073536266878387055,0.01432349658255087,0.014557945127752608,0.007510686864523948,0.010340181803215848,0.014602318783440017
1759,0.012067793796817647,0.005638524827408201,0.013341940045928676,0.012076174450437769,0.007495227864638561,0.008551075766806615,0.01465490429254586,0.007650515267065244,0.014164549557634557,0.013174793716962646
1760,0.012871824714715235,0.006264254228167042,0.012108011912517544,0.011428703489656014,0.00766310883177977,0.009274724208541259,0.014773194044097293,0.008293333343246938,0.009246726498949785,0.015687518337979493
1761,0.011996337701707533,0.0058953877625072485,0.01245698981307017,0.012633062803804704,0.008780304075025402,0.01263420146139924,0.013412605133917992,0.008124933417628686,0.012107638825654906,0.014920607279980829
1762,0.01086473704049669,0.00606111357729064,0.015273371150258128,0.009872378564646794,0.008205357344075714,0.004446114907429061,0.012973829315855116,0.00911518322313846,0.011823356309563255,0.01520708674513924
1763,0.010304452599305665,0.004360644991497618,0.01509842419294804,0.013740358410510628,0.008498427621892467,0,0.01370289036204908,0.007864272607511985,0.012942361044536546,0.013716299654840293
1764,0.012309169729929396,0.0055048586658483336,0.015854513395339408,0.009741237046013056,0.008627527729507783,0,0.013985528765513481,0.009177126400018365,0.005941052514611016,0.011790107597211759
1765,0.011486109198073505,0.003969767090537118,0.012554118631365652,0.012634722467303603,0.010182362123272918,0.008476651202512352,0.013705945140071474,0.011011642544885491,0.008316400869776646,0.012329909830304929
1766,0.011501416238673741,0.00390715424186897,0.012846952111048077,0.011227485036822983,0.010145233472363378,0.010743085289172786,0.014091449299210027,0.008572736586707801,0.014495466362608664,0.01182214903226044
1767,0.012298566262733023,0.006015524844457601,0.013198447795967478,0.011667514312244144,0.009831693037897955,0.010775944181776576,0.011533305306836442,0.009943231181834,0.014150076605186482,0.012732313085879169
1768,0.014133431008480425,0.010733802883581363,0.015226509427541791,0.00753599476018095,0.009106573323909245,0.013452301366889163,0.014524034500359856,0.01012350448178805,0.012857230249687065,0.01288692421155351
1769,0.01113236632867051,0.008524849743947094,0.010946251055367784,0.007829597263525695,0.009758920878712142,0.008825732250969531,0.010501695475682494,0.008253127218505097,0.01339379034304376,0.014096188834264773
1770,0.01257992511079325,0.0061845339791404275,0.012355578014807267,0.007569618725194826,0.01038563976178199,0.008332695856693759,0.01620941626059775,0.010286338649089082,0.014871220677339576,0.013844208457985448
1771,0.010816056869419426,0,0.011747812111724517,0.007452952731185637,0.010118221343927859,0.009444791495643616,0.017365358074726715,0.00921547199710627,0.01616920321219282,0.014439714113443742
1772,0.014788723959759047,0,0.012832590782655995,0.011990513430186736,0.007405106212646172,0.01201487008933187,0.0106593493491877,0.011208820700420943,0.013497128853575676,0.015277928891577017
1773,0.011640314820847151,0,0.011389939863389152,0.01047256698782901,0.009642844588720726,0.011207273525111233,0.017615178098048658,0.009868358535955635,0.012349922058923046,0.013628477357625427
1774,0.013350871920551155,0.009727272431514476,0.011260038303506054,0.009835320904860698,0.008961012394261657,0.013193820368888816,0.017015114717435637,0.0132017726159243,0.008871295058861134,0.013025333632839692
1775,0.014443905723146215,0.006618188812921794,0.01045231655972765,0.009523837134102441,0.007691505945300517,0.010055976505049753,0.0118267484621689,0.01236102433272714,0.012805129843208205,0.01216882498651498
1776,0.01213328860351281,0.007693376375570758,0.010292717254652342,0.014247917456712979,0.000801615798107111,0.011397967341061408,0.01588384645290214,0.010303589947224691,0.012675977009829684,0.013138783885708707
1777,0.012371709081770056,0.006595466300923137,0.011461827213465722,0.013809436970199847,0.004307793216302118,0.010597606547144183,0.01366297499888271,0.00957186108529805,0.013109870470277068,0.012028699523549216
1778,0.016414399378780958,0.00641216768802013,0.015524998786778895,0.01325169778075746,0.007492587275353601,0.01097145618874335,0.015706062468863306,0.010467029868856576,0.011197480446816331,0.014247552965377785
1779,0.01412012771795044,0.005300072566481802,0.017548537319999714,0.01229194567609283,0.008213569112255972,0.010767487460410405,0.014664055706840193,0.010930738409880972,0.013234153442670621,0.011786375376548424
1780,0.013411787318702682,0.00630410482115172,0.016418144666101305,0.01301594283534496,0.011239972399564552,0.009926988633361769,0.01640807225518133,0.010345591664104896,0.013636241788729892,0.010604413586102824
1781,0.0165353237162484,0.0074011698414197255,0.014719113792036845,0.013972815825749337,0.008968967433964402,0.010145603095755806,0.012232008800595079,0.00872034233039696,0.01451190770127576,0.011022944795555024
1782,0.01636050295463162,0.007961505281959411,0.01451405108111374,0.013602381991984713,0.009810239738840609,0.013525421395400848,0.010086259869534245,0.009419816867931259,0.014107022226750162,0.012573162046656634
1783,0.016501817914009113,0.009459682558560467,0.015224112718076829,0.01565332842327284,0.009353782219511973,0.013010706587771304,0.011357995903473644,0.010417646706726548,0.013696914887832135,0.011922424190293036
1784,0.016620304732019992,0.006867206604664604,0.014347251044232859,0.013396536627174053,0.005832668148675465,0.013021849352357411,0.013717048420741848,0.004986244635004903,0.015096126287385898,0.011973600060680871
1785,0.016454124370188995,0.009191365870261616,0.01601096210919592,0.01384586255482612,0.01003932115919131,0.01001975176191541,0.016492875226542737,0.010208281074317227,0.015875335460831894,0.009790983077947244
1786,0.012442332820815711,0.006335460699050958,0.012265663469893091,0.016223889139325435,0.010134714302143421,0.00887420649791187,0.012389295104570312,0.007740931652912065,0.01596145471595684,0.010617625991941243
1787,0.012305649055338094,0.010311339602803171,0.012683230001454085,0.012586149902748029,0.009478609751029066,0.008664799454716711,0.011786076170957335,0.007931907207914845,0.014839804158773562,0.010634725338064449
1788,0.015651534701130457,0.01049303159780522,0.014443597467729524,0.013205517737955141,0.009475276810298756,0.00773796821516916,0.012169651801158685,0.009092056509262154,0.016075106742426324,0.00973111482772183
1789,0.013722776477841057,0.0054426213114987425,0.010601924355680295,0.012578190002441758,0.008912012354412467,0.009403057141651586,0.014513441451800769,0.008753408680448773,0.0114414025968352,0.009154820388497081
1790,0.011163252656574767,0.008638782932259465,0.012663873261040534,0.013204087802308207,0.006529516545357445,0.006945536157715883,0.009717364515562852,0.004263170208350977,0.00822765356496348,0.0111648856912493
1791,0.011723175803715187,0.009367214121816604,0.014665693990158239,0.012029006477042529,0.009560736950114125,0.009115435708034783,0.015365176218521083,0.009386420253764613,0.01409167376615764,0.010528153916041439
1792,0.012175067494888515,0.010910107446723548,0.015700969299244773,0.013067957394448215,0.008780176878671171,0.010236238825570744,0.013980033808687911,0.008658199779180593,0.010675527886592902,0.009765118451953842
1793,0.011597044977023348,0.011200369559173739,0.15484556949891068,0.014145456505513914,0.008839148037058266,0.008542027233394988,0.014012774894307453,0.008693344548600634,0.013020782424401706,0.012995632991747942
1794,0.012018755151274577,0.00805588828623434,0.014225732919884073,0.015509848198103455,0.008783072504689494,0.008809211049899473,0.011507236541589186,0.008210249851397053,0.014325763654446884,0.01089651882335745
1795,0.010683531999207756,0.0029018076626954794,0.012727864956084719,0.014239344229651636,0.006865903651108859,0.0076200916339200075,0.015158914522455673,0.009949356956732228,0.015769920349822546,0.009496372757196603
1796,0.01360539242923732,0.009697971955424217,0.01433859285283087,0.01214015788470854,0.00868967495551621,0.010326202555187914,0.012557589685332564,0.005383355407150903,0.014401098923240362,0.010488992550134413
1797,0.01493755108668055,0.010398084066635357,0.0157336370049131,0.017892105483944598,0.009862830429370712,0.012249566722229793,0.015901983370332624,0.006935260914356343,0.012119970383259718,0.011837695694359105
1798,0.013309807516050872,0.008192648652140306,0.014399882871452998,0.014280047517227187,0.008587992980607995,0.010570368018923434,0.013545526986780663,0.004249543581715629,0.01456347665147563,0.012723656279926042
1799,0.012031717692501833,0.011450989199126538,0.016546714439693716,0.017807712427168033,0.010475061465653591,0.010105250740114324,0.01414963419196245,0.005665130075536421,0.013843360740067732,0.012484282538928616
1800,0.0161213531990091,0.010933622218563664,0.015485910497569585,0.01782187563983322,0.010079323632045726,0.01038159772726074,0.017479943241510473,0.007213550909109562,0.013317199506744325,0.012119971979504736
1801,0.012323320380198967,0.008027817506626116,0.011542437486536107,0.014179723436374704,0.00812529624886131,0.009731900481900172,0.014299373753505602,0.005754634274711703,0.014952943947250042,0.011815802873253107
1802,0.01463562923596914,0.008455452592615235,0.01420634810389345,0.016510622205525814,0.01001935677315226,0.009830053676109021,0.015465891018480699,0.0031861346856561575,0.014253544715412932,0.013152245529963576
1803,0.013911438668737158,0.008251524282526852,0.011153477863076593,0.015588508566710577,0.008206092533162318,0.009177155530048414,0.016542518748228804,0.004994392259705604,0.013854609982502418,0.010625548741740874
1804,0.011819993276138778,0.009360649176907083,0.011890426053449622,0.015267875440203532,0.010256335096218573,0.008335584932157513,0.014704131420497753,0.002230534992159329,0.014234987812717655,0.00951846828238243
1805,0.012964918285455124,0.01067415686279253,0.014490444188515658,0.018081303893190192,0.011130729062345851,0.009862442562715089,0.010762580326753968,0.007251313857394938,0.010943818208144582,0.011169175428169288
1806,0.012851669013834192,0.008140721559020323,0.013309110542138106,0.012878682951957697,0.0027117998691508468,0.008031594102069984,0.011240174983411068,0.00743028728778074,0.011015706306889465,0.008599881625248796
1807,0.012427405717495291,0.008648985216441906,0.015994779521110676,0.015850175085309007,0.00985419557972345,0.011366404605523833,0.012787960784154971,0.0045523527205260286,0.011997929534351765,0.009073907800376127
1808,0.012987230267408053,0.010518418722539575,0.014993925247653308,0.013671077901551311,0.010822346086183238,0.01092954347596923,0.010015388732240928,0.005862694428046543,0.012346708839259255,0.011075307743507517
1809,0.012393541279960809,0.012648414390032697,0.01443355924914182,0.01663210430905889,0.011029338770736957,0.01029150056843634,0.013193604847025557,0.008246595834135286,0.011586023610340565,0.010429035883118337
1810,0.013792282811163735,0.011196558908406302,0.015180299652352514,0.017174246707741127,0.00924780966166028,0.011953197113357324,0.012126736475390355,0.002326155342934133,0.014024197978564915,0.009684796221162185
1811,0.01346668761828859,0.012048524271481342,0.013103868626799107,0.014270473384857405,0.012377324573325537,0.01042071406135287,0.012147493071731776,0.0058777564335955,0.014008018160075323,0.010444512413818528
1812,0.01203823868978011,0.010466816428316091,0.016111602320965496,0.01662819291418666,0.011804858738302162,0.01090611344396898,0.014110099376857714,0.0046418051150509095,0.015737816688586297,0.009870388485694782
1813,0.012723268105888549,0.006542334810941367,0.013890053986220627,0.012668481054882485,0.00664853429899015,0.010294649931493953,0.017715818704309667,0.0055877825548099076,0.01439160257379788,0.007076944275819856
1814,0.011704241559113796,0.01195464761752936,0.014602359028241129,0.015241403464561987,0.013433330307172323,0.011837866684194783,0.016801805848165388,0.007699985622928373,0.01412880944820802,0.008661567895261303
1815,0.012614759724760814,0.012070612317431863,0.01425253288005176,0.016477210726263167,0.011918995480997062,0.013039276832530854,0.018564251973749158,0.007133005497708248,0.011193789896861575,0.010031964954770847
1816,0.012370114160691413,0.010686009399046546,0.014341324258753167,0.01663116941650973,0.012220698650943,0.012664281228107144,0.017479046367423246,0.008931626496349062,0.012452453919043,0.008603257681810528
1817,0.010473981769122677,0.01013508987613323,0.013182895610768781,0.016114406075812188,0.011745698474552183,0.013074441796237074,0.013901858036421681,0.0097947154680695,0.013656277982949454,0.008738716789424823
1818,0.011424666938327693,0.01190339581028354,0.015567543422178117,0.015815705166042377,0.011912657950889749,0.015129727433422134,0.01633113772781593,0.009048800283309235,0.011817039476329947,0.008545073544203167
1819,0.012496431488229478,0.013608571081676712,0.013141622724080239,0.01744235066197021,0.011312986568954552,0.014202991725343735,0.013756129851520667,0.010123208251716734,0.01280764569326379,0.010115726499615662
1820,0.012530708447197685,0.013258199459681532,0.013424897743101384,0.016121990163450683,0.010246191053414263,0.012782937950479622,0.013162230870819577,0.0070573970608776215,0.01322317902212847,0.009906999230391757
1821,0.014767874972145554,0.006702617532353814,0.014379700032022201,0.01779267884415959,0.010540093734609065,0.015128641515518869,0.016941881016272434,0.009772448699593636,0.014888434736919266,0.00980076302114062
1822,0.015082341644915558,0.010679217964352929,0.015496681650313699,0.01916418512223502,0.012133033472028593,0.015755550942349213,0.010320076796233937,0.005502617493542339,0.011238049184597462,0.011157096575278053
1823,0.014401843843949018,0.013478010179219322,0.014979594966292338,0.01724937011722997,0.010958121339960799,0.01621012572613203,0.01200670340743298,0.00510145698969111,0.013606958487476343,0.010958720479688926
1824,0.014172319832782462,0.014739560556166901,0.01599209840272679,0.01589758860348536,0.012611416120459372,0.018314831323297198,0.016371087331490522,0.005597262267182471,0.014003511959194668,0.011808363915634676
1825,0.009852614911616663,0.011254741220609593,0.015826639316860583,0.01610675212668658,0.012133820272061767,0.017589910988706377,0.014395779233704116,0.009967411249273816,0.015129361401060562,0.012305556019288228
1826,0.013638257714415875,0,0.01309601820859693,0.015389477508702004,0.01280377153078658,0.011059078765737524,0.013792081478801784,0.008272180715319375,0.013497817083375056,0.012524602999084991
1827,0.01826318762844409,0,0.008491705371925602,0.013292309263431674,0.013218340502118162,0.01249642671345504,0.013538354227399293,0.0067472281321485465,0.012003230986121651,0.011628030647700124
1828,0.01594448964029357,0,0.013095265243986664,0.013057553390347034,0.01217429447907624,0.017062806067650718,0.011845999827584306,0.004254536379244918,0.014823501114415279,0.011607544542159967
1829,0.015128279644334398,0.013994444392416268,0.015310383832213266,0.012560162067874636,0.01398836081284166,0.01577663546785724,0.010090969674133143,0.009754419402859557,0.01416309676260921,0.011468577978478101
1830,0.014145488070732404,0.010076579352029685,0.015995644186264497,0.015707082553782517,0.014935724982081401,0.015242764202561819,0.008989680327449893,0.00922300996843275,0.012179721521786454,0.011826503700099775
1831,0,0.00967027012205682,0.014262253450391343,0.011038067074896397,0.012996879929006206,0.018674126295476882,0.0077841510722248776,0.007114900217212512,0.011579139594561782,0.009107306140321047
1832,0.0055332773682555065,0.010043286664449655,0.011965576960413168,0.016621262405829222,0.01275273687889191,0.016130171786233986,0.014365978269955861,0.010006275787755597,0.013108454816378472,0.010893833042402271
1833,0.013283389097576157,0.012162691560622715,0.017075524367093513,0.020123414536810314,0.015353804369262708,0.016032797548732065,0.011086268381860985,0.008678501070747538,0.013144557167064374,0.01409768214964014
1834,0.013809296411074154,0.009420566195002226,0.017213911998071537,0.01908043939028411,0.013108055184603269,0.01679935906681807,0.0038037082365091055,0.005598215183195038,0.012495938079334088,0.015146943395002095
1835,0.01098141668804262,0.014010258629564816,0.014272285866255424,0.019435399165867125,0.013445797789514144,0.014597690956457902,0.008830317127854422,0.00828774495407409,0.015072793523566833,0.01414186012213453
1836,0.013435407797068652,0.008473862094946657,0.015278611890207194,0.01816020374251691,0.011406100674795059,0.015315186784171765,0.013907100074269842,0.007250258797096829,0.01383396456733869,0.012304220660827623
1837,0.01007474531646989,0.009914761828243315,0.013026985018081307,0.014134849238572594,0.011211014412336882,0.015397481756605465,0.016286057830058213,0.007046667220662867,0.014822205837438748,0.010946848237402548
1838,0.01040608457807835,0.010593787726268566,0.011627855989892093,0.014300856219044093,0.014518512333359804,0.014698690323589109,0.015953819873003407,0.007073533315368174,0.014156637810636972,0.010298309588088722
1839,0.010159816668642456,0.00833497580470702,0.013041603501807832,0.017527690307425556,0.015071913030200222,0.013903888272735185,0.01818660296353004,0.010530371979120637,0.013325890742793025,0.010136607712157518
1840,0.009164081409719008,0.007547214615054944,0.013430410207329506,0.018374945787265385,0.015787300600099394,0.015998055578234333,0.014532837147819702,0.009674671571303166,0.01375517634629319,0.013934582071396888
1841,0.009466201392729374,0.009306093145236045,0.012893256983140535,0.015988417066969175,0.014526004001139101,0.016664920961551793,0.013866143255944416,0.006537203302610588,0.014149598462550612,0.014840470801513109
1842,0.010066150925877855,0.008509614134945867,0.016783070784009656,0.018416438793718824,0.012372072480067494,0.016993310701018883,0.012507251948523151,0.0073192798900535505,0.015272204455479868,0.015012833868372289
1843,0.010575501287089263,0.010842963487583531,0.01824987872544733,0.01898619268783675,0.012790682316609582,0.017427796742738755,0.014053055422087573,0.009137437511513623,0.012796568502403597,0.016098768709936238
1844,0.0087922832643389,0.009096818291401899,0.017204909173220297,0.018161039270974462,0.010634284086363105,0.015612896460041836,0.014789993168969886,0.003247198104265363,0.011950582892850604,0.01268115832569688
1845,0.0095385641381392,0.012000338945976897,0.016488326338909287,0.0193293380513216,0.012021195179976287,0.015084925999551519,0.013373714040018737,0.00824922102180856,0.013624439451001965,0.01230097785535759
1846,0.01010857940337713,0.010243976174308923,0.01682183399197648,0.018920051962247827,0.006352867539665242,0.011791785390252073,0.017496654527141237,0.005762881761592411,0.013364481955640299,0.012608547119817277
1847,0.009986495883811545,0.009762222303527123,0.014590796192390735,0.017167157339111044,0.006155662311469859,0.01534150139367128,0.015592492618467605,0.006263368334485219,0.013246315818343268,0.011437575961136277
1848,0.008053431967404628,0.006381637361297019,0.015967491249900673,0.01682086871293878,0.00508115155115072,0.015894166234560057,0.017650252217053755,0.006055332501489811,0.01323585015543278,0.011248148418032254
1849,0.011220960464230214,0.004689775035683875,0.014969324902506687,0.01853158222023851,0.003887497394650148,0.016714615865141096,0.012002375828041935,0.005735316417914703,0.009830761753546474,0.012019576911260607
1850,0.01257897278213022,0.010849761243839058,0.014743643570543924,0.015186189733959441,0.0052998350529359865,0.016145564671058127,0.010921561312996386,0.004832149812138908,0.010348845194191712,0.012815195967014411
1851,0.012112615415849237,0.015357099999036446,0.017047171948430955,0.01507223378408879,0.004405712823736601,0.014991562020311629,0.016448286394964446,0.005249598932379772,0.009667857116340585,0.013120641313130838
1852,0.009454009634729268,0.012918165505885438,0.016796560357508143,0.014815577569489194,0.004718111912408186,0.014847089662547849,0.013102326812615953,0.0039783108045803465,0.009563303557619893,0.015208960158467932
1853,0.01109177881407272,0.011886267612867804,0.016701488088703247,0.017990056980645215,0.00461490015688792,0.015674343014698094,0.012417258267823326,0.004510904566369834,0.013006120743692472,0.014972393067080071
1854,0.009941122167960344,0.009411102716118096,0.016599339749912966,0.016732688670965876,0.00405068220134817,0.015203034277608746,0.01577386215221127,0.003964752831810498,0.01403575711665193,0.01150840985313287
1855,0.013196817302329763,0.008498744700387958,0.01834792287501371,0.017436326653109673,0.0051144569886753515,0.01572101506707204,0.007525801019120895,0.004071039606967274,0.014582450987508747,0.015593894121690008
1856,0.014288123674238016,0.0080772126328988,0.018109248227534413,0.02020154882845476,0.00502534191988843,0.014596539455891571,0.013794500777290724,0.004772784837834435,0.01163541837726064,0.013935068361395405
1857,0.013352190033523857,0.010614467031620995,0.016647047372034377,0.016814002220219677,0.006358522362287426,0.01246335988060297,0.014512836384538385,0.005405755239545033,0.013629073025960699,0.013437148916529269
1858,0.014094076727128311,0.012600781473848048,0.014836746026415517,0.015629163867246356,0.004253069962294015,0.013483544163382202,0.01448619100362841,0.004870098232072618,0.014535762218316537,0.0141594042699368
1859,0.012814645349972204,0.0097062153455299,0.01725167210114286,0.018125853412868105,0.004973206462147153,0.01471061913771903,0.013729654595079714,0.0044295340068303355,0.014983245331180135,0.0178457037646176
1860,0.013246393543505134,0.010928396882009436,0.016704516132972313,0.019484811075447524,0.0032165513728143595,0.013811079649739528,0.013349848462696821,0.005415362264390977,0.012785167461385534,0.01794947004013612
1861,0.010856883961779487,0.009732344902463571,0.01656319112182471,0.0149716782081101,0.004575106769317733,0.012355513513451558,0.012045003261690829,0.004448461617916866,0.011923136314229575,0.014657742578934433
1862,0.01383739640085142,0.011085077788073359,0.017418106121763966,0.013208179711002797,0.0074104213980055195,0.012713076414920248,0.008921889608957788,0.005527199722465385,0.010707836272366378,0.01759782082162855
1863,0.013037939218381436,0.010174712498038481,0.016360762370483197,0.01555424950096014,0.0049593504505215154,0.014005889598279909,0.010866026080017311,0.004323231736818064,0.009226358131980463,0.015108847231896469
1864,0.013843978938192654,0.010626357509701078,0.0163702658603633,0.013791943476734922,0.004898601251927765,0.013286680000069906,0.012379380398606749,0.007137634730044962,0.01036183355839816,0.015200594909884
1865,0.015295180377051397,0.010608171116294965,0.01714877608513903,0.013530875733933733,0.005079843508512991,0.014277647511283692,0.015769828686656228,0.009079053429602593,0.009454131025641447,0.016751396397578132
1866,0.014275868933227588,0.008235873238066235,0.016767077346125182,0.015009044648883247,0.004333871163551532,0.014681005812081444,0.016197915255411963,0.006272623343514504,0.009659084459537228,0.016119579095486038
1867,0.015087558066369565,0.010529029734697735,0.01831919567165464,0.01378547427280379,0.004759026070698604,0.014587178075839495,0.01369327976731835,0.00883963740226382,0.009647826620596692,0.017771169350521605
1868,0.012733168129749417,0.007687774575277703,0.01586416034325567,0.013668154275074205,0.0036718029874815883,0.013573035958954384,0.015837891586673477,0.005096615455759653,0.008504176386090807,0.01518817097028396
1869,0.013777547975983307,0.00862956965336989,0.015404378372444802,0.01408759083953124,0.004208893689757195,0.012209609653361524,0.012063172950188612,0.008092053933315333,0.009333432976549393,0.01632416064597814
1870,0.015750536490345097,0.009862694254660511,0.015570024254157924,0.014686523966593722,0.0053865544018352135,0.01539059965483131,0.013492032508620536,0.007892537901112627,0.007858352737006516,0.017132270118683575
1871,0.015126194967561016,0.006312544541112236,0.016740984986949342,0.014384978385909063,0.006297177936911063,0.0162288619930867,0.01457585627559826,0.0056112038698487975,0.007612722528314065,0.015418657664165692
1872,0.01419906531614523,0.008721587400060403,0.012089133163645198,0.013273096641297333,0.004102071334506718,0.012344344122522086,0.015199990866469932,0.0031339023996182513,0.008444161794687247,0.012548055830207194
1873,0.01410629856586134,0.009980933666478318,0.012411882183674748,0.012758159835508792,0.0043503308073568475,0.012572145452096442,0.012216290593100514,0.005478738451275811,0.007792937809643578,0.014149255247124846
1874,0.01376521644809484,0.010702426268350267,0.012402279570291146,0.014544917185696914,0.0039516180796811224,0.01328087510914775,0.015477537065239218,0.0063531265695416115,0.005772547216870506,0.015676776612174047
1875,0.014333849981578833,0.04351565155985226,0.011738370518017682,0.01290174853408972,0.0025496240666619077,0.012140753422746238,0.00816288021861026,0.0073801566028936965,0.006247104372825545,0.016353537257462178
1876,0.016112787375159494,0.47716355520931436,0.013770136830258226,0.012190713024586743,0.0036941314332588518,0.014650197786960258,0.012916798953652721,0.008479510855334715,0.00791458716740016,0.015631787563567635
1877,0.015296394730978888,0.006276753528617228,0.014880568214887169,0.012005210028844686,0.004363486340474576,0.016317508785560056,0.010740999645897488,0.008975733441853557,0.007819352557311633,0.01736299050010187
1878,0.016510505045420096,0.008677274174508004,0.01582904501052642,0.012994800250573217,0.004566801090868064,0.014536577025490742,0.010432803310059316,0.008807690203832883,0.007844122218376753,0.018540861650474486
1879,0.014094678900260824,0.009825717367766273,0.014823617469229725,1188.9689203602045,0.004311188408692099,0.014409347590243546,0.011834901395701083,0.007871175925368422,0.007107772959626103,0.016291715819303967
1880,0.014281433030433171,0.009144160076563462,0.014369263467640505,0.011772769595005396,0.005609595521103933,0.016272667256701737,0.013336551314870378,0.00939637019757759,0.007127703226318671,0.01720072224814765
1881,0.01160213937634143,0.006498220119328401,0.013008708718363812,0.011024496515253395,0.004983372756563994,0.012586230685375779,0.014085867753051564,0.009029142636891939,0.007870119057955227,0.016145689360385487
1882,0.01028097986198328,0.008488260419656403,0.012280737826609043,0.009508528035300258,0.005021151065972799,0.011090691679486776,0.007680362502196708,0.008471450383636546,0.007531964670319947,0.017789162533000193
1883,0.011346397188437945,0.007603040461572699,0.014790383572751233,0.013936795400333372,0.006179451411367098,0.014694833315588652,0.0103835247744729,0.008782953284344662,0.007355741092770666,0.016513729610311778
1884,0.009879404663931335,0.008226090910244193,0.015576965658212939,0.016216688132756105,0.005821200276166544,0.015637628964263857,0.011912868265458298,0.009708541985175349,0.008264033038600151,0.01927740304178279
1885,0.01522643018397515,0.009733297858171269,0.01668647537926945,0.015403187673826056,0.0038361151471799707,0.013822879927544038,0.007671468223782275,0.01168957488853202,0.006381933237136604,0.01924432916139291
1886,0.013784950007579167,0.00932729468494687,0.013163340225253053,0.014010818721215382,0.0032491964661001444,0.012348820854198339,0.010820920757806442,0.010180822743918119,0.00784464232344268,0.016961092644752408
1887,0.009079785496658735,0.008155776532656195,0.013263435524005229,0.013798231652381145,0.008184392602392338,0.011745727477278105,0.012088530668359033,0.009458708942457561,0.008543194687702076,0.012856158389723388
1888,0.012316336066855402,0.008410231722572775,0.01486755600662099,0.012996346835271995,0.008581311734757567,0.012819977829672794,0.012376845208937599,0.007252282507560745,0.007812305787566184,0.01485763418783151
1889,0.012790115971080807,0.006515925111832153,0.016183258942186304,0.013777306414768486,0.009823881545866955,0.014855087698400701,0.004118573351620304,0.009270091099163439,0.006815430743336737,0.016051793366465707
1890,0.009080047921703726,0.005559823802751433,0.01641710208943897,0.013889262627782742,0.011626142054101174,0.013589089137915846,0.008392490457226176,0.01240814086222218,0.005508633399048561,0.014124996068303548
1891,0.008838786067679445,0.007543810339037363,0.016274886106229562,0.010548469909239496,0.011475881908371515,0.013910420118254005,0.00732765490614211,0.011336144518874868,0.004343005256876536,0.015790145192778392
1892,0.006072871255979028,0.007248204273491339,0.013906289005585125,0.01081040543958447,0.01005338168506888,0.011158000247815122,0.009293436317615296,0.009207731920008283,0.007585321098256435,0.01549331129692509
1893,0.007762361413163708,0.008465066960909432,0.01429536599260527,0.012554022236979387,0.011105180289282791,0.01256094355661754,0.014190304623273137,0.009993118587312411,0.006707750714862683,0.015845612442548167
1894,0.006732039571719883,0.006843803185120337,0.013132537803080263,0.01083658074477133,0.01040185240956507,0.4337863079602383,0.01377351314893008,0.006793148813395252,0.004756545199289606,0.01236419412037566
1895,0.006324731110337829,0.008277410244979857,0.015332792176943024,0.012254299647616193,0.010458499011876064,0.01328662345696321,0.01143314499515739,0.008297177067865445,0.00485411886461451,0.012948791355563352
1896,0.006950706882908904,0.006524347758390784,0.016204844609398677,0.01384125738567429,0.008686039442862356,0.014816660519705012,0.007980190878313,0.009720137365927637,0.013702965197233357,0.015260787670869363
1897,0.007355482319836341,0.007715901865436226,0.015300088776943046,0.01276136781777567,0.009508262478233899,0.013898058434257015,0.008471376014517355,0.0077343506347310196,0.006031814986311604,0.015309886280622204
1898,0.007226711212341257,0.005675254212987102,0.01760228593666627,0.012357773924266796,0.008902143308689558,0.015056793727778765,0.011687259556127374,0.007834736554027853,0.005611333268174004,0.01794914980849591
1899,0.008885610653092114,0.0065049226096263344,0.017884137851907515,0.013303321364583492,0.009963196725665393,0.015908391610438503,0.012708866994310638,0.012104900991215285,0.010095278147806185,0.017137781509740074
1900,0.004979623376169198,0.006177365127556712,0.015668197622374893,0.013212386396832898,0.010723124994568792,0.012825389141509215,0.007429387747463628,0.012572647422857783,0.007276802761480122,0.013773412839304186
1901,0.00857237670755172,0.006517431226102716,0.015045840942718243,0.013102878804994802,0.007953017976220137,0.013805606322202419,0.010595113469740054,0.009628157609637342,0.009049409438484908,0.010197045344642747
1902,0.008401135647219036,0.007064567540873132,0.01774918904542725,0.01814288249428933,0.008345331713236292,0.013257784050477513,0.009804425921319951,0.012767673188745176,0.010026761945613654,0.012891985217847818
1903,0.0066586871780434575,0.006572981020720609,0.01563366189199007,0.014878310739025522,0.00818426597276335,0.012148760883893545,0.012393337857885225,0.011406221848075954,0.007307268022839365,0.01203271061921873
1904,0.008368251792744913,0.005811710972549739,0.012599454475206976,0.017744035484402034,0.008237623036237754,0.014664589133772117,0.010506430649708633,0.00981419894363192,0.009911249641317685,0.015601038091143308
1905,0.009270344549195404,0.006709490830793232,0.013903483557615283,0.018829478247921153,0.009051232802788453,0.014849315672590816,0.012321014943126728,0.012735593920595966,0.01036008936093791,0.013504866815797194
1906,0.009420194763010637,0.005150447338056359,0.011560201487650554,0.016766026788832062,0.007772331625432183,0.0133747052795713,0.012450516105857425,0.008087385736643828,0.010056858668894645,0.013221269909937435
1907,0.007167627191680943,0.006527649117451497,0.012400291260656308,0.017646649819312448,0.007412283242642409,0.013545299186671963,0.007504504215277797,0.00856768730168997,0.01200468007768814,0.014311127487058681
1908,0.005920047452932187,0.007851891473200373,0.011660880020597097,0.016418501944878785,0.008930187053861824,0.012379773720033783,0.011500791932761063,0.007294483343429058,0.010490417191652888,0.01149269443009933
1909,0.007365353965091032,0.011787418796163554,0.013842806241245469,0.01687396583393968,0.008596311371836326,0.01556188259801334,0.008690443249681002,0.007683065706058284,0.008082805348459685,0.015685553493597834
1910,0.005705894058029335,0.009169227430445473,0.012391599395670786,0.012501526614837995,0.0087558409000183,0.012753273053654828,0.011767952579762214,0.007583243814712613,0.009732730417024046,0.012590695484079512
1911,0.0022354902281060654,0.006917971021009809,0.011264833445168647,0.013192418854383344,0.007946646950000528,0.012985774621264734,0.012221155393039494,0.006686740309717778,0.008700369615122433,0.011686250069265826
1912,0.006989083270682282,0.010039496461494312,0.013239439440650116,0.017642848217556066,0.008235102925955333,0.013995738991760884,0.013211327044501973,0.009669671627081598,0.009514583680028891,0.010932930790645525
1913,0.005566549223276469,0.008441749229102418,0.011563836158280577,0.01651676438422099,0.008145794005362549,0.014120230388906382,0.011242487381765844,0.00875583708514301,0.009987978194902,0.013158651666768727
1914,0.0069997882817428424,0.00973617302982438,0.013878013825618186,0.01879095768444315,0.008871935789659594,0.015954784479451638,0.01154284542921422,0.009994507878636311,0.007680596727369511,0.017301522355198468
1915,0.008542394138508953,0.00770828492324533,0.013240253719361952,0.01919650937589291,0.009201371432491699,0.016100319981764446,0.0067824968072433805,0.011824509247397561,0.010785274160915213,0.017375611931388143
1916,0.009007069076749087,0.005955494488180908,0.013268162300654383,0.016516478046577247,0.009107525474320366,0.014092179076947162,0.006241523079506259,0.011966629256684415,0.011304322400981427,0.01447007013627591
1917,0.008137095864369958,0.0067834630453003945,0.012480722357103818,0.018360094046574883,0.009840833323513636,0.011661229191157436,0.01128510619226562,0.010077300028729457,0.01009329448812152,0.014446740324767626
1918,0.007667412497097087,0.00788351593610727,0.014223926197567611,0.018299515376337696,0.010115191373528926,0.013306837962874503,0.009088413774703938,0.011024277540258072,0.011436736901595291,0.015583623830503672
1919,0.007864416444889989,0.00781735750584496,0.012249984250181742,0.015803795935174364,0.01012289679426443,0.014167416787948176,0.013439164680815017,0.012258204332834843,0.01055280523872657,0.013916681100140289
1920,0.007829555707755387,0.004737311277829245,0.012037514359940694,0.015787918395827657,0.008568999167173566,0.013374217087957142,0.012254136746560193,0.009854841045870122,0.009167536272789606,0.013432924121737477
1921,0.00883265368900866,0.01117141647620011,0.014143411578923484,0.015939416100943307,0.010465875595659875,0.014103230672184339,0.011100954411570106,0.009335840635291689,0.01133167327093872,0.014883501126335246
1922,0.010179831177580798,0.008056244014614291,0.013998134893385847,0.015662737805092697,0.009960523922027634,0.015872331842049392,0.010965136749296724,0.008488178474494228,0.011077344187816418,0.018904685145572954
1923,0.010350782918943098,0.012215312035776414,0.014983571580597559,0.01614794590391965,0.012382783886418319,0.017219220940955345,0.013685777129278952,0.01005948224269168,0.012604664912399987,0.02015263496653629
1924,0.00943844263813727,0.006783189692624934,0.014409837991846534,0.013899841542349889,0.009602455393180883,0.013466623314976334,0.01192036710612447,0.01210842329080062,0.01199426003778079,0.017863476626667794
1925,0.009956536101567463,0.006602348280057778,0.014624653553542427,0.017559890094484165,0.011196305988454964,0.01455669313448428,0.009788183559174804,0.010832196169465892,0.012949405445806144,0.017848058290484095
1926,0.009251234910971667,0.006536456505298837,0.015390630488481123,0.01569948710947418,0.010955679836572476,0.012797516889974046,0.013511028209535723,0.010505796857165833,0.012481754518694245,0.015337411988488911
1927,0.01067363553484203,0.00851588433366905,0.014901747240830323,0.01682555426201377,0.012460047716349797,0.014455271505440338,0,0.012434446431336994,0.012661799709851282,0.017713848129855516
1928,0.011425928012338564,0.004982281214241302,0.014839941158780519,0.017541010471308103,0.012015082990912555,0.013050122463600638,0,0.009568719132099297,0.01162406532378785,0.019351024982680005
1929,0.010783681469053865,0.00809036107797162,0.012088081274039219,0.016630641411467112,0.01377953655127777,0.014876284378777905,0.0000649983024330124,0.014274841527938599,0.014518647344148304,0.020257565954461078
1930,0.010784383376738338,0.005406387924159052,0.014297145587611262,0.016783396272981713,0.012412463902541138,0.012779980555646674,0.012545739928312984,0.012455098022363305,0.014078979473873285,0.01900954990893691
1931,0.012780167143228546,0.007812998162896136,0.011813081375877783,0.017816893507639354,0.012855065655005138,0.015100984226762875,0.014029149133475171,0.010398858923629711,0.01302472813249199,0.01897944142184972
1932,0.009637457606832088,0.004099343506337708,0.01162076752687788,0.015776597049813428,0.013334901458918582,0.012565246762911798,0.01635220697339791,0.015105216419368048,0.014612044901688909,0.018903113232808123
1933,0.007591908914678661,0.0035818705112317514,0.011043596501768338,0.015878065641894017,0.011610392452849703,0.01336059012087236,0.015694688361565283,0.008671263674069509,0.014022286019202905,0.01765743227168246
1934,0.009218377872452286,0.0056759716555162204,0.008668228051260806,0.013374763622482203,0.011944346349389628,0.01219563859902792,0.015422227806845537,0.00940274211238535,0.011550395474173398,0.018271782103921
1935,0.008560742602564442,0.007397660177797644,0.010958943870405387,0.014994395603770359,0.012996464089555258,0.011876731229621495,0.013849878040875247,0.0053537012620060685,0.01337131290096339,0.017718810051743708
1936,0.011050038085823834,0.011962877920751624,0.011620245480323279,0.014989722066523223,0.016415244780378334,0.015784790511285646,0.01671045528574053,0.008912737143320514,0.013914066374220138,0.019435332333001494
1937,0.010482255372080047,0.004923502912022662,0.013624881392211522,0.014073701314228084,0.014255445341324032,0.014638466525923672,0.016642613167046304,0.010197297516580942,0.012404698868539746,0.017062840699296714
1938,0.009786591504624976,0.0042023605239201725,0.010185250643249712,0.010428266213298877,0.012169949768084295,0.011526532906788156,0.013908976770697424,0.010182512813286908,0.013423531064426975,0.016432372151596982
1939,0.009595686568663678,0.006856885363820637,0.01290485473237637,0.015011038046950006,0.013286575079799006,0.012926227893618311,0.01341781153857892,0.009701610027319058,0.012832648299575347,0.01661261228810576
1940,0.008247338237740051,0.0055453096706039665,0.012871035931587008,0.014653704738626957,0.01325730697775112,0.00792760394406524,0.011117370635212991,0.01040555652755005,0.01418722148586431,0.01790363057508038
1941,0.008624557595606952,0.007939062893227967,0.012028274134335031,0.01291366549814637,0.011386879869103575,0.012818607620015562,0.012997910282155465,0.008541891980722654,0.014223363778760077,0.017915087685653884
1942,0.007501484316393123,0.005886140439807094,0.011058104530485512,0.011537546916394137,0.010414089442614868,0.01150592134508943,0.01291180473323651,0.007329342594231687,0.012680544262613336,0.019320898342367283
1943,0.008356468759020234,0.00926974668022011,0.012791566217056731,0.012371905872279194,0.011883298066110276,0.010682577586372578,0.010689418043273556,0.008878490239830623,0.015242247992444365,0.01660493221605162
1944,0,0.007256360164982356,0.013603835751288212,0.013063745987653634,0.014307632564104826,0.012940822782796782,0.012196402527890286,0.00973112670557284,0.014260078199506376,0.019600299826235408
1945,0.002485435793713444,0.01552512880817876,0.014963185566116135,0.012126316326833588,0.014297664204282204,0.013787332372110743,0.013710846137010787,0.012341232565468785,0.015324786630338531,0.02117336172892548
1946,0.007412247453647534,0.004729132772409281,0.015006174250094133,0.011646799570570564,0.011881884247497431,0.012744924130938263,0.015408277094877403,0.01010050929269139,0.015404636584722261,0.018101108457146818
1947,0.009954964829290137,0.011260227251496426,0.014571182719279444,0.011646277372081702,0.01150653785712854,0.012642084050807068,0.013998840694621331,0.011439910306350881,0.0145426415316377,0.018246635715180277
1948,0.012541958996681524,0.0074677069443235536,0.014787849140357178,0.01200700428795497,0.013846578871483566,0.012810993007489033,0.013168321214799723,0.008816263686366272,0.01483822469086015,0.019935829473812065
1949,0.010927033510793306,0.011542162010677197,0.01748781584454774,0.014058611310164611,0.016285338731332515,0.012947925097623601,0.015508617757373293,0.011405582779350212,0.01599955666764371,0.019076472779354252
1950,0.0107301214689966,0.014234057219457245,0.015818284171457742,0.011895838964717778,0.015394678579199357,0.013066891256592291,0.016109066976162364,0.011939974733023436,0.016825835329569973,0.017367779583251516
1951,0.009234848990195523,0.00789018201713642,0.016125732091839626,0.01324837641569305,0.013124144460310794,0.011621580222279857,0.015519458390259526,0.009988370614560036,0.015826015294826325,0.27765415296368734
1952,0.01239449485507816,0.011493643244987903,0.01624471155177593,0.0122976649298554,0.011925221993243536,0.013306605385885744,0.015217957844017504,0.008828031950297506,0.015726841070425077,0.01819603255716167
1953,0.013798381768679441,0.014883820005642003,0.015183684276458708,0.011571080493592668,0.011545591652775094,0.014839387730563994,0.014134914871942128,0.009483379946178037,0.014429409396247123,0.016354947325691573
1954,0.012445256102883294,0.01103367570807796,0.013428821900289595,0.00979165903870977,0.01037420173197035,0.012250895372739917,0.016714713023623744,0.009997169668843847,0.013583404142216766,0.01696027430281493
1955,0.013804048361515454,0.011923531683535606,0.014159144228129599,0.010097971333869147,0.013953100716944037,0.011932490555747143,0.017876893011154013,0.011266749193563215,0.016673097711447534,0.01775280551033725
1956,0.0145068591339791,0.012721365856301391,0.013916017697769975,0.01008435110456731,0.011775552504916574,0.013166936372129644,0.016490294726457615,0.010975592629573582,0.01683520720617543,0.01934901953465068
1957,0.012466726868647185,0.010245793402404453,0.013396281019611178,0.007786669804591024,0.00965113588741492,0.011197160203715138,0.01523603297903755,0.009676360987624808,0.013263046783804886,0.01799413663256774
1958,0.01435312164007534,0.011596051999601214,0.013325160668763252,0.010864819969251927,0.012022865322848485,0.01088824587072549,0.0184439235970531,0.008378334432030315,0.016858239715294116,0.01612505754979089
1959,0.013945521898706419,0.009857220485773942,0.014306282675524334,0.010902783848787826,0.012357456333251504,0.009673461371290342,0.01730095447559675,0.004789650063036377,0.014034779340831827,0.018915878063505826
1960,0.012209711074246442,0.010360027840194727,0.010717370744828082,0.008628441934367612,0.011174836750262712,0.011291847408686214,0.01546816193797266,0.0016066814663182015,0.012975443479576505,0.019485007812340267
1961,0.01169257987411518,0.011517953240637624,0.013662542350412648,0.008267804621315442,0.010242823365921454,0.011158015411325092,0.017148526089938415,0.006303721735431203,0.014161399505206205,0.018087025294885203
1962,0.012128756353543347,0.014899616943753996,0.015773091258838343,0.010245487451548563,0.011279532076155643,0.015236136454423876,0.013276553773332108,0.010155336203293468,0.014279293948990537,0.015764923122117
1963,0.013134580515456407,0.01450463385325754,0.014964053453049311,0.012016603119866437,0.01258501383248752,0.01441833383983387,0.01331891996016464,0.009942563530495758,0.01484644650379585,0.015728353221023825
1964,0.008305285341158139,0.013561929600294492,0.01645044946918769,0.009687200053229712,0.01139785735586917,0.012784492552908717,0.014223567661983658,0.009666402259257727,0.015283678809186718,0.017919520981791878
1965,0.014622763499131107,0.014798851086307518,0.015429660751239242,0.008868638200390333,0.03377912426935185,0.011233524673701378,0.5656391124045893,0.007631144626645449,0.01682006418249635,0.014834547440339511
1966,0.011762994420296435,0.012396546799992357,0.012335514709587816,0.009028175646535224,0.013008354148918712,0.011738813926664798,0.015313486745049811,0.011355112726751116,0.016279998338166957,0.016763311196125556
1967,0.012190230557879558,0.012201600695572232,0.012866245264775146,0.01070623189850306,0.011881229805471093,0.011679908922256852,0.014891756967822262,0.008369672398524602,0.014068594007112675,0.017783801217954247
1968,0.010756987242089688,0.013644864941568136,0.01590443753329898,0.010815320165162904,0.014446082929724055,0.012592727435536012,0.015984483038126638,0.010389656144023048,0.01675992354445703,0.019555230307073474
1969,0.011834652385008113,0.014544176845107048,0.015401997867944231,0.00853004200797988,0.013048616424002915,0.011695784606977112,0.009261680905714631,0.01162055314107939,0.01649132913662008,0.018733528633401587
1970,0.010899059937862136,0.014659388789169253,0.013046200691986339,0.00940794841494065,0.010273766463442618,0.010643216820068397,0.00547560819373642,0.004385236284400968,0.017136581035286133,0.017522896172164803
1971,0.012407230775653462,0.01300767797694936,0.013446867924751785,0,0.013361374357761323,0.01215574594179569,0.01158147309344197,0.0035118182589768334,0.01579164080379835,0.018785874856666343
1972,0.01586478389926158,0.014679140724596095,0.011911405335718328,0,0.011740352514628502,0.012527730833079617,0.010796923623393578,0.0062348972011865835,0.01849898597198975,0.017473805922965532
1973,0.011607602040115798,0.01161382802351298,0.008806571539867842,0,0.010186196950432228,0.011447452865692643,0.010320143469465396,0.010268938154105803,0.015327088903883642,0.01955823712429954
1974,0.009972075806035917,0.011789084535218717,0.009722691119252006,0.005310275647911563,0.008888879903917644,0.012021461021156473,0.007884350243828735,0.010261463452600615,0.01654547644280382,0.014883998764324146
1975,0.013663401038425881,0.014750950825272769,0.012184345928009448,0.00003491210648314633,0.01416612693248405,0.012434937485881179,0.014347884045842607,0.017001588152578736,0.01582877156999956,0.02100956816791888
1976,0.012271583522999407,0.011842920083587146,0.0129510778688206,0.00021587650122219322,0.011618862045536369,0.010162298221424148,0.014754826951409698,0.015538595306887145,0.01350169554394896,0.019952292417964812
1977,0.015635050329390957,0.013041303916859362,0.01394026421137051,0.010563665449489876,0.012572187389441972,0.011397570394146236,0.014270861208960567,0.015986004733365457,0.013734726104044484,0.02002901733428936
1978,0.015147300929144606,0.013604780121999935,0.015722795939756354,0.009025844681375548,0.013337548395680538,0.013892967958365737,0.011502545448464298,0.014118764742318555,0.01755655906065265,0.018164219370197316
1979,0.01605414968841379,0.013228979683827594,0.014868054919329944,0.008641562041634182,0.01292445443105722,3.8554853316347892,0.01011401995026889,0.015268102019633113,0.015387823796869893,0.019191531079595675
1980,0.013357938310866246,0.010413876341363102,0.013990984842262662,0.009111440741497659,0.013790000402559337,0.012067911724693351,0.010505275988553912,0.014232647686431848,0.016527248157625976,0.01576676728772737
1981,0.014685014944806018,0.011510242677727418,0.01539535679671341,0.009209783838137624,0.013728083533782466,0.01281750201907754,0.012925545655755044,0.017017818791546957,0.013920582916322364,0.015949272731312532
1982,0.0164398225438885,0.011232489304057604,0.013926938766392984,0.009764136901466044,0.004048736438890373,0.011912304681852155,0.013494836841896053,0.013870513201084704,0.010917863634732025,0.018872780500092227
1983,0.015405937521924365,0.013392474021709242,0.014330571599056251,0.00728167954699714,0.011736959680427641,0.012859228508229409,0.013464495262838796,0.01371932538733948,0.012480049936241354,0.020036095811614987
1984,0.01480590226523919,0.013112919695686733,0.012455631013180379,0.009016606800792228,0.014213988814943863,0.012250706337841432,0.009724749066350806,0.00894971980888013,0.013503702490400425,0.01837955041401087
1985,0.013734718325567302,0.01202014970448004,0.0121785450737879,0.006811510339496556,0.01399950062110252,0.010941433208079323,0.014086434052889256,0.007638276210556636,0.013912855061693024,0.01710194005845242
1986,0.013243239910111516,0.017671660502928243,0.013970145095210947,0.010432955764653333,0.012544536365499829,0.011281461457377755,0.010744217695437673,0.008372638681748137,0.014903126710698765,0.017515768452187747
1987,0.0147209243659879,0.010160994798194607,0.012025815249686487,0.0088032742344456,0.01326503757391974,0.011960627522650834,0.007818948878438346,0.008737172998502317,0.014027390973393911,0.004475496698295874
1988,0.013046503818888,0.012564137549138876,0.0074986225221304196,0.010291262843850927,0.009275303437128768,0.010649713658944725,0.010878374169368142,0.008912511492097357,0.014469454861733006,0.014743345262649619
1989,0.014327786563759399,0.01346749362493855,0.013201582032837209,0.008967796532322507,0.0042674513990997144,0.00993766114605055,0.00868780480248601,0.006597785490756293,0.012973259851111054,0.01611053546230083
1990,0.01658210955984987,0.013317983757972895,0.011228461288195948,0.00952659602964284,0.010358081238728256,0.012952049365047758,0.012700996100604347,0.00876554272367116,0.013541440854432454,0.014212794170408443
1991,0.01483499140410957,0.013705962131782344,0.01305318161135457,0.009347236533744963,0.009634611720306854,0.013519113428465295,0.01643683442920373,0.010426702299242434,0.014595005308942687,0.017007683555518995
1992,0.01334005401011216,0.013247913842304055,0.011668814304381433,0.007521637227192909,0.010382701403184195,0.01290833481369204,0.017056454797720957,0.010427530534438772,0.012737689029755674,0.018084846904427066
1993,0.010642430869151646,0.011811546711290035,0.009740814144286325,0.008065490553305481,0.011065286355649843,0.010347311671289426,0.014628617958796473,0.007122391361902503,0.0110619990499626,0.014139546812785961
1994,0.01195298074138924,0.013235888272414661,0.009411506336118496,0.004698811072966369,0.009202722267134974,0.01063826005472219,0.013623621354767239,0.007194139345140356,0.013848068893446985,0.01387095319124087
1995,0.013702897787948556,0.014027085855524426,0.01087382628708898,0.008591657372828463,0.005954431765803187,0.012028455955031736,0.018625503384024463,0.01051781053888387,0.01526369567980408,0.01456675135648861
1996,0.014301465430404746,0.013339086838709564,0.010027182339749157,0.009091836335658432,0.007263001424923349,0.011913093490813638,0.0123486515945847,0.009482241814873255,0.013162246605494515,0.011632579251973512
1997,0.011592367406142733,0.012421403229189974,0.011386065745637441,0.01026024281756535,0.008004495224215332,0.010118217749460576,0.014593624731834055,0.008883165459726684,0.010429715487562762,0.009577451501245978
1998,0.015072336174399082,0.013289611794224573,0.010809213769020649,0.010076444620387098,0.00814728706144636,0.012276002885764688,0.01617401343910519,0.007677885729834053,0.014405669837264863,0.013630469875483473
1999,0.013969446521343265,0.012994492621840334,0.010801565073189984,0.009954231983779482,0.010278026716467435,0.01121232415897505,0.019026057298222855,0.011741273028953317,0.01437062438902819,0.011469774832614904
2000,0.013224102569342547,0.01360740802021434,0.012012728284804774,0.010213813228841228,0.0044165164554733375,0.009546082650357043,0.015026911210105492,0.008349962009717344,0.010634587968658935,0.013127203215416803
2001,0.012843775237351807,0.012042099948671493,0.011135473254897998,0.01036017327007495,0.012698736137142376,0.009292856651052723,0.013753596173307006,0.008503815550235806,0.011299361604719305,0.012574583695163202
2002,0.013334815835899023,0.012352743744890588,0.010810297064670838,0.009073605263896653,0.013825139773674838,0.009838826845068739,0.016790246317534206,0.008159813452450301,0.01703027491944845,0.014422785876447877
2003,0.014260767833556615,0.011911766442131638,0.012100259596058219,0.009909467882291297,0.01311725966122962,0.010220940928796787,0.016176512056375294,0.008574883099227352,0.013984584469441463,0.015528367249860979
2004,0.013328453047067939,0.012358168216674743,0.013014004667794623,0.009210484554526032,0.01412307681301442,0.012928622871187736,0.016610764276903167,0.01013923549254686,0.01401025301437564,0.014826578179808382
2005,0.015210476080961604,0.011305855789824616,0.011583536796214416,0.00771976564644392,0.014713092638790956,0.012073898606240651,0.01658814330623507,0.008555244311562116,0.016248608051937216,0.01332052606197338
2006,0.014961986810071345,0.011956517722921117,0.014360392358976603,0.007788538755169216,0.014398124489478366,0.014935953419339435,0.013878620417721897,0.009234256787403358,0.01218487384175864,0.012797242644019735
2007,0.01457445589388296,0.012419887897077321,0.014782745057333995,0.008001106970357252,0.012868565694774436,0.013975197195849672,0.015008201355544426,0.009988714671726226,0.013215195258310625,0.013697372348776903
2008,0.01577199434379256,0.014284012295162163,0.012072167778388874,0.007739795046481515,0.011489610278147374,0.012644089564289966,0.015630136817715013,0.010219571366551747,0.014607385261383849,0.014155705712545477
2009,0.01503510313871806,0.011320734407380448,0.013547907126409929,0.010098396979106954,0.01400039929175215,0.012359302937067117,0.01620308951465276,0.010827017893263104,0.014262415564499946,0.014473663408543213
2010,0.01201539808546274,0.009393233366368568,0.010593077085594958,0.008813900773437654,0,0.010549588155921896,0.016714536308283394,0.008299078376104548,0.009749510799705098,0.01238754695157345
2011,0.013655342968126788,0.009432401718606587,0.008926578884256875,0.011219391227122774,0.007956237675429932,0.011409213627793225,0.015088363150224049,0.007480422810297244,0.010910942328589633,0.01168018708816832
2012,0.0120407417444983,0.011882052289778637,0.01017042607549232,0.006613878465159668,0.017424176621675152,0.012208600615709017,0.01651803965455031,0.009549880279144156,0.01310535762161346,0.011785210657206455
2013,0.010587891431251191,0.00681638497092889,0.004977438290221648,0.010377967308233434,0.013458794264642457,0.010332565283429998,0.014761332749971857,0.008090329688837892,0.013562714592234496,0.011086031306324049
2014,0.011790699694797261,0.009012247811297324,0.011099460527908108,0.00942847294703629,0.01207673543017831,0.01153674070710245,0.014116007260265531,0.007339589905135694,0.01276092433164615,0.010989761537769786
2015,0.015590365082528725,0.012025677588248594,0.010892229136852002,0.01031224793928577,0.016048225029759722,0.013110694869350584,0.01671427114671319,0.008834758845307624,0.01770622710414291,0.016040559260207393
2016,0.012448872427488324,0.009181764268064156,0.00807231932090117,0.010453568057340936,0.011879324350105986,0.010394002230933194,0.013453683664967688,0.008455385293518839,0.013506591869709017,0.013923061280405985
2017,0.014937778863166416,0.01157568735139594,0.010759204163196251,0.008567064106295028,0.013514607672145204,0.012090130777733323,0.016267359122236556,0.00890602357165357,0.01517199025708218,0.015731245064761656
2018,0.013111691967463103,0.010067191267264533,0.0044771257809407185,0.007296638020040223,0.010261092135944632,0.009615946019385096,0.013437663944340164,0.007110020188594035,0.014792292682204479,0.01245848236327596
2019,0.01043319809506769,0.009723760697616558,0.005556655525209712,0.006119764856982424,0.01256394602390003,0.009442257486965724,0.015930793409992306,0.007719438088177787,0.013502891021440906,0.013229124393221414
2020,0.013069477435199988,0.007480450289999492,0.008825438036560359,0.005493794142674876,0.01254740583657186,0.008415063291131385,0.017703684487923466,0.008951695081721021,0.013758465376790895,0.012283368727429298
2021,0.013008878480075935,0.008544155976259517,0.00778441770134745,0.007927565814365784,0.011129454847017746,0.009149676902002692,0.015232500397246383,0.006981793453121085,0.012047315246302929,0.013483423959515
2022,0.017766540597072503,0.009442458858597721,0,0.006689697420786378,0.012237219671545403,0.011017593555000932,0.01486604176930874,0.007234312403636307,0.013893669667176865,0.015285111442571277