year,MinLAAPA06_,MinLAAPA07_,MinLAAPA08_,MinLAAPA09_,MinLAAPA10_,MinLAAPA11_,MinLAAPA13_,MinLAAPA15_,MinLAAPA17_,MinLAAPA19_
1697,0,0,0,40.24606704711914
1698,40.116294860839844,0,0,40.132713317871094
1699,40.01866912841797,0,40.00217819213867,40.03456497192383
1700,40.523250579833984,0,40.0026741027832,40.09914016723633
1701,40.56292724609375,0,40.00245666503906,40.08252716064453
1702,40.126609802246094,0,40.0672721862793,40.003360748291016
1703,40.01329803466797,0,40.021968841552734,40.05889129638672
1704,40.10331726074219,0,40.01911544799805,40.23086166381836
1705,40.35606384277344,0,40.205474853515625,40.427085876464844,0,0,40.48246765136719
1706,40.18150329589844,0,40.05894088745117,40.199588775634766,0,0,40.40985107421875
1707,40.05171203613281,0,40.050235748291016,40.10189437866211,0,0,40.4336051940918
1708,40.079368591308594,0,40.53355026245117,40.19175338745117,0,0,40.230674743652344
1709,40.12405776977539,0,40.12783432006836,40.58051681518555,0,0,40.048255920410156
1710,40.00349044799805,0,14.408550262451172,40.02659606933594,0,0,40.083290100097656
1711,40.14786148071289,0,7.855432510375977,40.00251770019531,0,0,41.16915512084961
1712,40.76753234863281,0,15.075844764709473,40.5141487121582,0,40.848777770996094,40.34469985961914
1713,40.05936050415039,0,8.482160568237305,40.0478630065918,0,41.11221694946289,40.23850631713867
1714,40.01848220825195,0,6.154846668243408,40.01365661621094,0,40.06733322143555,40.06802749633789
1715,40.00008773803711,0,14.847862243652344,40.159393310546875,0,40.249019622802734,40.31074523925781
1716,40.08393478393555,0,5.0036940574646,40.100303649902344,0,41.00363540649414,40.12894058227539
1717,40.165279388427734,0,5.704165458679199,40.00210189819336,0,41.111732482910156,40.05543518066406
1718,40.208526611328125,0,6.751373767852783,40.1163330078125,0,40.914772033691406,41.10334014892578
1719,40.40929412841797,0,5.959539890289307,40.083770751953125,0,40.19723892211914,40.144283294677734
1720,40.19740295410156,0,6.813071250915527,40.243587493896484,0,40.30400466918945,40.24320602416992
1721,40.337955474853516,0,5.446990013122559,0,0,40.10042190551758,40.46080780029297,0,60.12495803833008
1722,40.01063537597656,0,7.227239608764648,40.110939025878906,0,41.4842414855957,40.20811462402344,0,60.15788650512695
1723,40.09992599487305,0,40.176025390625,40.029048919677734,0,41.193687438964844,40.108421325683594,0,60.168678283691406
1724,40.02684020996094,0,43.99100875854492,40.09904479980469,0,42.575862884521484,40.0347900390625,0,60.04353332519531
1725,40.36894989013672,40.05942916870117,40.72718811035156,40.16574478149414,0,40.05096435546875,40.37150955200195,0,60.084712982177734
1726,40.34467697143555,40.0350341796875,41.67918014526367,40.094696044921875,0,41.64719772338867,40.29600143432617,0,60.060333251953125
1727,40.005897521972656,40.01835632324219,40.09157180786133,40.03596878051758,0,43.28288650512695,40.06717300415039,0,60.10462951660156
1728,40.360206604003906,40.02604675292969,40.88258361816406,40.00267791748047,0,40.50697326660156,40.306095123291016,0,60.66264724731445
1729,40.00959014892578,40.20952224731445,40.191246032714844,0,0,40.328121185302734,40.567230224609375,40.34690475463867,60.32920837402344
1730,40.08475112915039,40.18885803222656,40.05143737792969,5.3238348960876465,0,40.51560974121094,40.832374572753906,40.14053726196289,60.12532043457031
1731,0,40.03632354736328,40.27048110961914,6.100282192230225,0,41.793426513671875,40.23017120361328,40.034385681152344,60.10114288330078
1732,40.01913833618164,40.06059646606445,40.10795593261719,5.641572952270508,0,40.107994079589844,40.67491912841797,40.05971145629883,60.06863021850586
1733,40.61566925048828,40.06663513183594,40.100975036621094,5.300325393676758,0,40.11610794067383,40.08366012573242,40.00298309326172,60.08503723144531
1734,40.18645477294922,0,40.08140563964844,5.128419399261475,0,40.16513442993164,40.379215240478516,40.11589431762695,32.86516189575195
1735,40.05121612548828,40.07563781738281,40.09348678588867,6.30061149597168,0,40.084068298339844,40.033756256103516,40.0502815246582,20.97834014892578
1736,40.067108154296875,40.002201080322266,40.050907135009766,5.171442031860352,0,40.735164642333984,41.38637924194336,40.04706573486328,21.620668411254883
1737,40.278629302978516,40.00291061401367,40.18122482299805,5.6658196449279785,0,40.13502502441406,40.62016677856445,40.0756721496582,18.315954208374023
1738,40.541831970214844,40.27386474609375,40.03767013549805,5.860550880432129,0,40.12642288208008,40.0519905090332,40.23857498168945,18.98444366455078,40.205413818359375
1739,40.631629943847656,40.135169982910156,40.0458984375,5.014804840087891,40.1970329284668,40.637123107910156,40.0974006652832,40.11968231201172,22.674076080322266,40.27948760986328
1740,40.604888916015625,40.237884521484375,40.1479606628418,6.707403182983398,40.116424560546875,40.10308837890625,40.082672119140625,40.14013671875,40.14125442504883,40.19736099243164
1741,40.094390869140625,40.22243118286133,40.124290466308594,6.5447001457214355,40.21699142456055,40.167564392089844,40.73582077026367,40.206382751464844,18.365455627441406,40.206695556640625
1742,40.02011489868164,40.00218200683594,40.44276428222656,5.324026107788086,40.027042388916016,41.74738693237305,40.89761734008789,40.60602951049805,15.223111152648926,40.57246780395508
1743,40.314697265625,40.270259857177734,40.09395980834961,13.149639129638672,40.01860809326172,41.15623092651367,40.46604919433594,40.1690673828125,7.37416934967041,40.04088592529297
1744,40.015682220458984,40.02833557128906,40.229881286621094,5.519321918487549,40.023563385009766,40.10533905029297,40.57374572753906,40.312774658203125,40.11542510986328,16.316131591796875
1745,40.58914566040039,40.03936767578125,40.37862014770508,5.893941402435303,40.01072311401367,40.00204849243164,41.02811813354492,40.02839660644531,40.09016418457031,18.47868537902832
1746,40.03019332885742,40.24126434326172,40.022281646728516,5.513426780700684,40.001644134521484,40.580413818359375,40.383872985839844,40.36170196533203,40.735328674316406,13.529550552368164
1747,40.73486328125,40.070289611816406,40.05171203613281,10.85954475402832,40.02806854248047,40.86467361450195,40.1497802734375,40.10207748413086,42.35182571411133,21.523529052734375
1748,40.2607421875,40.11676788330078,40.42565155029297,6.0247626304626465,40.42686080932617,40.419960021972656,40.41923522949219,40.212799072265625,40.158668518066406,22.494596481323242
1749,40.474185943603516,40.52316665649414,40.208919525146484,5.861211776733398,40.1411018371582,40.98965835571289,40.37625503540039,40.01795196533203,40.71805953979492,21.78450584411621
1750,40.063961029052734,40.16851806640625,40.09198760986328,7.375592231750488,40.072383880615234,40.11629867553711,40.729881286621094,40.12589645385742,40.538429260253906,13.852554321289062
1751,40.05111312866211,40.17280960083008,40.22929000854492,40.376808166503906,40.26996994018555,40.40380096435547,40.04158401489258,40.60371780395508,40.72196578979492,20.378173828125
1752,40.03199005126953,40.01696014404297,40.164703369140625,40.0265998840332,40.09121322631836,40.7348747253418,40.068695068359375,40.58890914916992,40.695396423339844,15.775815963745117
1753,40.1821174621582,40.50128173828125,40.010475158691406,40.117027282714844,40.00541305541992,40.018985748291016,40.20608901977539,40.12663269042969,40.457176208496094,17.103195190429688
1754,40.10795593261719,40.34501266479492,40.04534149169922,40.1649284362793,40.25601577758789,40.05095672607422,40.441036224365234,40.29585266113281,40.58730697631836,11.082204818725586
1755,40.01858139038086,0,40.050777435302734,40.01118087768555,40.248504638671875,40.23562240600586,40.02684783935547,40.319766998291016,0,9.931920051574707
1756,40.04533386230469,0,40.14079284667969,40.650272369384766,0,40.982452392578125,40.04334259033203,40.28446960449219,0,18.85368537902832
1757,40.32332229614258,40.0216064453125,40.11674499511719,0,40.449947357177734,40.093360900878906,41.02927780151367,40.13235855102539,41.380802154541016,7.171769142150879
1758,40.336395263671875,40.11121368408203,40.25447463989258,40.029518127441406,40.099884033203125,40.11621856689453,41.133243560791016,40.050724029541016,40.409271240234375,5.421292304992676
1759,40.47405242919922,40.00320816040039,40.0465087890625,40.029903411865234,40.06250762939453,40.44642639160156,40.00172424316406,40.33662796020508,43.56806945800781,13.040470123291016
1760,40.24496841430664,40.35155487060547,40.3032341003418,40.01047897338867,40.02394485473633,40.96348571777344,40.58803939819336,40.00200653076172,40.71910858154297,44.464115142822266
1761,40.068817138671875,40.60417938232422,40.0286979675293,40.002479553222656,40.00245666503906,61.650753021240234,40.043025970458984,40.80820846557617,40.167457580566406,40.27385711669922
1762,40.156978607177734,40.24875259399414,40.21365737915039,40.03481674194336,40.15669250488281,41.20259475708008,40.17319869995117,40.61452102661133,40.14896774291992,40.31135177612305
1763,40.001033782958984,40.09331130981445,40.68436813354492,40.85231399536133,40.092079162597656,0,40.12749099731445,40.11593246459961,40.48575210571289,41.48392105102539
1764,40.47486877441406,40.42464065551758,40.862186431884766,40.01951217651367,40.034053802490234,40.53120040893555,40.64710998535156,40.067588806152344,40.121429443359375,40.38750457763672
1765,40.848594665527344,40.165855407714844,7.627592086791992,40.02692413330078,40.05072021484375,40.3284797668457,42.67170715332031,40.07598876953125,40.46052932739258,40.312721252441406
1766,40.00248718261719,40.134132385253906,5.079697132110596,40.197113037109375,40.261226654052734,40.80842590332031,40.3632926940918,40.15742111206055,40.94694137573242,40.00124740600586
1767,40.01919174194336,40.18189239501953,5.07443904876709,40.115966796875,40.09721755981445,40.475399017333984,41.022377014160156,40.866878509521484,45.23127365112305,40.13325500488281
1768,41.04353713989258,40.907928466796875,5.241725921630859,80.73151397705078,40.31260299682617,40.1651611328125,40.132347106933594,40.04791259765625,42.62234115600586,40.91474914550781
1769,40.404293060302734,40.198326110839844,8.298005104064941,86.46797180175781,40.10087203979492,40.09423828125,40.01868438720703,40.53097915649414,41.938899993896484,42.34684753417969
1770,40.111942291259766,40.06879425048828,5.185068607330322,40.42494583129883,40.406280517578125,40.164955139160156,41.905460357666016,40.48612976074219,40.27690124511719,40.24872970581055
1771,40.197113037109375,0,5.057669162750244,40.28181838989258,43.08998489379883,40.19820785522461,40.23994445800781,40.09950637817383,40.98019027709961,42.23370361328125
1772,41.67829513549805,0,5.1612982749938965,40.07524871826172,40.03590774536133,40.44969177246094,40.20737838745117,40.109161376953125,41.16242599487305,43.1954460144043
1773,40.2067756652832,0,5.617228984832764,40.45723342895508,40.083518981933594,40.02646255493164,40.48631286621094,40.23048400878906,40.17462921142578,40.74580383300781
1774,40.101078033447266,40.67246627807617,5.0798726081848145,40.03042221069336,40.39509201049805,40.076717376708984,40.07547378540039,40.890316009521484,40.02244186401367,40.48234939575195
1775,40.18059539794922,40.16486358642578,5.1830339431762695,40.22072982788086,44.02625274658203,40.68650817871094,40.387550354003906,40.298255920410156,51.268898010253906,40.599143981933594
1776,40.38876724243164,40.16489028930664,5.309192657470703,40.07518768310547,40.34694290161133,40.2537841796875,40.184104919433594,40.50846862792969,52.50019454956055,40.23787307739258
1777,40.04289627075195,40.09724807739258,5.079474449157715,40.043907165527344,40.27892303466797,40.22451400756836,40.434059143066406,40.05040740966797,50.0321044921875,40.5539665222168
1778,42.119140625,40.194602966308594,40.067466735839844,41.5506477355957,40.68008804321289,40.77704620361328,40.07555389404297,40.035125732421875,51.17384338378906,40.42580795288086
1779,40.03430938720703,40.026817321777344,40.13288879394531,40.19178009033203,40.06492233276367,40.22238540649414,40.4871940612793,40.1357536315918,51.724822998046875,40.716796875
1780,40.75967025756836,40.12440872192383,40.57266616821289,14.175125122070312,40.026824951171875,40.1352653503418,40.62099838256836,40.45262145996094,51.399024963378906,40.10799026489258
1781,41.43701171875,40.164859771728516,40.01835632324219,6.792027950286865,40.490882873535156,40.1260986328125,40.72153854370117,40.25493240356445,51.89557647705078,44.34074401855469
1782,40.94667434692383,40.094642639160156,40.02728271484375,11.836165428161621,40.360137939453125,40.0676155090332,42.11032485961914,41.51689910888672,50.57622528076172,40.13090896606445
1783,43.74163818359375,40.36035919189453,41.484901428222656,20.46550750732422,41.494693756103516,40.12058639526367,40.211265563964844,40.572513580322266,52.23808288574219,40.17971420288086
1784,42.28713607788086,40.613365173339844,40.4337043762207,7.6845526695251465,40.08707046508789,41.524940490722656,40.588260650634766,40.07551956176758,51.71938705444336,41.07559585571289
1785,40.4013557434082,40.4908332824707,40.40808868408203,6.268309116363525,41.028499603271484,40.685951232910156,45.505374908447266,40.271305084228516,51.04404067993164,43.17597198486328
1786,40.46720886230469,40.0432243347168,40.03555679321289,9.78479290008545,41.69590759277344,40.18656921386719,43.13605880737305,40.96305465698242,50.080753326416016,41.9023551940918
1787,43.04075241088867,40.81618881225586,40.4275016784668,9.627629280090332,40.15616989135742,40.05146026611328,43.8297004699707,40.2541389465332,51.91136932373047,45.943809509277344
1788,41.74630355834961,40.794551849365234,40.1920280456543,12.398697853088379,40.100914001464844,40.007080078125,42.05408477783203,40.58756637573242,51.0572395324707,43.97491455078125
1789,40.14153289794922,40.457496643066406,40.01958084106445,15.534311294555664,40.067867279052734,40.05126953125,40.35154342651367,40.72670364379883,50.338218688964844,40.16511154174805
1790,43.71928024291992,43.27443313598633,42.37276077270508,9.442475318908691,40.539817810058594,41.8045539855957,40.0842399597168,40.30617904663086,50.25047302246094,40.47315979003906
1791,42.27396011352539,40.1816520690918,40.83985900878906,16.39535903930664,40.13352966308594,40.03510665893555,41.19292449951172,40.45942306518555,50.27029800415039,40.469608306884766
1792,40.115814208984375,40.55124282836914,40.114463806152344,22.28022575378418,40.040199279785156,40.15673828125,41.38688659667969,40.09955596923828,50.39664840698242,40.0954704284668
1793,40.00797653198242,40.062461853027344,40.12276077270508,5.454242706298828,40.30555725097656,40.425601959228516,40.704490661621094,41.0445442199707,50.376182556152344,40.55590057373047
1794,40.019317626953125,40.0684928894043,9.885258674621582,5.202078819274902,40.30906677246094,40.05499267578125,40.2952766418457,41.02073669433594,51.691497802734375,41.743629455566406
1795,40.30410385131836,40.21652603149414,12.93004035949707,7.570451736450195,40.10792922973633,40.26261520385742,40.1422233581543,40.84980773925781,50.48733139038086,40.604183197021484
1796,42.339759826660156,40.1984977722168,7.277423858642578,13.968927383422852,40.0601921081543,40.73393630981445,40.320594787597656,40.17401123046875,50.87942886352539,43.28312683105469
1797,40.07944869995117,41.4027099609375,8.246055603027344,7.228634357452393,40.07936477661133,40.28602981567383,40.08369827270508,40.02832794189453,54.21058654785156,40.848690032958984
1798,40.48942947387695,40.6645393371582,7.383762359619141,15.011536598205566,40.32155227661133,40.01630401611328,41.49607849121094,40.34367370605469,50.25785446166992,42.53717803955078
1799,41.019378662109375,40.81096267700195,7.1804633140563965,8.254074096679688,40.12702178955078,40.31066131591797,42.59428405761719,41.95637893676758,50.64389419555664,40.0428581237793
1800,41.74763870239258,41.30544662475586,16.454853057861328,11.4462308883667,40.0352897644043,41.40226745605469,45.97746276855469,40.00471878051758,50.023895263671875,40.94647216796875
1801,41.88180923461914,40.18733596801758,7.422869682312012,6.544619083404541,40.50190353393555,40.31662368774414,42.11882400512695,40.945701599121094,52.863929748535156,40.5306282043457
1802,41.13703155517578,40.01958465576172,5.209225654602051,6.821931838989258,40.086856842041016,40.571319580078125,42.47602844238281,40.132144927978516,54.035831451416016,40.19493865966797
1803,40.851478576660156,40.46013641357422,7.814283847808838,12.645562171936035,40.19719314575195,40.10002136230469,40.146663665771484,40.17607879638672,50.71364974975586,40.092472076416016
1804,40.19767379760742,40.77536392211914,9.850045204162598,6.674826622009277,40.34196090698242,41.15864562988281,40.73572540283203,40.62062072753906,50.17860412597656,40.002830505371094
1805,40.25475311279297,40.257205963134766,9.01998233795166,5.252551078796387,40.2630729675293,40.35483169555664,40.15849304199219,40.05059814453125,51.15504837036133,41.076866149902344
1806,40.36301803588867,40.07563781738281,9.11008358001709,7.082612037658691,40.09181594848633,40.51243209838867,40.04315185546875,40.24671173095703,40.05081558227539,45.23151779174805
1807,41.427223205566406,41.565406799316406,13.573366165161133,5.788727283477783,40.0513801574707,40.17606735229492,40.441707611083984,40.634334564208984,40.12419509887695,40.38261795043945
1808,40.148529052734375,40.18101119995117,15.819611549377441,5.500762939453125,40.130027770996094,40.08506774902344,40.36861801147461,40.32433319091797,40.94712829589844,40.13368606567383
1809,40.55538558959961,40.387290954589844,7.896298408508301,5.039449691772461,40.52412796020508,41.176021575927734,40.63688659667969,41.37181854248047,41.020267486572266,40.10029220581055
1810,40.791927337646484,40.7462272644043,17.806550979614258,6.218443870544434,40.794517517089844,41.580162048339844,40.37948226928711,41.206153869628906,43.4808464050293,40.1024284362793
1811,40.24595642089844,40.444915771484375,16.231721878051758,5.30790901184082,40.246177673339844,41.412086486816406,7.459447383880615,40.311927795410156,42.00539016723633,40.27936553955078
1812,41.96680450439453,42.14375305175781,20.82645606994629,5.420962333679199,40.22868728637695,41.30389404296875,5.470437049865723,40.63642883300781,44.235389709472656,41.50037384033203
1813,40.223140716552734,40.262855529785156,21.686691284179688,40.840694427490234,41.73488998413086,42.84346008300781,6.870749473571777,40.08252716064453,40.864776611328125,40.2241096496582
1814,40.28700637817383,42.34979248046875,18.804662704467773,40.08414840698242,40.122581481933594,40.01008224487305,11.20871353149414,40.05122756958008,50.3079719543457,41.04462432861328
1815,40.4373893737793,40.07855987548828,20.888517379760742,40.4415168762207,40.699440002441406,40.86525344848633,6.501552581787109,40.40024948120117,42.11106491088867,42.509002685546875
1816,40.3273811340332,40.8331298828125,16.92316246032715,40.81636428833008,40.66171646118164,41.61442565917969,28.132736206054688,40.08584213256836,42.46078872680664,40.571895599365234
1817,40.355560302734375,40.011478424072266,18.161544799804688,40.555721282958984,40.82536697387695,40.47492599487305,14.305530548095703,40.18205642700195,45.57086944580078,40.360450744628906
1818,40.143089294433594,40.22249984741211,8.42825698852539,40.7596435546875,40.18394470214844,40.24638748168945,19.171056747436523,42.521183013916016,43.568023681640625,40.233158111572266
1819,41.559967041015625,40.783607482910156,22.60085678100586,40.08702087402344,40.298057556152344,41.73819351196289,8.547727584838867,41.182193756103516,47.874717712402344,41.347869873046875
1820,40.27869415283203,40.16441345214844,23.00450897216797,43.20026397705078,40.24673843383789,40.16555404663086,9.247294425964355,41.10928726196289,43.11846923828125,41.03496551513672
1821,42.65579605102539,40.04634094238281,21.832496643066406,40.46643829345703,40.21475601196289,40.52225112915039,14.79344654083252,40.327598571777344,42.52735900878906,40.60423278808594
1822,40.1058235168457,40.13322067260742,19.14484405517578,40.35160446166992,40.7804069519043,42.41201400756836,20.655372619628906,40.05491638183594,42.818546295166016,41.616451263427734
1823,40.53329849243164,40.03778839111328,25.13701057434082,40.43716812133789,40.10765838623047,40.1728515625,14.457343101501465,43.03901290893555,45.896202087402344,40.181884765625
1824,41.12610626220703,40.09391403198242,28.230384826660156,40.290069580078125,40.547706604003906,40.07438278198242,10.451922416687012,40.06534957885742,42.47681427001953,41.789215087890625
1825,40.02714157104492,40.12373733520508,10.44394588470459,40.070709228515625,40.213783264160156,42.47567367553711,17.46099281311035,40.47320556640625,40.96343231201172,42.15163803100586
1826,40.478065490722656,0,7.6512837409973145,40.14164733886719,40.05078125,40.157470703125,36.13599395751953,40.11594009399414,40.76713943481445,40.04306411743164
1827,50.21824645996094,0,40.458438873291016,8.7374267578125,40.71030807495117,40.29741287231445,17.826942443847656,41.65367889404297,49.81965255737305,40.71889114379883
1828,51.18779754638672,0,40.604942321777344,7.423903942108154,40.08567428588867,40.49028778076172,34.79152297973633,40.768455505371094,40.67036819458008,40.73478317260742
1829,50.02391815185547,40.151222229003906,40.3689079284668,12.463149070739746,40.15087127685547,40.18195343017578,29.07807731628418,40.50989532470703,40.4412956237793,43.00851058959961
1830,50.12887191772461,41.239742279052734,40.55815887451172,25.29994773864746,40.75150680541992,40.360408782958984,27.822654724121094,40.286441802978516,40.085487365722656,40.57243347167969
1831,0,40.03399658203125,40.603206634521484,8.368809700012207,40.18235778808594,40.00291061401367,19.317630767822266,41.96409225463867,41.63771057128906,40.060035705566406
1832,40.1269416809082,40.1452751159668,40.539493560791016,9.606000900268555,40.394615173339844,41.12699890136719,18.34798240661621,40.67768478393555,41.56593322753906,40.11589431762695
1833,40.78363800048828,40.1061897277832,40.07777404785156,15.950444221496582,40.076541900634766,44.7068977355957,20.904708862304688,40.328067779541016,40.069358825683594,40.294837951660156
1834,40.44947052001953,40.263267517089844,40.53711700439453,6.246528625488281,40.58918380737305,42.296661376953125,19.245601654052734,41.09522247314453,42.36332702636719,43.74116897583008
1835,40.20631790161133,40.19762420654297,40.761592864990234,17.99903106689453,40.051063537597656,45.097572326660156,15.996129989624023,40.12427520751953,40.279056549072266,43.95079040527344
1836,40.441585540771484,40.67729568481445,41.68219757080078,7.326646327972412,40.09867477416992,40.37047576904297,10.154902458190918,40.89031219482422,40.80912399291992,40.52256393432617
1837,40.377037048339844,40.13316345214844,42.534114837646484,18.58953285217285,42.10365295410156,40.800113677978516,16.329383850097656,40.123592376708984,45.1799201965332,43.94302749633789
1838,40.44157028198242,41.52342987060547,40.377418518066406,16.020782470703125,41.35359573364258,42.66165542602539,19.18984031677246,40.55611038208008,42.25532531738281,40.50966262817383
1839,40.401275634765625,40.0782585144043,40.195125579833984,15.22365951538086,41.23947525024414,41.31276321411133,10.838111877441406,41.70429992675781,45.50965118408203,46.15628433227539
1840,40.197994232177734,40.165279388427734,40.359779357910156,11.425223350524902,40.015323638916016,43.397037506103516,11.237152099609375,40.87624740600586,40.21446228027344,40.06216812133789
1841,40.10313034057617,40.0349006652832,40.148624420166016,19.61243438720703,40.14938735961914,40.599300384521484,14.289623260498047,41.09318542480469,41.446292877197266,40.230003356933594
1842,40.06825256347656,40.66949462890625,40.02106857299805,15.200584411621094,40.12828063964844,41.03008270263672,8.751008033752441,40.132965087890625,40.13951110839844,41.28810119628906
1843,40.49918746948242,40.93473434448242,40.36859893798828,40.37138366699219,40.96406555175781,40.43441390991211,14.79608154296875,43.463260650634766,40.28950119018555,41.96613693237305
1844,40.27943420410156,40.62117385864258,40.978599548339844,40.44164276123047,40.16585159301758,42.617252349853516,7.602589130401611,40.92047882080078,40.57177734375,42.32960891723633
1845,40.173736572265625,40.55816650390625,41.12095260620117,40.19739532470703,41.29956817626953,41.4109992980957,13.792776107788086,41.81512451171875,42.6599235534668,40.57204055786133
1846,40.40899658203125,40.99054718017578,40.25528335571289,40.60530090332031,40.45039367675781,41.564964294433594,22.661983489990234,40.40907669067383,45.452457427978516,40.11540222167969
1847,40.59916305541992,40.09926223754883,41.142799377441406,40.19466781616211,40.1002311706543,40.95479965209961,19.961206436157227,40.123741149902344,42.98226547241211,40.50712203979492
1848,40.083778381347656,40.15666580200195,41.549129486083984,40.00285339355469,40.458499908447266,41.91487121582031,14.60390853881836,40.229400634765625,40.13587188720703,40.00321578979492
1849,40.572269439697266,43.28587341308594,40.11693572998047,40.0349235534668,40.149383544921875,43.620235443115234,21.260501861572266,40.096168518066406,40.344303131103516,40.279354095458984
1850,40.556251525878906,41.17569351196289,40.96419906616211,41.450889587402344,40.34761428833008,42.52890396118164,21.84654998779297,40.53046417236328,40.40932083129883,40.1320686340332
1851,40.175567626953125,40.09917068481445,40.34675216674805,40.368717193603516,40.279048919677734,41.883724212646484,10.805557250976562,40.535316467285156,40.030174255371094,40.89798355102539
1852,40.15800857543945,40.15077590942383,41.565738677978516,40.718807220458984,40.05134582519531,45.537391662597656,13.882416725158691,40.119590759277344,40.96344757080078,41.3317985534668
1853,40.29103088378906,40.482200622558594,40.03559112548828,40.34450912475586,40.26067352294922,40.40550231933594,9.411283493041992,40.311161041259766,41.182861328125,40.4822998046875
1854,40.153785705566406,41.96044921875,40.01820373535156,40.01814270019531,40.07744598388672,42.05496597290039,21.570472717285156,40.115623474121094,40.3221321105957,40.49418258666992
1855,40.087554931640625,40.372840881347656,40.676883697509766,40.62792205810547,40.068153381347656,41.919212341308594,20.676496505737305,46.820945739746094,40.36091613769531,40.50926208496094
1856,41.01047134399414,40.19498062133789,40.1331672668457,40.548824310302734,40.14579391479492,41.82587432861328,14.80111312866211,40.6861686706543,40.246788024902344,42.998023986816406
1857,40.27891159057617,40.758628845214844,40.25625228881836,40.06776428222656,40.000736236572266,41.576759338378906,14.587523460388184,40.588375091552734,40.3271484375,40.046695709228516
1858,40.072364807128906,41.36165237426758,40.01572799682617,40.30379104614258,40.047794342041016,40.36793518066406,9.751734733581543,40.31145095825195,40.5344352722168,41.01101303100586
1859,40.06232452392578,40.37631607055664,40.010459899902344,40.17327117919922,40.00325393676758,40.24736785888672,14.307839393615723,40.287174224853516,40.23049545288086,41.07562255859375
1860,40.25736618041992,43.177101135253906,40.06692123413086,41.5181884765625,40.000789642333984,40.64799880981445,9.722258567810059,40.425506591796875,40.76987075805664,40.29591751098633
1861,40.48264694213867,40.31053161621094,41.06890106201172,40.14961624145508,1.6622025966644287,41.287776947021484,6.106042385101318,40.164817810058594,40.18082046508789,41.04263687133789
1862,43.697933197021484,40.6181640625,41.815589904785156,40.08367156982422,41.21662521362305,40.425926208496094,41.4021110534668,43.28022003173828,41.8535270690918,40.00462341308594
1863,40.409461975097656,40.97040557861328,41.87407684326172,42.29833984375,40.097049713134766,40.47452926635742,40.08411407470703,40.111148834228516,42.423553466796875,40.4362907409668
1864,40.18175506591797,40.603084564208984,40.84859085083008,40.44457244873047,40.26338195800781,40.797462463378906,41.96403884887695,40.04216384887695,66.43733215332031,41.141109466552734
1865,41.66584396362305,43.33554458618164,43.56834030151367,40.051204681396484,40.245704650878906,42.56671142578125,40.8650016784668,40.96246337890625,62.27729797363281,40.10741424560547
1866,40.46153259277344,40.2384033203125,40.073814392089844,40.83279037475586,40.0925178527832,41.12588882446289,40.303260803222656,40.12690353393555,62.6193733215332,41.23980712890625
1867,43.983089447021484,41.10170364379883,40.355194091796875,40.35300064086914,40.035133361816406,40.64055633544922,40.246421813964844,40.49091720581055,57.56830978393555,40.204368591308594
1868,40.44143295288086,40.37367248535156,40.089664459228516,40.09365463256836,40.420387268066406,40.31914138793945,40.51498794555664,40.23082733154297,54.67186737060547,40.0153923034668
1869,40.11941146850586,40.08282470703125,40.126487731933594,41.1549072265625,40.024234771728516,40.27653121948242,40.50122833251953,40.11669921875,51.677406311035156,40.68621826171875
1870,40.1165885925293,41.03737258911133,41.02853775024414,40.45887756347656,40.1644401550293,40.11576843261719,41.52436828613281,40.80058288574219,46.985836029052734,40.47172164916992
1871,40.10789108276367,40.83306121826172,40.08335876464844,42.08613967895508,41.1255989074707,42.215614318847656,42.769065856933594,40.45014572143555,49.697269439697266,41.52487564086914
1872,40.65313720703125,40.75083923339844,40.37645721435547,41.36271667480469,40.10080337524414,40.029380798339844,40.14875411987305,40.10002899169922,69.39676666259766,40.49073791503906
1873,40.42502975463867,42.29631423950195,40.303531646728516,40.27176284790039,40.19818115234375,40.289634704589844,41.106842041015625,40.63139343261719,46.106346130371094,40.42561721801758
1874,40.6971321105957,40.30278396606445,40.376129150390625,40.739559173583984,40.4090690612793,40.74801254272461,40.72677993774414,40.475040435791016,73.67459869384766,40.034969329833984
1875,41.18984603881836,42.053802490234375,40.018951416015625,40.17393493652344,40.0352783203125,42.3848762512207,40.701629638671875,40.001914978027344,70.26901245117188,41.671077728271484
1876,41.286590576171875,40.65584945678711,40.14113998413086,41.098480224609375,40.05878829956055,41.11820983886719,40.27934265136719,40.605751037597656,84.42625427246094,41.336952209472656
1877,41.89091110229492,40.04584503173828,40.523902893066406,40.083526611328125,40.111427307128906,43.27566909790039,42.02220153808594,40.36899948120117,77.58853912353516,40.57591247558594
1878,42.03659439086914,40.16781234741211,42.38013458251953,40.13338851928711,40.43617248535156,42.12685012817383,41.30499267578125,40.00324630737305,81.68368530273438,41.75322341918945
1879,40.9708137512207,40.22217559814453,40.25370407104492,40.030548095703125,40.0606575012207,40.49056625366211,41.69540023803711,40.37690353393555,87.54507446289062,42.162986755371094
1880,43.991703033447266,40.28691864013672,40.26274490356445,5.095913410186768,40.421714782714844,40.77641677856445,42.232566833496094,40.049522399902344,88.06495666503906,42.15974044799805
1881,42.19306564331055,40.80000686645508,40.35441207885742,5.177332401275635,40.47446060180664,46.18905258178711,40.73530197143555,40.07044982910156,72.71234130859375,42.404090881347656
1882,42.013023376464844,40.335853576660156,40.443115234375,7.204298496246338,40.29537582397461,42.185062408447266,40.51582717895508,40.621395111083984,89.39097595214844,41.68206787109375
1883,42.949951171875,42.077537536621094,40.31187438964844,5.437756538391113,40.058860778808594,45.1876220703125,40.760215759277344,40.32221603393555,104.81205749511719,40.327239990234375
1884,29.20729637145996,40.36932373046875,42.477970123291016,5.188411712646484,40.189697265625,40.53980255126953,43.812294006347656,40.16025161743164,68.81475067138672,48.58995819091797
1885,40.38753128051758,40.919830322265625,40.347389221191406,5.42143440246582,40.168373107910156,41.80670928955078,40.43315124511719,41.37797546386719,60.53114700317383,42.851295471191406
1886,40.56340026855469,40.04212188720703,40.605987548828125,5.212501525878906,40.96095657348633,40.97967529296875,40.45060348510742,40.24198532104492,90.51663970947266,40.40401077270508
1887,18.23465919494629,40.28778839111328,40.77485656738281,5.047174453735352,40.670352935791016,40.24277877807617,40.19563674926758,40.03352355957031,82.80565643310547,40.15203857421875
1888,40.72736358642578,41.30006408691406,40.62909698486328,6.246681213378906,40.12382125854492,42.25807189941406,40.64405059814453,41.05271530151367,74.23357391357422,40.864891052246094
1889,48.109798431396484,40.230098724365234,40.58427810668945,5.926707744598389,40.3686637878418,40.117759704589844,41.83588790893555,40.279598236083984,62.53559494018555,40.270668029785156
1890,22.988550186157227,40.116580963134766,40.727516174316406,5.041647434234619,40.49125289916992,40.668785095214844,40.37684631347656,40.02518844604492,80.86048126220703,40.50592041015625
1891,18.31675148010254,40.084510803222656,40.41792678833008,5.106318473815918,40.23080062866211,44.89790344238281,42.76457214355469,44.49538040161133,86.03075408935547,42.44281005859375
1892,30.461824417114258,41.82851791381836,41.720115661621094,5.885883808135986,41.56593322753906,43.2834587097168,41.92127227783203,41.891700744628906,84.17437744140625,41.28852081298828
1893,33.9723014831543,40.32662582397461,43.3725700378418,5.714596748352051,40.151329040527344,41.76129150390625,40.62824630737305,42.63748550415039,85.30667114257812,40.28132629394531
1894,21.762617111206055,40.06709289550781,40.400787353515625,8.671914100646973,40.07839584350586,41.16325759887695,49.18522262573242,40.16498947143555,77.77482604980469,40.28689956665039
1895,7.5324387550354,40.11681365966797,40.6483039855957,5.660454273223877,40.21451950073242,40.09180450439453,41.654850006103516,40.09291076660156,62.182865142822266,40.1036262512207
1896,27.13484001159668,40.1731071472168,41.13933563232422,9.019285202026367,40.17693328857422,40.96043395996094,40.946441650390625,40.55568313598633,82.08427429199219,40.070213317871094
1897,23.36293601989746,40.27499008178711,40.06989288330078,5.140182018280029,40.58851623535156,41.543739318847656,40.067535400390625,40.808868408203125,66.23898315429688,41.695247650146484
1898,31.302297592163086,40.06233215332031,42.33144760131836,5.211033344268799,40.09982681274414,40.26230239868164,40.035888671875,40.09196853637695,69.74763488769531,40.05942916870117
1899,5.747182369232178,40.03453063964844,40.99517059326172,5.519392490386963,40.07554626464844,40.0108528137207,40.7989616394043,40.41482925415039,68.75712585449219,46.11284637451172
1900,43.1686897277832,40.23788070678711,40.823604583740234,6.007763862609863,40.36000061035156,41.0770378112793,40.095211029052734,40.696678161621094,74.38770294189453,42.85324478149414
1901,23.67218780517578,40.08357238769531,40.29702377319336,5.080605506896973,40.123779296875,40.66997528076172,41.051883697509766,40.018096923828125,77.24488067626953,40.52478790283203
1902,41.04454803466797,40.08392333984375,40.22224807739258,41.07646942138672,40.29645919799805,41.17528533935547,41.22365188598633,40.477195739746094,75.99129486083984,40.35026168823242
1903,37.13663101196289,40.10025405883789,43.42818832397461,41.07206726074219,40.05091857910156,42.981040954589844,41.2712287902832,40.050540924072266,41.963653564453125,41.907657623291016
1904,34.620750427246094,41.08562469482422,41.56557846069336,42.724796295166016,40.55366134643555,44.75625228881836,41.20674514770508,40.20545196533203,51.93639373779297,41.13883972167969
1905,23.130353927612305,40.122406005859375,40.44279098510742,40.43604278564453,40.148616790771484,40.68714904785156,42.16141128540039,40.03468322753906,49.07015609741211,40.03450393676758
1906,28.876039505004883,40.23735046386719,40.612327575683594,42.8173713684082,40.664398193359375,40.091888427734375,40.27910614013672,40.13256072998047,40.995670318603516,41.02524185180664
1907,26.537776947021484,40.2056884765625,40.107818603515625,41.39542007446289,40.02674102783203,41.85934066772461,42.24473571777344,40.07568359375,42.4199104309082,40.57197570800781
1908,32.25304412841797,40.131202697753906,40.37654113769531,40.43616485595703,40.23053741455078,41.787635803222656,41.35374450683594,40.181678771972656,57.75957489013672,40.067535400390625
1909,32.165992736816406,40.13267135620117,40.24722671508789,41.45025634765625,40.3281364440918,40.149051666259766,40.637027740478516,40.148948669433594,60.41318130493164,40.05093765258789
1910,33.98112487792969,40.96236038208008,41.370113372802734,40.55531692504883,40.110748291015625,40.7509880065918,43.432167053222656,40.1090087890625,53.55887985229492,40.14088821411133
1911,42.42810821533203,40.31156921386719,40.1514892578125,40.28779220581055,40.11662292480469,40.03532028198242,41.4835319519043,40.110145568847656,50.26797866821289,40.094356536865234
1912,32.9677848815918,40.01026153564453,40.013668060302734,42.51005554199219,40.084251403808594,42.48414611816406,43.02587127685547,40.34387969970703,42.952056884765625,40.22212600708008
1913,33.26481246948242,40.05669021606445,40.17338943481445,40.34340286254883,40.580596923828125,43.42957305908203,42.566810607910156,40.06686019897461,43.50200271606445,40.96350860595703
1914,39.589996337890625,40.93021011352539,40.6208381652832,41.05101776123047,40.39362335205078,43.67927169799805,41.198116302490234,40.22990417480469,44.848575592041016,40.71906661987305
1915,7.077103614807129,40.002506256103516,41.890525817871094,40.103424072265625,40.91443634033203,45.075557708740234,40.196075439453125,40.029457092285156,40.338409423828125,41.207427978515625
1916,28.223308563232422,40.6696891784668,40.062538146972656,45.17544937133789,40.50115966796875,40.4351692199707,41.352989196777344,40.57709884643555,50.27583694458008,40.083797454833984
1917,37.05662536621094,40.16435241699219,41.8259162902832,41.468849182128906,40.03605270385742,42.75521469116211,40.605751037597656,40.034584045410156,41.54067611694336,40.28141784667969
1918,34.613887786865234,40.89316940307617,40.240196228027344,41.02839660644531,40.490821838378906,41.46733856201172,49.11474609375,40.417022705078125,45.73298645019531,43.387901306152344
1919,30.672344207763672,40.14114761352539,40.245704650878906,40.46467208862305,40.275272369384766,40.232826232910156,45.0975456237793,40.045345306396484,41.69498062133789,40.816043853759766
1920,23.851552963256836,41.55135726928711,40.20263671875,40.245948791503906,40.3460693359375,41.13915252685547,40.90485382080078,40.00421905517578,41.22560501098633,40.42477798461914
1921,33.84080505371094,40.0013427734375,41.355064392089844,40.67781066894531,41.263980865478516,41.06842803955078,40.6857795715332,40.04604721069336,43.11159133911133,40.262088775634766
1922,26.71956443786621,40.38750457763672,40.108333587646484,40.295265197753906,40.12728500366211,40.180580139160156,40.937042236328125,40.1162109375,44.93586349487305,41.190406799316406
1923,28.083757400512695,40.8004264831543,40.24480056762695,42.308563232421875,40.95494842529297,40.04541015625,42.10675048828125,40.49093246459961,42.17588424682617,40.2381706237793
1924,38.635719299316406,40.01352310180664,40.09164810180664,40.320064544677734,40.929866790771484,40.76969528198242,51.76563262939453,40.00204849243164,43.099544525146484,40.68819808959961
1925,32.26866912841797,40.14958572387695,40.9375,40.0620002746582,40.08353805541992,41.629940032958984,41.63912582397461,40.010765075683594,41.71181106567383,40.10875701904297
1926,34.257537841796875,40.04550552368164,40.425594329833984,40.42547607421875,40.14851760864258,40.147308349609375,43.21967315673828,40.045684814453125,42.330718994140625,40.52271270751953
1927,34.654441833496094,41.402305603027344,40.507850646972656,41.02751922607422,40.11709976196289,40.80187225341797,0,40.027427673339844,40.15720748901367,40.084590911865234
1928,41.3455696105957,43.61784744262695,43.02352523803711,40.53125762939453,40.31241989135742,41.529075622558594,0,40.24772262573242,40.7836799621582,40.05244064331055
1929,31.95848274230957,40.682777404785156,40.58857345581055,40.067623138427734,41.315391540527344,42.28487777709961,67.74455261230469,41.0435905456543,43.708553314208984,42.3717041015625
1930,34.79402160644531,46.79436111450195,42.059078216552734,40.01945877075195,40.18152618408203,40.05329513549805,48.08047103881836,40.265342712402344,40.005592346191406,40.661895751953125
1931,5.486237049102783,52.47229766845703,40.05121612548828,40.10604476928711,40.11693572998047,40.65141677856445,40.4341926574707,40.25948715209961,40.70262145996094,40.03342819213867
1932,38.44114303588867,46.287620544433594,40.726619720458984,40.03727722167969,40.19784927368164,43.52669143676758,40.52027893066406,40.63621520996094,41.14236831665039,40.42210006713867
1933,47.90786361694336,53.52140426635742,40.18119812011719,40.29538345336914,40.002471923828125,42.79957580566406,40.03445816040039,40.31138610839844,41.4142951965332,40.002174377441406
1934,49.40623474121094,61.55820846557617,40.06780242919922,40.15682601928711,40.11570358276367,40.13246536254883,40.57218933105469,40.00963592529297,41.043880462646484,40.31476974487305
1935,7.408499717712402,9.681833267211914,40.197975158691406,41.687599182128906,41.80802536010742,40.880767822265625,42.55242919921875,40.21371841430664,47.637577056884766,40.023075103759766
1936,36.21733856201172,51.22031021118164,41.97244644165039,40.55915832519531,40.636775970458984,41.56425857543945,40.1974983215332,40.12653350830078,41.77720642089844,40.99858856201172
1937,9.671298027038574,45.589385986328125,40.768096923828125,40.14082336425781,40.29620361328125,40.107666015625,42.08677673339844,40.05706787109375,40.436283111572266,40.81595993041992
1938,30.039281845092773,54.50099563598633,41.23187255859375,40.213985443115234,40.00230026245117,40.322818756103516,40.867958068847656,40.00981521606445,42.36337661743164,40.376441955566406
1939,37.682411193847656,44.45753479003906,40.06261444091797,42.85097122192383,40.06163024902344,40.081329345703125,40.124595642089844,40.18114471435547,41.23915100097656,40.49040603637695
1940,34.271766662597656,41.60012435913086,41.8907470703125,41.532711029052734,40.08290481567383,41.028324127197266,41.20991516113281,40.083187103271484,40.90476989746094,40.160011291503906
1941,19.232587814331055,40.484798431396484,40.148563385009766,40.44251251220703,40.29054260253906,40.070030212402344,40.294532775878906,40.0345573425293,41.484012603759766,40.376686096191406
1942,32.90453338623047,40.10730743408203,40.227054595947266,41.82487487792969,40.3631706237793,40.11653137207031,40.52234649658203,40.11682891845703,41.75935745239258,40.2319221496582
1943,36.45188522338867,40.061279296875,40.383567810058594,40.40935516357422,40.051513671875,40.62908935546875,40.05973434448242,40.01066207885742,42.83563995361328,40.02338790893555
1944,0,40.01167678833008,43.44131851196289,40.17440414428711,40.71811294555664,41.23164749145508,40.54645919799805,40.1820068359375,42.93223571777344,40.3853759765625
1945,51.53480529785156,40.22526931762695,41.88287353515625,40.8970832824707,41.84162139892578,40.36091995239258,41.38689422607422,40.09907150268555,48.17439651489258,40.094417572021484
1946,50.68498992919922,41.150917053222656,40.368621826171875,40.44181823730469,40.90639114379883,40.197940826416016,40.126888275146484,40.06869888305664,41.59145736694336,40.274784088134766
1947,50.3762092590332,40.91417694091797,40.596519470214844,40.24847412109375,40.21255874633789,41.21537399291992,40.53950119018555,40.107872009277344,41.79399871826172,40.14104080200195
1948,50.03971481323242,40.1182975769043,42.270729064941406,40.21394348144531,40.14070129394531,41.30520248413086,40.11677932739258,40.518733978271484,43.96725082397461,41.524757385253906
1949,50.92673873901367,40.13298416137695,40.344173431396484,40.46725845336914,42.583274841308594,41.20726013183594,41.43558120727539,40.159141540527344,43.56779098510742,40.15398025512695
1950,50.01484680175781,41.0282096862793,40.473976135253906,40.47517395019531,41.76161193847656,41.05499267578125,44.03923034667969,40.027957916259766,42.25880432128906,40.67091751098633
1951,50.9832878112793,40.931217193603516,40.39259338378906,41.09128952026367,40.637168884277344,40.79533386230469,41.69514083862305,40.24612808227539,45.00659942626953,40.326499938964844
1952,55.57509231567383,40.86558532714844,40.531375885009766,41.150909423828125,40.75899124145508,41.74692153930664,40.83198165893555,40.31071853637695,43.51079177856445,40.02644729614258
1953,51.528472900390625,40.14562225341797,40.115543365478516,40.03553009033203,41.792991638183594,40.291324615478516,40.230560302734375,40.24141311645508,40.045772552490234,40.177589416503906
1954,50.2212028503418,40.29765319824219,40.019317626953125,40.033626556396484,40.37672805786133,40.424659729003906,42.518165588378906,40.24666213989258,42.68876266479492,40.037681579589844
1955,50.97039794921875,40.29583740234375,41.36968231201172,40.546836853027344,44.40591812133789,40.224525451660156,42.39644241333008,40.034690856933594,45.6607666015625,40.53195571899414
1956,51.64316940307617,40.311607360839844,41.055503845214844,40.6599006652832,40.49583053588867,41.62440872192383,40.45252227783203,40.01921081542969,41.988582611083984,40.604736328125
1957,50.63654708862305,40.083580017089844,41.98863983154297,40.282432556152344,40.99479675292969,40.633174896240234,40.22499084472656,40.15679168701172,41.592613220214844,40.84833526611328
1958,50.333065032958984,40.52290344238281,40.2545051574707,41.76112747192383,41.10871887207031,40.014854431152344,40.379180908203125,40.10755157470703,40.03489303588867,41.13004684448242
1959,50.68328094482422,40.4177131652832,40.19816207885742,42.93012237548828,40.523292541503906,40.11492919921875,40.190555572509766,40.20582580566406,52.94575881958008,40.2578125
1960,50.35703659057617,40.132652282714844,40.696449279785156,40.388023376464844,40.7105598449707,40.25006866455078,47.44155502319336,40.01827621459961,41.86669158935547,42.27348709106445
1961,50.14036178588867,40.335914611816406,40.62185287475586,40.14894104003906,43.57518005371094,40.213565826416016,40.49004364013672,40.07497787475586,40.238529205322266,40.6642951965332
1962,50.00590896606445,40.951744079589844,41.225887298583984,40.08342742919922,41.26089096069336,40.45884323120117,40.51789855957031,41.15156936645508,64.3583984375,40.43595504760742
1963,50.498897552490234,40.34429931640625,40.88499450683594,40.22478485107422,41.29933547973633,41.004188537597656,41.43867492675781,40.14918518066406,42.496376037597656,41.22636032104492
1964,51.54697036743164,41.10151672363281,40.17262268066406,40.248924255371094,40.43812942504883,41.15156936645508,42.15283966064453,40.289329528808594,41.0606803894043,42.518104553222656
1965,51.05656814575195,41.573448181152344,40.17993927001953,40.51909255981445,43.178287506103516,40.62290573120117,40.270240783691406,40.159759521484375,40.2381477355957,200.9803924560547
1966,50.20265579223633,41.02999496459961,42.3328742980957,40.156620025634766,40.848140716552734,40.874122619628906,40.87627029418945,40.556190490722656,40.197654724121094,40.11907958984375
1967,50.04264831542969,40.335968017578125,40.97774887084961,40.78284454345703,40.17280197143555,40.286197662353516,40.76751708984375,40.1838264465332,42.159915924072266,40.58543395996094
1968,50.91149139404297,41.71065902709961,41.933082580566406,42.18488693237305,44.94296646118164,40.293949127197266,40.498291015625,41.44620132446289,47.26338577270508,44.594215393066406
1969,51.13943862915039,41.85774612426758,40.22890853881836,41.199134826660156,50.2928466796875,40.15174865722656,45.23419189453125,40.18894958496094,43.71412658691406,41.163082122802734
1970,50.177764892578125,40.401084899902344,41.087623596191406,41.435184478759766,40.13253402709961,40.03085708618164,41.24795150756836,41.15880584716797,42.594303131103516,41.755306243896484
1971,50.75110626220703,42.24978256225586,40.59944152832031,0,40.644309997558594,40.91440963745117,43.160491943359375,40.55525207519531,40.851253509521484,41.554866790771484
1972,50.030452728271484,40.03443908691406,40.556331634521484,0,40.1400146484375,40.619808197021484,40.69694519042969,40.28883361816406,42.98980712890625,41.75988006591797
1973,50.4356575012207,41.12858200073242,40.051483154296875,0,41.67071533203125,40.17493438720703,41.97997283935547,40.192996978759766,42.398765563964844,40.77751541137695
1974,50.091121673583984,41.13515090942383,40.078250885009766,57.91134262084961,40.08393096923828,41.06939697265625,42.852027893066406,40.027427673339844,43.92599868774414,40.09473419189453
1975,50.39604568481445,40.13311004638672,40.319820404052734,72.43406677246094,40.604251861572266,40.31074142456055,41.1965446472168,40.26311492919922,40.98992156982422,41.092552185058594
1976,50.90928649902344,40.03781509399414,40.24935531616211,41.092960357666016,40.96321105957031,41.41048049926758,43.72251510620117,40.47411346435547,40.152259826660156,44.246192932128906
1977,50.650482177734375,41.825748443603516,42.05646896362305,42.77266311645508,40.241127014160156,41.70766830444336,40.40114974975586,40.27880859375,42.062740325927734,40.82438278198242
1978,50.3320198059082,40.33610534667969,45.394493103027344,40.46661376953125,41.60515594482422,40.182857513427734,41.356109619140625,40.215797424316406,42.8329963684082,46.891502380371094
1979,50.20187759399414,40.799835205078125,44.740238189697266,42.43623352050781,40.39508056640625,41.34478759765625,41.288429260253906,40.094970703125,42.56887435913086,40.5471076965332
1980,50.03202819824219,40.90391159057617,40.21390151977539,40.26268768310547,40.07838439941406,41.13444137573242,41.05216979980469,40.1169548034668,40.07582473754883,40.148712158203125
1981,50.21052932739258,40.11627960205078,41.207664489746094,40.32828140258789,44.67042922973633,40.19785690307617,43.144569396972656,41.732887268066406,43.77961349487305,40.912818908691406
1982,50.11396026611328,40.94587707519531,41.436038970947266,41.410377502441406,41.03213882446289,42.794654846191406,43.09523010253906,40.30144119262695,40.473480224609375,41.590087890625
1983,50.25883483886719,40.0673713684082,40.35259246826172,41.508365631103516,40.685359954833984,41.36464309692383,41.043914794921875,40.05035400390625,40.426212310791016,41.92329788208008
1984,56.73374557495117,41.755027770996094,41.13786697387695,50.763999938964844,41.13874816894531,40.70787811279297,40.55546951293945,5.087918758392334,40.51777648925781,40.26377487182617
1985,50.48728942871094,40.16343307495117,40.57209014892578,40.10019302368164,43.27293395996094,45.38567352294922,41.239871978759766,5.212649822235107,44.84771728515625,40.0247802734375
1986,50.18890380859375,40.10224151611328,48.142127990722656,41.15824508666992,40.05788803100586,45.83882141113281,42.12145233154297,5.350750923156738,48.67078399658203,40.72529602050781
1987,52.044593811035156,40.71877670288086,40.295719146728516,40.95772933959961,50.31180191040039,40.27326965332031,40.263362884521484,5.519191265106201,43.325443267822266,40.52325439453125
1988,50.96681594848633,40.67007827758789,40.16508865356445,40.22383499145508,47.54855728149414,44.07304000854492,46.15685272216797,5.261723518371582,40.695735931396484,40.751365661621094
1989,50.11211395263672,40.19743728637695,40.418304443359375,41.052284240722656,40.84986114501953,40.279415130615234,44.357704162597656,5.512999534606934,40.01983642578125,40.19035720825195
1990,50.7856330871582,44.848663330078125,43.714447021484375,41.7686767578125,40.9002799987793,41.87437438964844,40.295448303222656,5.481403350830078,42.97467803955078,42.119136810302734
1991,51.31032943725586,41.62966537475586,40.101097106933594,43.722755432128906,43.39971923828125,42.390316009521484,40.107765197753906,5.681790828704834,40.064857482910156,42.859188079833984
1992,53.27050018310547,41.527523040771484,44.959293365478516,41.714447021484375,40.81664276123047,40.5400505065918,44.967933654785156,6.178994655609131,43.99061965942383,40.989837646484375
1993,51.017818450927734,40.10806655883789,42.19988250732422,40.92008972167969,50.317413330078125,46.10824203491211,44.10414505004883,8.954501152038574,46.64401626586914,40.32801055908203
1994,50.19840621948242,40.46031188964844,41.71055221557617,40.55876159667969,46.4013557434082,40.988075256347656,49.24917221069336,9.76126480102539,40.9882926940918,41.515968322753906
1995,52.01295471191406,41.01980209350586,40.97003173828125,43.06284713745117,48.687435150146484,44.82977294921875,49.966064453125,9.046462059020996,43.7496337890625,40.068538665771484
1996,51.13040542602539,41.79617691040039,41.26442337036133,40.27094650268555,42.16795349121094,41.638492584228516,45.82935333251953,5.448142051696777,40.74991989135742,41.72840118408203
1997,51.69223403930664,40.1646842956543,43.47883224487305,44.609580993652344,40.02993392944336,44.3171501159668,41.101470947265625,6.692697525024414,41.57703399658203,40.01285934448242
1998,52.602760314941406,41.641170501708984,41.638797760009766,42.01322937011719,41.45500183105469,44.58103561401367,40.81624984741211,16.458812713623047,45.19049072265625,40.95537567138672
1999,50.29370880126953,40.84080123901367,46.228538513183594,40.80280685424805,40.9640998840332,42.55107116699219,40.40021514892578,7.114969253540039,40.95432662963867,40.31208801269531
2000,50.552154541015625,41.975135803222656,41.14265823364258,41.544185638427734,40.85057067871094,40.80052185058594,40.94426345825195,5.698622226715088,40.435272216796875,40.1980094909668
2001,50.03844451904297,40.55049133300781,40.28950119018555,45.81460952758789,47.20404052734375,40.08488464355469,40.1280517578125,19.558658599853516,40.921600341796875,40.32161331176758
2002,50.01467514038086,40.51934051513672,40.494285583496094,40.52301788330078,40.46489334106445,40.59667205810547,41.41971206665039,19.81382942199707,43.290706634521484,42.82561492919922
2003,51.72532272338867,41.70573806762695,42.09426498413086,45.75047302246094,46.091636657714844,40.164920806884766,40.798954010009766,18.77191925048828,40.71055221557617,40.18079376220703
2004,50.049903869628906,40.420475006103516,40.9571418762207,41.068172454833984,40.09311294555664,40.67206573486328,40.0506591796875,19.414955139160156,40.58859634399414,40.51049041748047
2005,50.0988655090332,41.641136169433594,43.47077560424805,42.03678512573242,44.203426361083984,40.39316177368164,42.085472106933594,27.124502182006836,40.64784622192383,40.07654571533203
2006,50.0965576171875,40.33567810058594,40.745391845703125,40.36015319824219,42.33866882324219,41.07235336303711,40.99591827392578,23.81049919128418,40.19758987426758,60.03860092163086
2007,50.357730865478516,40.09459686279297,51.435386657714844,43.339847564697266,40.595970153808594,42.74094772338867,43.86886978149414,6.984550952911377,40.84859848022461,60.019386291503906
2008,50.50515365600586,40.743019104003906,42.72401809692383,40.29432678222656,40.44343185424805,40.663490295410156,40.91509246826172,17.339088439941406,40.53145217895508,60.23076629638672
2009,50.99964141845703,40.55651092529297,41.36249923706055,41.39992904663086,47.371185302734375,41.38618469238281,40.57223892211914,15.486311912536621,40.480186462402344,60.53239822387695
2010,50.26987075805664,40.67145538330078,41.760986328125,41.23117446899414,0,40.012535095214844,40.34528350830078,17.664461135864258,40.23842239379883,60.67911148071289
2011,50.08224105834961,40.035240173339844,44.05391311645508,42.69708251953125,40.10836410522461,40.96285629272461,40.47511291503906,12.308451652526855,40.1330680847168,60.16943359375
2012,50.4966926574707,40.69254684448242,51.62175369262695,40.17307662963867,42.927406311035156,40.21649932861328,48.870365142822266,14.401854515075684,43.29641342163086,60.33675765991211
2013,50.17766189575195,40.24692916870117,41.171119689941406,41.56460189819336,40.4663200378418,40.22557067871094,41.8426628112793,8.70163345336914,42.29859161376953,60.086978912353516
2014,50.023555755615234,40.257286071777344,42.85545349121094,40.17372131347656,40.10797882080078,40.0830192565918,45.773189544677734,6.775236129760742,40.65378952026367,60.044639587402344
2015,50.30294418334961,40.505855560302734,42.98991012573242,41.88056564331055,41.69059753417969,40.53096389770508,42.783809661865234,14.359739303588867,40.94549560546875,60.10944366455078
2016,50.1315803527832,40.23259735107422,43.981204986572266,46.99745559692383,41.10963821411133,40.40961837768555,40.3112678527832,11.85247802734375,40.06375503540039,60.42094421386719
2017,50.57896423339844,40.2330322265625,43.27432632446289,43.191368103027344,43.328983306884766,40.67877197265625,40.5119743347168,27.377973556518555,40.64787673950195,60.299285888671875
2018,50.03946304321289,40.05119705200195,44.13773727416992,41.44651412963867,46.238433837890625,40.01029968261719,40.6878547668457,6.968885898590088,40.2281379699707,60.25566101074219
2019,51.0675163269043,40.55183792114258,40.36098861694336,43.57555389404297,47.35590362548828,41.329010009765625,40.44245529174805,18.186786651611328,40.05157470703125,61.51641845703125
2020,50.1544303894043,40.674442291259766,41.7951545715332,43.17692565917969,41.499778747558594,40.540077209472656,40.06771469116211,12.405157089233398,40.34233856201172,61.84544372558594
2021,50.08843231201172,40.04926681518555,41.69036102294922,40.645931243896484,40.03752136230469,40.76943588256836,40.117122650146484,20.335996627807617,40.53163528442383,60.05926513671875
2022,50.06475067138672,40.05231475830078,0,42.508968353271484,40.39030456542969,40.1315803527832,40.15726089477539,37.917476654052734,40.2513542175293,60.165828704833984