year;MLAAPA06_;MLAAPA07_;MLAAPA08_;MLAAPA09_;MLAAPA10_;MLAAPA11_;MLAAPA13_;MLAAPA15_;MLAAPA17_;MLAAPA19_;aver
1697;0;0;0;113.5057755;;;;;;;28.37644388
1698;214.0599213;0;0;150.4616699;;;;;;;91.1303978
1699;251.8409729;0;215.7565613;224.3407288;;;;;;;172.9845658
1700;310.3831482;0;226.6825562;267.8517456;;;;;;;201.2293625
1701;435.4508667;0;291.8577271;249.0671082;;;;;;;244.0939255
1702;449.6343079;0;293.0587158;270.3805542;;;;;;;253.2683945
1703;440.3892212;0;319.8791809;230.4144745;;;;;;;247.6707192
1704;471.4321289;0;378.5703735;288.7954102;;;;;;;284.6994782
1705;500.4813232;0;414.3591309;411.4353943;0;0;130.7459412;;;;208.1459699
1706;449.8839722;0;369.6708374;407.6173706;0;0;236.8495178;;;;209.1459569
1707;400.9057922;0;384.9114685;386.7768555;0;0;271.040802;;;;206.2335597
1708;429.0521545;0;423.369812;402.54953;0;0;270.8479004;;;;217.9741996
1709;358.5330811;0;371.4290771;359.3802795;0;0;355.7348022;;;;206.4396057
1710;379.5614319;0;320.3129272;372.3690186;0;0;341.554657;;;;201.9711478
1711;378.946991;0;358.5423889;430.3699036;0;0;362.3912659;;;;218.6072213
1712;376.7753906;0;347.7874756;456.5210876;0;424.4295959;292.8101501;;;;271.1891
1713;384.2713928;0;359.2768555;415.9281921;0;382.4281311;260.8403015;;;;257.5349819
1714;319.6976318;0;319.7702026;400.1422119;0;241.4124451;244.060257;;;;217.8689641
1715;419.5504761;0;355.2280884;422.6571045;0;390.8291626;336.2117004;;;;274.9252189
1716;471.984314;0;366.4850464;479.769989;0;382.0992126;246.4813232;;;;278.1171265
1717;358.5365601;0;347.5311584;440.9825134;0;310.055542;344.8030396;;;;257.4155448
1718;363.558075;0;358.7870789;471.903717;0;395.4182739;330.2045898;;;;274.2673907
1719;356.0654602;0;387.0588379;414.8205261;0;348.4069519;302.1619568;;;;258.3591047
1720;354.2518616;0;349.0412903;450.0249023;0;410.546936;340.5546875;;;;272.059954
1721;385.0030518;0;329.9702148;0;0;367.2524414;442.005127;0;176.1847382;;188.9350637
1722;333.65979;0;303.0362854;390.5221558;0;375.9092102;398.8239441;0;335.6407776;;237.5102403
1723;382.7684021;0;224.9365997;449.968811;0;435.178009;411.1575623;0;301.9549561;;245.1071489
1724;316.8345032;0;453.3851929;394.0169067;0;404.966095;163.0955658;0;329.8721313;;229.1300439
1725;394.7888184;300.2786865;295.8770447;354.5145874;0;399.3495789;400.6158142;0;288.9212341;;270.4828627
1726;374.6618347;297.0986633;292.1571655;438.0388794;0;369.7585449;351.8427429;0;326.4755859;;272.2259352
1727;407.2201843;285.7638855;427.5139465;448.2313843;0;449.2888794;420.3736267;0;300.2438965;;304.292867
1728;391.6473694;340.9772949;515.5834961;445.7922058;0;440.0131836;421.4145203;0;358.2790222;;323.7452325
1729;393.6477661;354.5822449;478.2103577;0;0;452.5915527;344.921875;171.4940643;368.1260376;;284.8415443
1730;382.6881409;376.8576355;398.8557739;469.1705017;0;442.8537903;383.8761597;184.7278137;386.7030334;;336.1925388
1731;0;331.6588745;457.0309753;547.664917;0;386.4249878;327.6895447;178.5856018;362.6365356;;287.9657152
1732;345.1117859;375.5740662;458.2624512;471.6203918;0;353.4266357;457.1010742;210.440155;394.9892273;;340.7250875
1733;296.5256958;375.9580688;449.7509155;496.8229065;0;389.9060059;426.7845764;192.5932465;355.2038879;;331.5050337
1734;318.6176147;0;439.3885498;482.4363403;0;348.4745483;415.3820496;289.8288574;419.8471069;;301.5527852
1735;438.2793579;333.2891541;504.0911255;542.6882935;0;420.5066223;443.9155884;269.0881348;419.8214111;;374.6310764
1736;406.4605408;351.5321655;465.3202515;491.2971802;0;394.2619934;278.1646423;278.0800476;440.902771;;345.113288
1737;401.4006348;301.2912292;531.3655396;556.2189331;0;361.7154541;329.8366089;305.6759949;385.5886536;;352.5658942
1738;427.8406372;371.6091919;500.7073059;536.5492554;0;378.4399414;342.2102051;315.3236084;405.3131714;518.3040161;379.6297333
1739;487.2266541;463.7212524;555.692688;564.8570557;225.6868896;397.6502686;294.1219482;296.1046448;480.8295593;542.4842529;430.8375214
1740;469.0497437;398.1979675;540.5248413;544.9394531;235.2015381;452.0332947;344.5481567;340.4688721;499.4136047;536.2506104;436.0628082
1741;443.4380798;308.0401306;492.1305847;503.3682251;227.9259644;410.3924866;381.2978516;318.3416138;481.9486694;494.6509094;406.1534515
1742;442.2529297;403.9598083;512.7344971;565.7602539;247.9905853;527.3479614;384.083252;388.9816895;597.4286499;496.3675842;456.6907211
1743;415.9287109;428.2113342;532.4940186;355.3071289;240.234787;533.8581543;374.5964661;350.6524048;606.5247192;449.418335;428.7226059
1744;395.2961731;390.8330078;461.8823853;484.8012695;235.7425842;478.7278748;420.9005432;323.4615173;384.4724731;424.1654358;400.0283264
1745;433.9221497;398.8584595;531.3643188;472.9707947;256.7400208;547.4771729;466.9262085;360.6452332;452.2799072;488.8083801;440.9992645
1746;413.9544373;438.9872742;525.697876;530.8583374;285.8337708;537.0405884;464.6465454;353.9781494;445.1684875;440.243866;443.6409332
1747;380.0708923;274.3182373;489.7592163;441.1775208;292.3933411;487.4200745;374.5139465;361.4586487;469.085022;459.4468079;402.9643707
1748;382.0427246;346.1291809;362.7398987;416.5488281;283.6136169;515.4376221;451.0292358;374.8750305;543.2443237;443.1353455;411.8795807
1749;438.7857056;377.6842957;552.802063;505.7704773;270.7960205;505.658905;363.448761;399.8721008;496.3744507;457.7017212;436.8894501
1750;404.3010559;382.8895874;526.8793335;505.7366638;261.4048157;471.227478;424.6801758;438.4085693;421.3286133;417.9215088;425.4777802
1751;465.2383423;331.1757507;534.7406006;479.9761963;281.1989136;314.0859375;393.6693115;440.1089783;372.1260376;445.2926636;405.7612732
1752;430.8812866;309.8690186;456.84729;466.310791;275.5163574;421.8099365;455.3284607;364.6242676;388.1296692;479.7861328;404.910321
1753;435.8663025;378.4494019;529.104126;582.7079468;318.9311523;450.0804443;562.6107178;387.8260803;419.68396;511.5626831;457.6822815
1754;296.6479187;468.7249451;543.0114746;627.8291016;351.8587952;382.7934875;555.1134644;395.9928284;505.5158081;454.7721558;458.2259979
1755;415.5021362;0;502.3457947;540.5813599;363.7778015;394.5990295;490.6589966;334.5940857;0;464.6750183;350.6734222
1756;470.897644;0;501.8104248;633.0044556;0;512.9577026;598.8406372;339.2074585;0;476.6044312;353.3322754
1757;552.8411865;388.2276001;504.7346802;0;350.2466125;430.3340149;530.1752319;329.5336304;402.6724854;511.630249;400.0395691
1758;516.2888184;369.5480652;518.4525146;392.6221924;289.8696289;513.1806641;515.8951416;324.6394043;427.3343201;485.97229;435.380304
1759;492.5482178;349.7070618;490.9132385;523.6008301;308.9965515;485.299408;522.5764771;344.4695129;523.9078369;447.6462402;448.9665375
1760;496.0727844;353.193512;459.717041;478.5526733;314.6257324;508.5800781;528.3967896;322.6718445;398.5000305;544.3271484;440.4637634
1761;477.4527588;367.7599182;475.8143311;504.9971008;347.54953;651.3777466;469.0332336;340.4533691;469.9620361;515.6766357;462.007666
1762;437.8843994;357.3421021;548.7888794;435.4745483;327.6607361;506.2322388;478.3105164;365.6051636;447.9325867;511.9171448;441.7148316
1763;442.1957092;300.205719;571.0014038;556.8671875;346.7352905;0;471.9898987;338.3004761;494.1515198;448.2102661;396.9657471
1764;486.1513977;326.4700623;558.8858643;455.0177917;360.2522888;465.6350403;493.769989;389.3873291;340.3566895;444.0969238;432.0023377
1765;470.8412476;270.0354614;448.0788269;467.1474915;394.610321;442.7003479;484.2915039;438.1880188;395.4572754;452.0163574;426.3366852
1766;443.473999;285.4549255;463.3002319;456.6287537;388.3983154;488.5157776;484.9181519;378.7327576;528.6698608;444.3863831;436.2479157
1767;502.8194885;357.8230286;484.1994324;483.8532715;379.5392456;452.6112976;417.4350586;403.7278748;526.3322754;456.9840698;446.5325043
1768;580.7211304;507.191803;584.7297363;469.6078796;365.1413574;528.616272;509.0361633;414.1809082;498.9154968;455.9416809;491.4082428
1769;461.3866272;443.889679;416.5170288;469.5805664;386.9906006;360.3751221;412.2799377;357.490387;499.099823;514.2627563;432.1872528
1770;515.1339111;369.723053;467.1705933;455.5920105;413.015686;379.0700378;560.9124146;412.1431885;557.4958496;491.9113464;462.2168091
1771;429.0087585;0;389.9709473;424.4277649;393.3197937;373.6157532;595.2641602;381.352417;595.2444458;480.5239563;406.2727997
1772;566.3500977;0;470.6146545;514.9609375;301.3486023;472.6797485;432.3873596;442.4449768;483.3204651;531.131958;421.52388
1773;472.8477478;0;415.5987244;506.8417053;382.0323486;440.2461548;600.0010376;396.5926819;472.3399658;444.1521912;413.0652557
1774;499.0470886;479.1991272;453.6690369;460.8090515;351.2278137;500.5314636;580.1168213;466.7151794;448.1486206;462.4844666;470.1948669
1775;507.2950439;345.171051;411.5271912;429.5890808;312.2970581;396.6223145;470.3753052;456.1806335;460.3655701;418.2024231;420.7625671
1776;472.0050964;395.9125061;416.3770752;546.7610474;272.4685974;443.2994995;561.5234985;396.0072021;466.1670227;467.5083008;443.8029846
1777;514.4663696;353.0844116;462.634491;544.335022;380.7175903;440.0613098;510.8831177;379.8959351;473.8913269;451.6815796;451.1651154
1778;599.9892578;340.6739502;545.2728882;524.2995605;394.682312;441.6850891;551.5188599;405.325531;414.0172119;529.4133301;474.6877991
1779;537.8005371;320.4646606;587.6485596;500.6222839;362.2710876;420.7208862;518.2427368;396.9308167;475.4893494;440.184906;456.0375824
1780;524.2648315;346.9779968;569.6633911;515.6181641;445.1455994;416.0683594;572.9016724;374.1352539;500.6430664;420.4224243;468.5840759
1781;618.6065063;358.6465759;534.2891846;551.2019043;358.0812988;431.1239319;450.2052307;337.5314026;528.4394531;420.9295654;458.9055054
1782;618.0505371;427.0626831;528.8825073;547.4086304;405.0642395;503.5128174;381.7764587;354.6431274;524.4193726;471.14151;476.1961884
1783;602.9396973;428.3158569;553.3375854;603.8201904;369.3308716;485.1879272;407.7394104;370.250885;506.8685608;452.2882385;478.0079224
1784;593.0041504;306.975769;529.4505005;503.7750244;250.0049744;472.437439;471.1065369;235.0070496;546.1433105;470.8615112;437.8766266
1785;594.4890137;376.1326599;542.298645;538.0415649;395.1950378;412.9645691;542.1044312;386.2099915;586.3114014;383.4965515;475.7243866
1786;498.3369751;296.0855103;425.1017456;533.0252686;378.2310486;375.4320984;427.2730408;308.1154785;558.3060913;418.6687927;421.857605
1787;504.2780151;410.1597595;469.0386658;493.6592102;361.627655;357.4505005;391.0934753;345.1991272;532.6604614;431.896698;429.7063568
1788;535.4943848;411.6683044;489.0069275;490.9976501;363.3484802;352.3829041;403.9769287;358.3875427;565.713501;397.6244202;436.8601044
1789;481.7283325;284.5586548;403.1908264;468.1803284;356.6530457;399.0737305;488.6720886;331.552124;455.5551453;393.4722595;406.2636536
1790;458.8903198;359.9907227;465.8178711;520.348999;278.1603088;320.2101135;327.1228333;214.969223;381.2763062;401.8213196;372.8608017
1791;442.8427734;375.1322021;515.8441772;453.9989929;380.3484497;377.8114929;509.3406677;352.7151184;511.2163696;413.2028198;433.2453064
1792;453.2106018;431.6907043;520.1563721;499.9466858;357.4693909;385.5229492;462.6711426;325.4169922;416.4423218;413.4238892;426.595105
1793;437.9312744;437.5001221;505.108429;491.1915894;364.240509;344.6144409;479.4855347;339.765625;485.5336304;462.6464844;434.8017639
1794;458.5722351;339.643219;465.3211365;544.6786499;353.4067993;356.0773315;416.7919922;294.2992859;511.5627441;400.5066223;414.0860016
1795;417.4934998;227.0122681;449.4276428;519.8852539;298.2667542;322.8816528;531.9825439;355.4433594;539.3347168;383.6761475;404.5403839
1796;499.4039917;388.4954224;480.9969177;452.9434204;368.5248108;397.0950928;447.6702271;215.4565125;502.1445618;427.0556946;417.9786652
1797;538.4075928;427.4710999;552.4207153;621.3712769;396.302948;468.3280029;555.0508423;269.6221619;444.5860596;458.7968445;473.2357544
1798;484.2435303;342.6730957;434.3528137;512.2012329;344.8181152;402.5825195;463.7404785;201.6883087;517.234375;466.9264526;417.0460922
1799;464.1903076;457.2624817;554.0248413;613.7531738;413.915863;396.3312378;488.1244202;243.0926361;500.1980896;478.4811401;460.9374191
1800;565.3381348;453.7799072;545.723877;611.1539307;378.8291931;408.0099487;583.4963379;271.4489746;469.7920837;465.269043;475.2841431
1801;441.4938965;337.4942627;398.1238098;502.0934143;316.7798462;373.155426;508.8493347;255.171936;521.1082153;431.378418;408.564856
1802;507.5281067;366.757843;490.4399109;566.3626099;375.8823242;374.8388062;534.2405396;181.7947998;512.3223267;481.8911133;439.205838
1803;470.6403198;381.9831238;396.8204346;532.378418;330.319458;347.9386597;540.7643433;234.4462128;483.3460999;386.8453369;410.5482407
1804;442.2713013;472.8040771;424.5494995;534.7122803;375.8656311;329.1569214;502.809967;143.7421265;504.9023132;394.1789551;412.4993073
1805;442.2700806;502.086853;499.7498779;611.9048462;424.105072;383.9061279;398.0452576;285.9506226;402.873291;427.571991;437.846402
1806;474.0452576;385.9737244;458.0729065;452.7125244;155.7621918;313.3522644;444.5353394;285.6911926;423.9995422;338.6130066;373.275795
1807;462.9442444;429.4265442;589.2671509;572.05896;369.341156;424.1296692;446.921936;210.2619934;445.7186584;368.9960327;431.9066345
1808;477.7582092;481.4064636;518.631897;505.1847534;428.7776184;431.1779175;356.3734131;234.1988983;453.7810059;434.6987;432.1988876
1809;464.1650085;515.8477173;516.9665527;587.6939087;430.6821289;409.3361511;461.4473877;320.7162476;437.532196;441.1180725;458.5505371
1810;513.9239502;482.3764038;528.0457153;599.8807373;373.5410461;436.155426;441.2423706;149.3282776;506.3291321;408.2373657;443.9060425
1811;484.9890747;458.0293884;449.6647949;500.7570801;436.4149475;391.9883423;410.8964844;265.7576599;521.1895142;420.6314392;434.0318726
1812;494.4377747;432.0804443;552.4473267;644.0685425;427.7880249;436.8370361;473.5926819;215.0196991;558.618042;391.8151245;462.6704697
1813;484.4259644;292.7184753;477.0658264;468.8411255;256.4597473;420.8423462;589.9405518;242.5209198;500.8881836;282.5671082;401.6270249
1814;459.3540344;478.5749512;515.0251465;563.8563843;485.3487549;468.0557556;572.4138184;295.2978516;507.8259888;353.292511;469.9045197
1815;453.9638367;432.5744019;498.3649902;608.7785645;415.8359375;481.9898682;593.0078735;284.285614;423.394989;381.3481445;457.354422
1816;456.2609253;432.2469788;504.1921692;578.461731;440.0976257;483.3374329;601.6110229;351.5010986;474.3332825;320.6210632;464.266333
1817;402.1625671;413.8947754;480.4171448;573.0787964;426.5462646;491.5821838;463.0332336;372.8875732;482.3468323;349.8580933;445.5807465
1818;428.9470825;472.2887878;535.0300903;545.6329346;454.4196777;532.8596191;539.9750977;343.7621765;431.4771423;359.0281372;464.3420746
1819;474.8258057;501.5794373;476.3665466;610.65625;461.5846863;519.840332;425.5855103;393.787384;468.7189636;408.9301147;474.1875031
1820;456.9677429;492.3829041;481.4719543;554.9058228;430.7016296;462.4095764;422.09375;266.4193726;465.7797546;369.3036194;440.2436127
1821;506.0050354;306.5379333;518.3938599;591.9047852;428.3735352;536.1289673;531.9224243;351.1538696;512.6455688;364.005127;464.7071106
1822;510.7424927;434.9981689;561.9975586;667.5628662;467.1282654;530.6428223;373.8250732;231.4728394;410.2817993;405.4216309;459.4073517
1823;509.3792114;496.3728027;508.6044922;596.9000244;436.3334351;537.819519;409.721344;232.9759827;497.2435303;402.190033;462.7540375
1824;486.5197754;542.3603516;584.9403076;601.1385498;502.0824585;615.4567871;526.8883667;256.1187744;496.2391052;437.0498962;504.8794373
1825;368.545166;445.2887878;587.2850342;603.8815918;504.1832886;604.1503906;511.2410583;385.8920288;508.3603821;449.5939941;496.8421722
1826;486.9115601;0;486.9369507;580.7738037;507.788147;429.4252625;476.7286377;314.9358521;478.4886475;447.3803101;420.9369171
1827;627.8039551;0;419.2230835;509.4354858;524.9989624;504.6590881;467.7417603;280.7628479;434.175415;434.4221191;420.3222717
1828;572.9168091;0;502.4339294;466.1100769;472.0188904;580.5305176;411.5932312;209.6815033;487.2290039;444.1369629;414.6650925
1829;546.9927368;512.5510864;553.7451172;479.9273376;544.6972046;562.2240601;356.6960449;352.9013977;485.5784302;440.8927307;483.6206146
1830;561.8182983;422.8002014;545.8047485;568.1550903;541.0227051;556.923584;318.5502625;344.6782227;433.5577698;429.8832703;472.3194153
1831;0;395.4325562;519.1050415;471.3130188;491.949707;627.0037842;271.1021729;291.3436584;413.5368042;370.7507935;385.1537537
1832;277.4767761;397.8863525;478.8848572;583.3605347;483.6820984;555.5870972;469.8548889;366.8417969;468.6138611;432.9997559;451.5188019
1833;499.605011;492.4339294;571.5140991;673.4491577;560.5918579;558.5453491;368.1503296;338.1706543;468.2100525;497.9729614;502.8643402
1834;516.3599243;395.7651062;584.1706543;656.3677979;475.5261536;584.0072632;190.9895172;257.0872498;485.7576599;500.9007874;464.6932114
1835;448.7943115;507.5178528;510.2384644;648.4571533;516.0315552;529.604187;308.4560547;323.4558105;551.5493774;480.9174805;482.5022247
1836;503.8872681;362.1769409;535.7935181;640.5858765;441.5367737;531.7237549;416.4706726;296.2838745;512.0651855;444.3233643;468.4847229
1837;408.8008423;384.9791565;471.0143433;510.0533752;431.5940247;526.6139526;532.8531494;333.1055603;542.1800537;377.5586548;451.8753113
1838;421.5218506;416.1911621;416.6391907;504.3869324;512.9782104;497.0136108;525.2868652;324.3165283;510.7508545;350.4946594;447.9579864
1839;391.0466309;333.9484253;468.7865601;564.5524902;553.5303955;467.4886475;568.9794922;431.8754578;485.7131653;395.9779358;466.1899201
1840;412.3859863;320.5295105;505.1080627;618.4448853;588.1810303;570.46875;511.4550781;366.030365;483.3469849;489.6166687;486.5567322
1841;413.7278442;371.5273132;489.4035645;525.7409058;528.1085815;562.1793823;486.0829773;268.307373;505.6824036;494.0136108;464.4773956
1842;445.3237915;353.4019775;574.4411011;596.8831177;469.9387512;581.355957;414.5027161;303.6053467;530.5447388;495.7757568;476.5773254
1843;452.8817444;411.7611694;586.8778076;631.2094727;511.1103821;586.8831787;477.2070007;355.8696899;460.4758301;529.4316406;500.3707916
1844;397.9648438;371.0562439;569.072998;634.8047485;448.591156;548.8026733;499.6157532;195.2480469;429.3158264;428.155365;452.2627655
1845;413.4597168;432.1259766;556.6970825;633.2420654;502.0436707;532.711853;495.6748962;324.2704773;511.153595;435.4846802;483.6864014
1846;410.4683228;376.1927185;558.307373;613.7354736;337.5875244;469.4370117;593.9238892;260.4175415;491.6358643;447.6722107;455.937793
1847;397.202301;338.6529846;504.0570679;571.4677734;357.532196;514.5383301;504.1822815;272.0475464;490.605835;395.5335083;434.5819824
1848;364.7703247;269.4589844;537.9231567;588.3045654;345.6269836;543.8287354;546.1411743;274.7139282;500.7865906;434.6161804;440.6170624
1849;463.6525574;228.1922607;498.7148132;589.041687;295.5069885;569.3001099;385.7972412;252.0242004;376.7076111;429.8435974;408.8781067
1850;501.5812073;392.1094666;514.2543945;531.1425171;346.4695129;591.0699463;373.0474548;243.0950165;390.1425476;481.1973877;436.4109451
1851;492.0414429;507.8276367;570.0695801;519.8250122;321.841217;560.0657959;530.1612549;278.335144;371.5010071;493.7828979;464.5450989
1852;415.7373047;444.286377;565.2426147;534.0510254;360.4573669;522.0216064;422.93573;267.8823547;404.9424744;532.640564;447.0197418
1853;458.690033;423.5367126;546.1712646;588.6654053;352.9851379;561.3547363;416.3624573;289.1760559;479.8121643;525.2550049;464.2008972
1854;416.7580261;339.2485352;567.1989136;550.2186279;316.5845032;539.000061;526.5151978;293.7608032;528.2009888;447.9447021;452.5430359
1855;524.6929932;294.6885071;590.1831665;620.925354;370.2771912;553.5631104;301.9267273;272.893219;531.7597656;530.3981323;459.1308167
1856;565.2446289;311.9395752;599.2715454;653.50354;346.1633301;503.2263184;470.4830933;288.4729309;439.4770813;494.5419006;467.2323944
1857;551.5952759;409.7877197;542.1576538;564.5371704;354.4013367;460.5146484;442.3371277;297.7194214;513.9152832;466.1827393;460.3148377
1858;507.2340088;449.5873718;508.5980835;525.8293457;318.2685547;477.8193359;438.6250916;269.1881714;532.5269775;499.6080322;452.7284973
1859;510.55896;355.5570984;557.4744873;633.3920288;367.5568542;527.6595459;467.4070435;268.4024353;545.4521484;634.7072754;486.8167877
1860;490.7167358;390.9450989;530.0787964;640.585083;302.5014038;482.0345154;409.5681152;309.2961426;469.7588196;590.3861084;461.5870819
1861;446.1940002;341.7168884;530.24823;579.0823975;357.3992004;464.4660034;418.0581665;281.3897705;466.3443298;532.3391113;441.7238098
1862;533.7833862;405.209259;572.2087402;540.071106;443.7642212;465.5848694;353.3486633;317.2520752;458.1104126;621.196106;471.0528839
1863;489.8830566;378.6015015;542.0668945;530.0250244;344.3555298;498.9430237;403.3968506;258.0577698;425.5910339;527.2352295;439.8155914
1864;502.7024841;372.733551;544.6833496;545.3377075;355.8358765;487.1714172;445.5624084;343.1539612;482.2120056;532.9527588;461.234552
1865;546.137207;385.2611084;583.7206421;527.0128784;352.5422058;543.4545288;509.6633606;350.5619812;450.2833252;587.1801758;483.5817413
1866;528.487793;295.1794434;539.4021606;583.2076416;326.5159302;505.5342102;537.0158691;271.0245667;466.3390503;559.3170776;461.2023743
1867;535.2977905;361.9448853;575.9611816;569.2648315;358.3158264;532.3900146;488.3228455;345.0753784;482.0142212;623.7900391;487.2377014
1868;469.869751;287.8103333;502.4933472;539.4920044;318.7027283;484.95578;525.7453003;241.1445313;448.0264587;554.6193848;437.2859619
1869;482.3612671;305.2154846;540.6861572;555.7047119;361.0035095;456.9466248;429.8126831;333.2234497;484.021637;572.0335083;452.1009033
1870;529.9203491;357.6507568;520.9614868;532.8284302;379.5621338;560.1965332;421.7603455;360.1928711;425.775116;609.5428467;469.8390869
1871;549.2103271;255.5805817;568.8457031;582.1679688;409.8235779;585.9755859;489.2793579;308.1507874;420.2850037;567.1084595;473.6427353
1872;479.2316284;342.2471619;421.1975403;497.0753784;303.9413757;463.2953186;497.328064;228.3167877;446.4867249;513.3048706;419.2424851
1873;516.4345703;389.2167664;439.1450806;551.0827026;344.3938904;474.240509;440.7648621;300.0618896;431.1200562;538.2123413;442.4672669
1874;506.5048828;377.5258789;448.9766541;554.8791504;328.3129883;507.8522034;517.9625854;293.1534424;370.286377;544.6560059;445.0110169
1875;513.1412964;449.8331909;441.1339722;539.3692017;275.9727173;473.6177063;298.9390259;331.055603;375.7559204;548.5025635;424.7321198
1876;569.3046875;355.0467834;501.6422729;529.0349121;320.3523254;558.2601318;410.2914429;351.6011353;430.57724;550.597229;457.670816
1877;531.0158691;270.4559326;522.6965332;505.2073669;339.9305115;602.6221924;374.0006714;354.1987915;428.1687317;598.9263916;452.7222992
1878;566.0994263;350.9709167;532.9411621;554.7354736;378.3193054;508.0898438;399.7348328;380.8876038;436.6867676;640.4281006;474.8893433
1879;474.8959656;416.1821899;506.2881775;548.5272827;345.3434143;492.0159912;412.5951233;351.9549255;412.3524475;567.9385986;452.8094116
1880;476.2884216;364.1965942;488.2347412;528.7038574;383.936615;540.0553589;453.3719788;371.5654297;427.4129944;587.1519165;462.0917908
1881;410.6698914;298.3444519;457.4936523;483.9665527;375.6932373;468.684967;466.50177;362.6486816;436.2219849;552.2284546;431.2453644
1882;374.8945618;363.7284241;443.0925598;374.3516541;342.0050354;452.37854;303.4316711;331.9650574;431.7484741;596.4621582;401.4058136
1883;413.5445557;327.6630859;529.9906616;569.1286621;387.3442078;544.506958;382.704895;369.8367004;434.0684509;603.810791;456.2598968
1884;432.5018921;368.8717651;547.8340454;623.0246582;425.4624023;539.2723389;403.7692261;389.1397705;434.3979797;654.6987915;481.897287
1885;544.7759399;455.8714294;559.5539551;596.2560425;389.3693848;522.4859009;299.1191406;451.0825195;387.9930115;668.3301392;487.4837463
1886;490.4251709;446.1839905;449.946228;513.6248169;376.9602356;469.0838623;368.0752563;385.8987122;428.7642212;597.6739502;452.6636444
1887;396.460907;361.3894958;473.8895264;506.7970276;470.2410889;442.8028564;418.9567261;357.8851318;452.198761;482.4926147;436.3114136
1888;449.0213928;364.8565369;526.1395874;484.885437;465.2952881;467.021698;411.0766296;316.9330139;411.5499878;533.3468018;443.0126373
1889;460.7364807;290.4433594;562.1074219;552.5134888;436.6130981;550.1951294;206.914978;403.0541382;388.1350708;580.4100342;443.11232
1890;415.8032227;305.0889587;571.5880737;505.9658508;494.4671936;484.5679016;314.3618164;462.1473694;343.0141907;503.6843567;440.0688934
1891;410.2599182;350.5107117;597.5986328;409.5056458;508.3804932;514.5762939;290.7563171;415.704834;317.9006958;592.4176636;440.7611206
1892;326.2310486;333.9883118;499.8653564;390.8138123;428.5621643;416.2895813;348.2988281;355.5765381;435.276062;557.4248657;409.2326569
1893;387.0949097;396.6376038;496.1447754;419.977417;465.6517334;467.197998;488.2534485;414.3700562;404.3009033;544.7831421;448.4411987
1894;361.387207;358.0121765;472.6586914;378.4438477;451.2995605;457.1988525;478.8536377;312.0990601;330.9614258;484.726532;408.5640991
1895;344.590271;389.2380371;565.18927;427.4218445;476.59729;467.4272156;383.3866272;377.8830566;318.7140503;504.6077881;425.505545
1896;331.6038513;341.1389771;564.1246338;462.2153015;417.7198181;498.7505798;292.8091736;435.5482788;437.5620728;568.2037964;434.9676483
1897;355.6526184;389.4545898;541.5980225;439.3792419;471.5391235;465.3245239;323.684845;363.9203186;364.6427917;550.9955444;426.619162
1898;344.5371399;322.4545288;620.75177;467.6177368;493.1178894;542.0808105;412.1792297;349.2506409;332.7306213;641.5750732;452.6295441
1899;422.3482056;363.7596436;623.0532227;504.0699158;486.0609131;529.918457;408.4785767;478.8913879;438.5118713;616.6452637;487.1737457
1900;277.5393372;335.4101563;543.2579346;491.5545654;477.6993103;469.3540344;307.4042664;477.8093567;363.1043396;516.6209106;425.9754212
1901;412.3174133;350.8742065;519.4698486;454.8471985;394.329895;481.3821716;376.7305908;425.806427;411.9413757;435.4608459;426.3159973
1902;396.2339478;378.3515625;617.5275269;616.9030151;426.1569824;485.321991;348.3549194;481.3460693;452.3582153;507.5738831;471.0128113
1903;326.5388184;368.4850769;538.0719604;549.2012329;406.2472229;437.2592468;435.7063599;445.8988037;351.809845;500.3729248;435.9591492
1904;392.5690613;401.3208923;499.3122864;643.8322144;468.0046082;494.3965454;374.6886292;420.0689087;429.8125;590.7137451;471.4719391
1905;422.0523682;422.4640808;513.8222046;639.5123291;460.1513672;514.8095703;433.9489136;487.0176086;436.6709595;524.4871216;485.4936524
1906;424.8305359;345.5136414;448.8213501;616.6633301;403.0370178;471.4016418;429.1985474;355.4065857;423.0923157;553.2546997;447.1219666
1907;351.2661438;376.7026978;469.1045532;656.977356;431.2638245;476.8249817;289.4631348;381.1911316;478.946106;587.1018066;449.8841736
1908;300.3129883;390.4704895;429.874115;555.2226563;403.8483276;441.3057556;420.3034973;324.1825562;450.5466003;464.7480774;418.0815064
1909;354.9617615;464.4439697;506.889679;642.7758789;446.1589661;525.3850098;323.2295532;349.2541809;340.3928528;562.5793457;451.6071198
1910;279.1022339;352.5493469;453.0177612;475.4187927;399.3484802;447.1726685;423.9048767;333.9572449;385.3148193;488.7562256;403.854245
1911;174.6873322;330.6593628;425.5512085;476.0327148;385.9451904;443.5394897;442.6019592;340.7032776;377.968689;463.9359131;386.1625137
1912;336.3366699;406.2182617;509.1405334;623.8278809;418.7072144;474.7893066;448.0134277;423.8276367;351.3274231;454.1952209;444.6383575
1913;267.5998535;343.0391541;430.5865173;592.8312988;387.8082886;472.1209106;398.7505798;392.3032837;399.4309387;522.5377197;420.7008545
1914;313.9877014;403.9388123;517.8768311;681.840271;460.456604;531.7593994;387.7298889;417.6061401;379.0577393;604.3685913;469.8621979
1915;391.9457703;354.3055725;501.2470093;674.8671265;460.8761902;551.2424316;270.4014587;453.3033142;411.3480835;608.5689697;467.8105927
1916;391.1485901;293.1543884;506.1034851;635.2926025;436.0012512;475.8468018;260.9179993;461.9692078;414.0304871;539.3309937;441.3795807
1917;364.4014587;345.5528259;464.8501282;651.9763794;452.9851685;415.1500854;425.4154968;425.0914612;392.9883423;516.6854248;445.5096771
1918;376.0423584;393.3352966;511.4363403;625.8809814;482.7654114;463.2756042;346.3332214;453.3025818;436.7347107;575.6130371;466.4719543
1919;352.3001099;351.3854675;438.2398071;568.0844727;484.36026;478.6786194;469.5448608;488.6162109;409.8168945;530.0842285;457.1110931
1920;346.0773315;269.8314514;445.5842896;565.8879395;403.5696716;470.7493286;428.0001831;397.7495117;388.8067017;500.096405;421.6352814
1921;402.8786621;438.4062805;526.8688965;570.5471802;498.0595398;479.8624878;404.287384;411.0649109;434.0099792;542.1792603;470.8164581
1922;444.9820557;360.6612244;512.9475708;556.0083618;483.5639954;541.8342285;390.2390137;422.4298096;440.4805603;655.0988159;480.8245636
1923;474.2983704;488.8036194;577.4989624;605.5395508;547.5217285;579.2518921;475.1914063;424.6427917;473.0324707;699.1054077;534.48862
1924;423.6644287;329.885376;499.0531921;511.42099;410.9204102;450.8470459;422.1495361;467.1825867;444.2065125;619.8664551;457.9196533
1925;455.2280884;335.09552;536.8243408;613.0864868;490.7448425;491.5719604;349.0835876;501.1720581;471.6611633;625.5635986;487.0031647
1926;414.2173157;330.2993469;553.2507935;555.1270142;452.9823914;438.8721619;478.9628601;436.6351929;457.2397766;568.7786865;468.636554
1927;475.9009094;402.9386902;547.4247437;592.2741699;516.6704102;491.5896912;0;482.8863831;462.6714172;648.3018188;462.0658234
1928;492.5766907;292.5697327;581.949707;621.1827393;506.2376404;453.9810181;0;414.5585022;453.5258789;684.5460205;450.112793
1929;457.8764648;378.6123352;472.4187317;580.1199951;550.8233643;499.8620911;82.43920898;550.1343994;535.5523071;694.7910156;480.2629913
1930;470.3369751;318.198822;544.6773682;621.4807739;518.9671631;476.6672668;496.929657;502.8131104;528.27771;692.354248;517.0703095
1931;543.824646;383.9897766;473.7629089;626.0609741;534.7894287;528.3309937;517.7263184;428.4368896;488.1148376;660.164856;518.520163
1932;438.9141541;272.4118347;460.4732056;529.7792969;491.7673035;459.3519897;581.5802002;561.2017822;518.8696899;651.0253906;496.5374847
1933;389.3347778;271.6738586;452.7402954;559.760376;485.6326904;453.4373779;555.9186401;366.993042;516.5634766;642.8875122;469.4942047
1934;438.5697632;331.2288513;387.559082;504.236969;450.6891785;457.9796448;557.7831421;422.8549194;452.3980408;683.814209;468.71138
1935;432.9132385;364.3398132;434.6243286;575.0960083;526.6774902;450.4255371;505.8632507;303.7959595;502.4247742;645.2246704;474.1385071
1936;514.6417236;501.7838745;472.3294983;594.2514038;590.3688965;526.0735474;578.8643799;421.0457764;491.7030945;666.7685547;535.783075
1937;481.815155;321.4181824;506.1295166;502.444397;549.8114014;522.9506836;579.2538452;473.1282654;439.9446411;619.4485474;499.6344635
1938;453.4326172;285.0410461;399.8663025;414.138916;476.7600098;438.5635681;504.9181213;450.2545166;466.605957;584.4778442;447.4058899
1939;451.009552;363.9875793;507.5176392;560.9967651;559.3823242;466.1376343;449.1416931;429.0326843;446.468811;631.6021118;486.5276794
1940;411.7411804;308.7957764;487.4999695;545.413147;526.5952759;325.0878906;423.250824;442.0232544;510.0353394;658.2554932;463.8698151
1941;408.8581848;370.2384033;457.6983337;488.5619812;479.5349731;447.0072632;511.2368469;378.1050415;483.4264832;656.5668945;468.1234405
1942;392.6253662;316.5734253;437.5621033;477.1889648;426.1821899;416.9786072;541.2315674;358.6065063;447.5838318;748.6218262;456.3154388
1943;403.9349976;379.2466736;497.454834;478.9646301;449.4701843;380.902832;468.0747986;410.6813354;536.9795532;590.8873901;459.6597229
1944;0;338.3141785;546.7130127;542.6274414;527.0455933;461.1514587;502.7798462;429.0535583;522.1444702;682.2253418;455.2054901
1945;187.2147522;551.0111694;502.4975891;522.4134521;529.2107544;470.5417175;546.364563;526.1012573;540.7938232;707.0722046;508.3221283
1946;380.4328918;248.6246948;488.0252686;466.2150269;467.6329956;450.0170593;549.5919189;433.7143555;539.7050781;608.8452759;463.2804565
1947;461.4581604;439.8547668;505.4595642;514.8779907;479.980835;439.0906982;493.7415771;476.8286133;503.88797;661.1160278;497.6296204
1948;526.9833374;324.76474;519.2468872;515.1257935;504.3514099;443.1167297;481.5189819;398.0022583;549.5065308;683.2404175;494.5857086
1949;471.7998352;472.7221375;586.5953369;610.0758667;599.5402222;472.8883972;567.1625977;474.0378113;585.6124878;665.0467529;550.5481445
1950;447.1340027;508.70578;533.8451538;520.6474609;623.4273682;451.3138428;587.5704346;514.140625;610.1265869;615.3624878;541.2273743
1951;416.0365906;331.8681335;534.5161743;552.3578491;561.9229736;412.6596069;562.6591797;419.4013672;554.0316772;569.2459106;491.4699463
1952;556.5981445;452.8399048;533.5646973;490.4283142;492.7332764;448.7554932;557.1152344;394.0339966;504.789978;641.355957;507.2214996
1953;605.2861328;527.3301392;492.8976746;535.1977539;511.4841309;491.2138367;524.4032593;446.4770203;504.0707092;608.1914063;524.6552063
1954;493.4827576;411.4286499;469.723053;452.2001038;451.6886292;426.0923767;613.2333984;439.5643005;462.4023132;617.0953369;483.6910919
1955;546.3238525;463.9532776;486.6092529;485.0441284;564.5057373;420.9394836;643.3133545;484.4995117;560.883667;647.5406494;530.3612915
1956;582.8617554;438.5908813;484.938324;476.7315369;513.3737793;439.6048889;583.4262695;457.6760254;559.7199707;660.3503418;519.7273773
1957;524.4015503;398.1719666;444.6445923;419.5611877;404.8821106;390.321228;569.6243286;420.9388733;476.1138611;652.7376709;470.1397369
1958;576.0999146;413.4743958;459.7940979;476.8319092;513.114502;392.240509;666.1068115;367.8389282;554.4009399;590.1444092;501.0046417
1959;559.6517944;365.0753784;478.6662292;467.703125;514.9797363;351.1530457;632.0482178;294.4715881;463.4539795;692.5380859;481.974118
1960;484.4532166;399.9875183;377.4423523;409.7458496;469.9826355;415.9458618;577.9423218;167.1702423;457.5470886;697.0758057;445.7292893
1961;456.6497192;408.7023926;476.0819702;447.2599182;465.9497681;382.7556458;602.9314575;330.2183228;469.6952209;702.2288818;474.2473297
1962;512.5791626;535.3384399;566.6471558;500.8057861;572.1418457;534.2164307;504.8603821;427.3995972;501.6149597;575.6821899;523.128595
1963;520.3208618;485.0167236;480.0877075;531.8206787;568.9483643;478.9161072;514.0875244;407.8938599;508.7683411;612.1177979;510.7977966
1964;427.1193848;484.0950012;537.9854736;462.6601868;504.7344055;419.8557129;552.4246216;491.9717407;518.6072998;681.3060303;508.0759857
1965;550.8495483;505.5683594;503.5878906;477.3937378;525.1155396;412.8345032;632.0244141;359.3348389;568.0695801;530.0701904;506.4848602
1966;432.8596802;435.3864136;425.9153442;459.826355;468.1046753;402.4980774;516.5289307;478.6083679;553.1635132;622.8354492;479.5726807
1967;486.4048462;401.269928;435.3687744;456.5282288;432.1039124;407.6097717;488.9272461;395.3922729;479.4909058;654.0974121;463.7193298
1968;481.7414246;505.9375305;535.756958;593.4297485;561.7203979;443.3207703;532.357666;449.1008911;565.6439209;686.7434082;535.5752716
1969;458.258728;526.7766724;499.795166;419.9078674;496.4767761;429.3870239;334.9518127;516.2120361;535.1161499;672.5701294;488.9452362
1970;465.4136047;497.9654846;473.2531128;528.9099121;512.8734741;386.6091614;250.0866852;408.946228;579.7296143;629.9758911;473.3763168
1971;518.2144775;463.5882874;462.3077393;0;533.3395386;437.1619263;373.7883911;363.5899048;526.5031738;663.8010864;434.2294525
1972;582.9370117;494.6738281;429.8069763;0;518.7145996;433.1612854;350.5283203;403.5064087;594.6801758;661.6972656;446.9705872
1973;484.9850769;425.2324829;324.910553;0;447.210083;405.2887268;347.8656311;448.6769409;513.6190186;689.5154419;408.7303955
1974;442.0941162;421.9177856;347.9658508;301.0623474;404.4884033;408.3717957;326.5211487;424.1078186;531.2213135;581.2672729;418.9017853
1975;525.8963623;524.3679199;458.7848816;432.0711975;551.8481445;444.1600647;475.0415039;594.4398804;543.7473755;713.5142822;526.3871613
1976;519.265625;411.8526611;423.9431458;434.5721741;493.1392517;388.0147705;434.3752747;569.7572021;476.0316772;681.9888916;483.2940674
1977;539.1951904;461.291748;472.8381958;457.3270264;448.8977661;415.0571899;481.8810425;576.1813354;469.3096313;701.102356;502.3081482
1978;544.5385742;484.133606;520.7627563;410.5562134;518.7283936;466.031189;369.4837036;539.7467041;581.0411987;676.8709717;511.1893311
1979;575.4798584;459.5310669;517.7304077;417.0859375;491.7711182;477.537262;343.5272827;569.3912964;521.8301392;683.8393555;505.7723725
1980;527.9744873;369.3911133;480.7409058;421.5561523;498.4518433;414.1192627;355.2254028;539.5831299;536.6712036;583.3994751;472.7112976
1981;554.7993774;414.0606995;532.8013916;452.9260254;463.2010498;432.5413818;436.8050232;657.9196167;482.6127625;608.7473755;503.6414703
1982;634.0479126;418.1290588;480.4131165;435.0203857;245.0376129;422.6590271;487.3167114;550.1645508;394.9858398;676.0665283;474.3840744
1983;603.557373;463.3050537;494.7442322;420.1897278;478.4216003;446.5493164;424.6316528;554.0435181;466.7047119;706.303772;505.8450958
1984;571.9805298;451.6237183;436.6264038;411.4297485;526.6070557;419.4902039;350.71698;466.4145203;493.8530273;632.1679077;476.0910095
1985;517.1101074;424.440033;402.5083313;374.342865;518.4846802;372.0484314;480.9251709;362.0653687;512.5563354;631.9909668;459.647229
1986;508.3642273;435.6659851;453.3467712;446.4532166;444.5436401;389.9325256;363.9039612;395.1427612;524.2010498;597.0114136;455.8565552
1987;509.0492249;355.87854;384.8304443;448.1682129;422.0411377;409.8486938;281.7050171;402.1485901;484.096344;409.5453796;410.7311584
1988;477.6595764;426.6263733;291.6198425;433.2749329;352.0647278;366.268158;358.3717346;401.9911804;513.6954346;536.5644531;415.8136414
1989;564.7370605;448.2453308;450.3239746;421.3933105;233.6552429;361.9432373;317.1867676;336.3474731;495.0869141;593.1556396;422.2074951
1990;587.5415039;460.9710388;377.5529785;436.0290527;410.2800293;435.4265747;475.0809937;385.844574;484.563324;557.3189087;461.0608978
1991;538.196228;452.7000122;420.0752258;421.0394287;368.0850525;468.3330688;572.7516479;446.123291;503.3009644;619.4019165;481.0006836
1992;538.6002808;483.0436401;399.4742737;331.3068542;410.9089966;442.6090088;530.3178101;456.5666504;465.4301453;640.6162109;469.8873871
1993;403.6604919;395.7532349;320.9625549;320.107666;370.9074402;367.7281189;438.9429626;321.6097107;401.7748718;549.1473999;389.0594452
1994;431.8140869;427.3344727;320.3090515;267.099884;363.2464905;380.2220154;422.746521;344.1272278;491.9789429;537.5058594;398.6384552
1995;517.84552;482.5470276;407.462616;355.4154968;271.8551331;423.4302368;595.5556641;464.1912231;522.6915283;568.8241577;460.9818604
1996;518.3880615;429.1627808;340.0690613;353.4915161;327.8117065;408.62677;405.7915955;411.2603455;460.4932556;521.7624512;417.6857544
1997;475.2176514;410.4743652;374.9397583;394.4943237;317.1467285;355.7692871;448.7884216;407.3833008;398.3795166;427.2939148;400.9887268
1998;562.9624023;471.2767639;385.9690247;370.9485168;332.4931641;424.2286682;562.8556519;338.3892517;490.0206909;570.8464966;450.9990631
1999;534.2703247;444.7732239;380.4583435;428.0359192;355.7232666;386.7973328;629.6945801;507.466095;496.0247498;471.7600403;463.5003876
2000;496.6365662;420.5215759;405.9689941;388.8618469;230.6961212;352.7023621;505.9064636;391.0026855;410.2726135;513.5802612;411.614949
2001;522.7109375;434.3475037;360.2183533;432.232605;467.1137695;351.9732056;499.5900574;396.1283569;465.7598877;491.6585388;442.1733215
2002;488.1086121;440.3312378;347.8467102;392.0232544;500.039032;373.8320007;593.6086426;373.7884827;557.7816772;544.2467041;461.1606354
2003;504.7035522;426.9379578;387.0780334;389.788147;468.1089172;385.3732605;508.3431091;374.5280151;484.545166;570.2052002;449.9611359
2004;518.9440308;469.6786499;426.9155579;338.9890137;536.6641235;443.9959717;575.9884644;436.0933838;474.6735229;544.4743652;476.6417084
2005;564.3942261;417.516571;391.1615601;319.4136658;539.7730103;435.0120239;565.7511597;393.1238098;512.9542847;516.6331177;465.5733429
2006;555.5657349;435.7017822;454.4649048;366.6008301;531.2752075;511.6557922;469.6844177;415.6802063;449.3251648;529.4401245;471.9394165
2007;563.5740967;467.3685303;473.1636353;367.1466675;478.4241333;478.4057312;527.7975464;429.2321777;476.1532593;542.9763184;480.4242096
2008;626.1203003;505.5406494;400.8182373;383.5022888;447.3903198;441.8532104;557.7191772;431.2853394;539.7460327;581.756958;491.5732513
2009;590.2758179;418.0257263;441.9671936;460.0735168;648.5982666;463.2234802;525.5112305;468.4962769;490.9862366;555.47229;506.2630035
2010;504.4091187;384.5755005;369.3451233;352.6416016;0;408.0250549;531.9046021;367.1010132;379.0999146;499.5533447;379.6655274
2011;530.9959106;391.1250305;307.8152161;404.7134705;312.8716431;431.2848816;484.9566956;339.7814636;417.704895;489.3240662;411.0573273
2012;487.864563;451.4936829;334.4532471;275.427887;585.3161011;437.3335876;531.2272949;411.8441467;482.4324951;479.480835;447.687384
2013;442.7951965;337.319397;225.705658;455.3545227;518.9700317;398.0346985;492.0630798;345.5202026;477.4996338;483.9576721;417.7220093
2014;483.8330994;390.2518005;361.4750061;350.7253723;442.562561;421.2606506;466.4886475;300.6535034;455.1511536;471.0233765;414.3425171
2015;618.3248291;458.3193665;378.7586365;388.5770264;571.4959717;503.8690186;558.3822632;374.4065857;622.684021;624.3414307;509.9159149
2016;482.1886902;378.035675;289.4457703;459.914978;461.2607727;395.1845703;414.664032;338.9525757;464.5795898;538.6677856;422.289444
2017;597.1705322;456.1695862;357.3763123;350.8253174;490.9874268;481.0486145;558.2409058;371.420166;524.4866333;628.8612671;481.6586762
2018;501.9652405;366.752594;214.3610992;343.7444153;395.643219;356.5179749;426.7412415;298.4638672;480.3491821;496.1100769;388.0648911
2019;463.4713135;386.9764709;239.1882935;289.7169189;457.5988159;367.8787231;576.5136719;314.4505005;472.3722534;519.3942261;408.7561188
2020;503.9159546;348.9984436;299.2385559;264.6351929;476.1364136;331.1056519;549.4033813;363.859375;476.1011658;489.6934204;410.3087555
2021;532.1740112;365.3428955;292.6820068;332.6036987;428.7360535;359.7173157;496.640564;318.1920471;433.2219238;538.4447021;409.7755218
2022;622.5473022;416.2286072;0;290.8730164;446.4681702;423.2663879;517.9557495;360.924408;479.3833313;585.111145;414.2758118
