year,RCTA*APA06_,RCTA*APA07_,RCTA*APA08_,RCTA*APA09_,RCTA*APA10_,RCTA*APA11_,RCTA*APA13_,RCTA*APA15_,RCTA*APA17_,RCTA*APA19_
1697,0,0,0,41.62975311279297
1698,15.439505577087402,0,0,41.507110595703125
1699,16.214210510253906,0,0.00023466578568331897,47.18149185180664
1700,29.2063045501709,0,0.000028555470635183156,48.8547248840332
1701,47.078941345214844,0,0.00004775695197167806,46.95594787597656
1702,56.43581008911133,0,0.000050409958930686116,47.46683120727539
1703,53.98847198486328,0,0.00004831574915442616,43.65119552612305
1704,56.40524673461914,0,0.00005243974374025129,49.44562530517578
1705,57.35251998901367,0,0.00005286048326524906,53.891910552978516,0,0,39.98586654663086
1706,53.91624450683594,0,52.567710876464844,51.860992431640625,0,0,50.588844299316406
1707,49.93980407714844,0,51.91751480102539,46.592071533203125,0,0,55.84931564331055
1708,51.54377365112305,0,57.36748504638672,53.9324951171875,0,0,54.38226318359375
1709,48.96062469482422,0,14.49767017364502,49.37384033203125,0,0,59.33559799194336
1710,51.80418014526367,0,38.854068756103516,48.48486328125,0,0,57.37739944458008
1711,47.49586868286133,0,43.90615463256836,49.191856384277344,0,0,58.23060607910156
1712,51.56669235229492,0,45.880794525146484,53.60734176635742,0,48.99814224243164,54.81051254272461
1713,50.14226150512695,0,44.51426315307617,50.05498504638672,0,45.4134521484375,52.638275146484375
1714,41.42509841918945,0,37.66420364379883,47.16309356689453,0,26.612890243530273,46.78289794921875
1715,50.613189697265625,0,29.1046199798584,47.0379524230957,0,40.507789611816406,52.09563064575195
1716,55.51263427734375,0,44.80900955200195,51.72413635253906,0,42.89893341064453,48.91075134277344
1717,48.307098388671875,0,34.80485153198242,48.17871856689453,0,39.948326110839844,55.962276458740234
1718,50.56035232543945,0,42.756160736083984,50.33555221557617,0,47.58491134643555,56.164608001708984
1719,46.391517639160156,0,47.87575912475586,48.676597595214844,0,46.88212585449219,52.18623733520508
1720,45.34749984741211,0,35.19887161254883,50.64609146118164,0,47.72496795654297,51.36856460571289
1721,48.1441764831543,0,30.836090087890625,0,0,46.70507049560547,59.0289192199707,0,28.994626998901367
1722,43.364871978759766,0,28.103914260864258,40.94681167602539,0,46.13956069946289,54.95044708251953,0,52.89348220825195
1723,49.38215637207031,0,23.72343635559082,45.85066604614258,0,50.1807975769043,50.29616165161133,0,51.75724411010742
1724,43.74717330932617,0,33.99629211425781,44.190574645996094,0,47.751407623291016,26.121000289916992,0,51.15153884887695
1725,48.3885498046875,39.313926696777344,20.33092498779297,41.774131774902344,0,45.85713577270508,53.87688446044922,0,45.103572845458984
1726,46.87439727783203,41.32951736450195,20.264951705932617,45.73960494995117,0,43.8343391418457,49.431671142578125,0,50.38340759277344
1727,46.34891128540039,42.549476623535156,47.161624908447266,48.23612976074219,0,50.03139114379883,51.52434158325195,0,47.08525848388672
1728,49.31606674194336,46.46786117553711,57.046321868896484,50.11475372314453,0,48.19451141357422,49.53773498535156,0,50.80654525756836
1729,46.0596923828125,48.217498779296875,50.199771881103516,0,0,50.33817672729492,47.70987319946289,42.69443893432617,52.26847457885742
1730,46.89980697631836,47.429195404052734,31.864274978637695,45.812435150146484,0,48.141151428222656,52.18599319458008,0.6507285833358765,55.20637512207031
1731,0,44.47511291503906,47.3447265625,54.733497619628906,0,50.2426643371582,46.83490753173828,40.413673400878906,53.82249450683594
1732,33.9510383605957,47.60418701171875,51.66484069824219,44.619873046875,0,47.883201599121094,54.2896728515625,45.175804138183594,52.721858978271484
1733,28.0902042388916,50.87964630126953,53.14613342285156,47.739898681640625,0,49.826778411865234,54.20705032348633,41.2963752746582,49.57917404174805
1734,30.144088745117188,0,52.6833610534668,48.042301177978516,0,47.69230651855469,52.533203125,51.34313201904297,53.03840255737305
1735,43.24464797973633,46.13480758666992,50.29862594604492,53.417388916015625,0,52.111473083496094,56.615604400634766,48.744815826416016,52.6972541809082
1736,44.15790557861328,48.87940216064453,41.208194732666016,49.96717071533203,0,49.585208892822266,50.16883087158203,48.58315658569336,55.225830078125
1737,41.783016204833984,43.36589431762695,55.96096420288086,52.97914123535156,0,47.30465316772461,52.16139221191406,50.361671447753906,51.85834884643555
1738,44.064361572265625,45.59384536743164,53.62925338745117,37684.16015625,0,47.44768142700195,52.60171127319336,51.117916107177734,52.83352279663086,59.69754409790039
1739,51.25534439086914,54.3763313293457,56.68618392944336,55.927894592285156,46.2286491394043,51.0648078918457,48.71086883544922,50.44635772705078,56.03483200073242,59.290584564208984
1740,47.2891731262207,50.5252799987793,53.92106628417969,53.12712097167969,46.75117492675781,51.83110046386719,54.66779327392578,50.5805549621582,57.55888366699219,59.139976501464844
1741,46.569190979003906,40.493038177490234,52.444278717041016,52.547874450683594,47.39948654174805,49.708778381347656,54.82524871826172,47.43415069580078,56.71132278442383,56.03456115722656
1742,43.98661422729492,49.83856201171875,55.38833236694336,54.85905456542969,51.06939697265625,58.10634231567383,54.82921600341797,53.39579772949219,61.13902282714844,55.154544830322266
1743,44.17021179199219,50.368675231933594,56.64796829223633,25.87457275390625,49.64192581176758,56.777523040771484,52.42334747314453,51.229434967041016,572.5062255859375,50.620914459228516
1744,45.040775299072266,43.308406829833984,51.272544860839844,33.561378479003906,47.923194885253906,55.256431579589844,56.028663635253906,48.72495651245117,47.52495193481445,58.422637939453125
1745,44.7509651184082,45.689762115478516,56.93098068237305,41.388587951660156,51.22457504272461,58.926307678222656,60.21498107910156,48.943626403808594,54.03816604614258,60.68837356567383
1746,43.437381744384766,49.0765266418457,56.465171813964844,43.60255432128906,53.93760299682617,57.58397674560547,57.83903503417969,50.15925216674805,50.91787338256836,60.193870544433594
1747,41.38528823852539,35.52222442626953,52.09807586669922,41.669708251953125,50.18901443481445,56.765682220458984,50.6668586730957,51.657745361328125,53.371856689453125,59.4730339050293
1748,43.374488830566406,43.092342376708984,42.84676742553711,40.5218505859375,51.046348571777344,59.67356491088867,56.07386016845703,52.69678497314453,57.89429473876953,59.2419548034668
1749,45.270355224609375,46.235477447509766,56.32358169555664,44.512699127197266,52.23986053466797,57.125186920166016,48.85161590576172,52.649105072021484,53.57252502441406,61.0652961730957
1750,42.3918571472168,41.230560302734375,54.958702087402344,41.37627029418945,50.143951416015625,55.13804626464844,53.40617752075195,55.32887649536133,47.31597900390625,58.61505889892578
1751,45.457176208496094,42.10895919799805,55.70940017700195,43.89265060424805,52.408626556396484,43.37297439575195,47.6857795715332,53.32773971557617,45.4081916809082,59.19151306152344
1752,44.38651657104492,36.694602966308594,48.640106201171875,42.90849304199219,50.51520538330078,43.97674560546875,50.70558547973633,49.75193405151367,45.94709777832031,59.36723327636719
1753,43.41487503051758,39.07076644897461,55.61825180053711,51.09679412841797,54.997711181640625,46.47898483276367,57.095985412597656,53.24589538574219,48.355506896972656,59.35716247558594
1754,28.00098991394043,40.89304733276367,53.21377944946289,46.74885177612305,55.32147216796875,41.1224365234375,57.13982391357422,51.62568664550781,53.87771224975586,57.7805061340332
1755,44.11540222167969,0,49.81377410888672,46.016632080078125,55.75054168701172,43.710086822509766,55.0853385925293,49.19957733154297,0,57.83266830444336
1756,45.29249954223633,0,48.96992492675781,51.259918212890625,0,54.742488861083984,62.67512512207031,49.21624755859375,0,58.54302215576172
1757,53.43933868408203,24.114208221435547,48.48760986328125,0,55.60401916503906,48.83926010131836,59.15803527832031,47.31235885620117,46.87428283691406,56.91232681274414
1758,48.8773307800293,33.46304702758789,48.75952911376953,34.22072982788086,48.21965408325195,55.8330192565918,58.93879318237305,46.93639373779297,48.715023040771484,57.852317810058594
1759,50.611976623535156,33.648521423339844,48.68299865722656,45.600868225097656,52.79814910888672,35.69837188720703,58.30916213989258,46.67138671875,56.80431365966797,57.602943420410156
1760,46.734825134277344,36.44375991821289,50.34897232055664,41.90251922607422,52.32798385620117,40.31734848022461,56.0030403137207,50.53034210205078,45.580352783203125,60.32060623168945
1761,50.605167388916016,32.48598098754883,47.98927688598633,44.63231658935547,53.74702453613281,44.971580505371094,54.795127868652344,47.697566986083984,52.66223907470703,57.332523345947266
1762,46.970516204833984,33.35209274291992,53.60456848144531,40.80998229980469,53.06521987915039,18.627580642700195,54.519554138183594,50.504634857177734,50.90630340576172,58.600074768066406
1763,45.738834381103516,31.403867721557617,48.624942779541016,48.941184997558594,53.99641799926758,0,56.859127044677734,47.17354965209961,53.86381530761719,58.48570251464844
1764,47.235774993896484,33.78795623779297,51.57468032836914,40.72719192504883,50.122615814208984,0,56.98240661621094,48.76176452636719,34.34013748168945,54.872806549072266
1765,50.799110412597656,28.31739616394043,47.636932373046875,48.36869430541992,55.288143157958984,38.80802917480469,57.810081481933594,52.68757629394531,43.790225982666016,52.84306716918945
1766,48.60324478149414,27.904191970825195,48.625308990478516,45.87234115600586,54.345069885253906,45.05656051635742,57.41564178466797,47.22582244873047,53.86411666870117,53.86618423461914
1767,49.16304016113281,34.502593994140625,47.3679313659668,47.65225601196289,53.61922836303711,51.110015869140625,51.70387268066406,50.630863189697266,53.50042724609375,56.84540557861328
1768,53.25673294067383,45.257205963134766,49.6465950012207,36.589412689208984,50.259647369384766,54.980018615722656,55.52180480957031,49.213783264160156,51.324588775634766,58.49171829223633
1769,44.56290054321289,38.93394088745117,45.292625427246094,35.91236877441406,51.284461975097656,42.846092224121094,48.22323226928711,47.13520050048828,51.96345520019531,58.90276336669922
1770,46.707340240478516,32.42517852783203,46.16851806640625,32.704078674316406,53.97052764892578,46.52001190185547,58.69717788696289,49.455657958984375,54.70353317260742,57.11325454711914
1771,44.327125549316406,0,45.6464729309082,34.26461410522461,54.635501861572266,48.097328186035156,57.700408935546875,49.88886642456055,57.52141571044922,59.5947151184082
1772,53.669525146484375,0,47.062862396240234,46.64816665649414,48.85557174682617,52.528533935546875,47.122962951660156,51.515098571777344,52.36845397949219,60.94448471069336
1773,46.92534255981445,0,43.28400802612305,41.6171760559082,52.785919189453125,50.54710006713867,60.32648468017578,51.48099899291992,50.51720428466797,58.2239990234375
1774,51.435420989990234,38.65664291381836,40.532073974609375,40.64360809326172,53.68559265136719,52.3570556640625,54.790321350097656,55.84351348876953,40.758907318115234,55.14569091796875
1775,53.1446533203125,34.841915130615234,42.979644775390625,43.45812225341797,50.287471771240234,49.495304107666016,49.616790771484375,53.82160186767578,57.46175765991211,56.81081771850586
1776,46.27162551879883,36.6699333190918,41.778141021728516,49.12051773071289,6.102710723876953,49.78455352783203,55.273155212402344,52.2895393371582,54.44074630737305,57.26820755004883
1777,46.62443542480469,34.3389778137207,42.15007781982422,48.929988861083984,22.255413055419922,48.45856857299805,54.65619659423828,47.37633514404297,54.98844909667969,52.63850784301758
1778,55.1019401550293,33.17304611206055,54.624820709228516,48.15791702270508,37.365570068359375,49.17131423950195,55.33009338378906,51.82297134399414,53.60868453979492,55.428924560546875
1779,49.378971099853516,32.55070877075195,55.47895812988281,46.253387451171875,43.526771545410156,48.91671371459961,57.204505920410156,55.896018981933594,54.904319763183594,53.38682556152344
1780,52.71136474609375,35.24778747558594,54.59847640991211,47.42740249633789,50.958953857421875,49.81511306762695,58.20084762573242,53.24769973754883,55.30894470214844,49.951255798339844
1781,57.546016693115234,37.20888900756836,56.016361236572266,47.1508903503418,49.17365264892578,50.607078552246094,53.601341247558594,48.72294998168945,56.32158660888672,52.35932540893555
1782,54.151893615722656,35.96980667114258,54.336753845214844,46.79075241088867,48.590396881103516,53.55978012084961,51.62193298339844,51.27452850341797,54.32905960083008,53.54672622680664
1783,58.64054489135742,43.09761047363281,57.82097244262695,52.447235107421875,51.605838775634766,56.11454772949219,53.08168411254883,55.60649871826172,54.46494674682617,51.91187286376953
1784,57.14242172241211,37.483978271484375,54.59421157836914,46.80819320678711,42.367103576660156,52.600914001464844,57.551788330078125,37.4671516418457,58.39566421508789,51.62632751464844
1785,54.406490325927734,46.173099517822266,58.36028289794922,50.163658142089844,52.4716682434082,48.23004150390625,63.77375030517578,52.18332290649414,57.55299377441406,49.79991149902344
1786,48.149269104003906,35.85900115966797,50.01626968383789,51.64027786254883,52.99419403076172,43.172401428222656,55.93568801879883,46.27325439453125,60.14780807495117,51.37113952636719
1787,50.533592224121094,46.21830368041992,53.87345504760742,47.175453186035156,50.780853271484375,45.38309860229492,55.48369598388672,42.307159423828125,57.52320861816406,54.55433654785156
1788,53.450443267822266,43.55110549926758,53.56121063232422,47.090370178222656,50.10232162475586,43.818077087402344,56.90635681152344,48.91166687011719,60.11180114746094,49.674320220947266
1789,52.64834213256836,34.83915710449219,45.74999237060547,48.61233139038086,50.12030029296875,48.49610900878906,59.41694641113281,47.57224655151367,48.476688385009766,47.11948013305664
1790,54.6522331237793,45.974369049072266,56.25775146484375,48.569332122802734,44.81023025512695,46.223567962646484,52.1916389465332,37.398468017578125,47.47028350830078,51.63027572631836
1791,48.63373565673828,42.2474250793457,53.7988166809082,49.15443420410156,51.91154479980469,48.148006439208984,57.03962326049805,50.00204849243164,54.00825500488281,52.829505920410156
1792,53.88377380371094,48.069297790527344,59.016178131103516,51.350528717041016,50.42409896850586,51.70344543457031,57.31635665893555,48.01689910888672,48.7085075378418,45.554603576660156
1793,48.20841598510742,44.433170318603516,591.1294555664062,51.08496856689453,51.23060607910156,44.515933990478516,55.694820404052734,47.8585319519043,55.19399642944336,54.5517578125
1794,46.65182876586914,36.56646728515625,54.959251403808594,51.955169677734375,50.60581588745117,46.05056381225586,52.84056091308594,50.73073196411133,58.15669250488281,52.15855026245117
1795,48.87010192871094,26.35871124267578,52.466888427734375,50.64247131347656,46.28788757324219,43.699893951416016,56.68006896972656,53.126708984375,58.0638427734375,49.04786682128906
1796,52.04649353027344,44.77199172973633,54.615543365478516,49.59005355834961,48.480403900146484,49.792545318603516,50.873207092285156,43.586151123046875,56.6842155456543,50.37841796875
1797,54.98445510864258,45.994300842285156,57.801239013671875,56.0421257019043,49.6625862121582,53.62374496459961,55.92672348022461,43.16267395019531,53.23627471923828,52.096710205078125
1798,50.13874816894531,40.19643783569336,53.50398254394531,51.98114013671875,49.47207260131836,48.30141067504883,54.318260192871094,37.12488555908203,57.83882522583008,54.91676330566406
1799,52.40300750732422,44.85490036010742,55.17701721191406,53.07609558105469,51.71308135986328,49.431156158447266,56.11606979370117,46.27941131591797,57.99281311035156,52.6674690246582
1800,58.96677017211914,47.225093841552734,58.32175064086914,56.20896530151367,53.291507720947266,51.470088958740234,63.786739349365234,47.38892364501953,55.35262680053711,53.73530578613281
1801,47.763099670410156,40.135066986083984,49.32448196411133,49.36103057861328,48.37382507324219,46.88661575317383,55.2983512878418,43.746803283691406,58.00414276123047,51.43315124511719
1802,57.8299560546875,42.46359634399414,55.90237045288086,53.95048904418945,54.45393753051758,49.87382507324219,58.230655670166016,33.066184997558594,58.45895767211914,54.78425979614258
1803,50.416439056396484,38.75480651855469,47.62212371826172,52.46232986450195,48.53696823120117,48.3647346496582,57.40729904174805,43.44069290161133,55.353973388671875,49.03068923950195
1804,48.610267639160156,40.165836334228516,50.10206985473633,52.39299392700195,54.492095947265625,46.296817779541016,56.251773834228516,37.76448440551758,56.88926696777344,47.98100280761719
1805,50.5290641784668,41.812076568603516,54.89482498168945,54.44660568237305,52.64350128173828,47.84576416015625,45.35681915283203,46.73595428466797,49.74493408203125,51.93710708618164
1806,50.45119094848633,40.54847717285156,54.38235092163086,50.718387603759766,33.317222595214844,45.14685821533203,50.67695617675781,48.9553108215332,50.352169036865234,47.59017562866211
1807,52.6335563659668,38.60530090332031,58.73187255859375,52.028907775878906,51.277164459228516,50.6639404296875,55.70888900756836,42.86088180541992,51.6909294128418,47.86576461791992
1808,50.69038391113281,41.77071762084961,55.1710090637207,48.4421501159668,51.46406555175781,50.20073699951172,48.61508560180664,44.20833206176758,52.77309799194336,50.08867263793945
1809,51.69940185546875,48.45542907714844,54.48566436767578,53.49113082885742,51.537132263183594,50.113441467285156,55.42911148071289,49.99387741088867,52.84760284423828,49.13923263549805
1810,54.37881851196289,44.80287551879883,57.29751968383789,55.10861587524414,50.29060363769531,53.46285629272461,50.66356658935547,31.444499969482422,53.411170959472656,48.022682189941406
1811,52.55923843383789,48.39417266845703,53.81378936767578,50.38680648803711,55.969879150390625,50.83310317993164,49.50373458862305,40.32270431518555,56.61854553222656,49.01659393310547
1812,52.39134216308594,45.43756103515625,59.25230407714844,53.082515716552734,53.98930740356445,53.40081787109375,52.60283660888672,40.56184768676758,59.739192962646484,52.87717056274414
1813,50.65938949584961,38.19428634643555,55.35701370239258,49.841163635253906,50.414459228515625,48.125701904296875,57.63997268676758,44.72529602050781,54.18810272216797,46.83819580078125
1814,50.37051010131836,46.95706558227539,55.339317321777344,52.58736801147461,54.398101806640625,50.428016662597656,54.24458312988281,45.46649169921875,57.97470474243164,47.396820068359375
1815,52.2198600769043,49.23463439941406,53.31330490112305,51.686500549316406,55.84261703491211,51.80619430541992,56.84401321411133,45.528018951416016,49.56507110595703,50.635414123535156
1816,51.53587341308594,41.396873474121094,53.833953857421875,55.03770446777344,55.6822624206543,53.01728439331055,59.67079544067383,47.34394454956055,54.00601577758789,47.16359329223633
1817,50.700435638427734,41.36103057861328,51.30479431152344,53.017730712890625,55.258392333984375,51.69844436645508,52.65313720703125,50.928985595703125,57.10884475708008,48.122283935546875
1818,49.454246520996094,47.36709976196289,54.35910415649414,53.478797912597656,50.824859619140625,56.919647216796875,58.97249221801758,51.866416931152344,55.82545471191406,44.281585693359375
1819,51.112674713134766,48.381019592285156,50.72718811035156,54.14605712890625,46.88177490234375,55.39509963989258,52.97031784057617,51.79531478881836,58.669193267822266,48.579280853271484
1820,51.41107940673828,47.84612274169922,51.17503356933594,54.03835678100586,45.48221969604492,53.32370376586914,53.13820266723633,50.19805145263672,56.2591667175293,46.934391021728516
1821,55.029510498046875,39.175384521484375,52.53874588012695,54.13431930541992,46.34083557128906,57.822391510009766,59.33954620361328,50.739105224609375,58.36477279663086,48.202327728271484
1822,55.48649215698242,45.032230377197266,53.85373306274414,54.676490783691406,49.86387634277344,56.70055389404297,51.419002532958984,41.993343353271484,53.686676025390625,51.507057189941406
1823,53.53459930419922,46.43389892578125,53.43394470214844,53.126766204833984,46.7580680847168,58.31024169921875,52.7523078918457,41.296390533447266,56.80537414550781,52.70701217651367
1824,54.93067932128906,51.746883392333984,55.32609558105469,51.16623306274414,51.183860778808594,61.793785095214844,55.42900085449219,40.44702911376953,57.03386306762695,53.77828598022461
1825,52.40573501586914,44.0779914855957,54.60035705566406,51.271854400634766,49.26692581176758,60.34760665893555,56.560325622558594,49.14598083496094,57.99700927734375,54.227664947509766
1826,51.42747497558594,0,44.484222412109375,48.005619049072266,47.45119094848633,43.64183807373047,58.698707580566406,44.479042053222656,56.77208709716797,51.66872787475586
1827,56.65054702758789,0,41.81858825683594,48.82733154296875,47.538265228271484,48.413421630859375,55.39828872680664,44.4581298828125,57.880985260009766,51.94133758544922
1828,54.81669235229492,0,51.51786422729492,51.96278381347656,47.96596908569336,56.613643646240234,57.89979934692383,36.16421127319336,57.654136657714844,49.480712890625
1829,50.6777458190918,47.63059616088867,55.5064582824707,49.12373352050781,51.76313018798828,56.850799560546875,52.519981384277344,51.31883239746094,58.15714645385742,51.326820373535156
1830,52.55270004272461,45.92019271850586,56.791324615478516,53.706241607666016,53.39341735839844,57.44038391113281,54.62715148925781,50.407508850097656,56.939208984375,50.78484344482422
1831,0,44.61915969848633,51.116329193115234,43.723384857177734,49.22335433959961,57.85624313354492,50.12495422363281,46.29804229736328,52.3732795715332,42.776859283447266
1832,34.460872650146484,45.956974029541016,51.15312957763672,54.98204040527344,52.07096481323242,57.62236404418945,56.511688232421875,51.79978942871094,56.7010612487793,48.85078811645508
1833,51.58964157104492,48.05131149291992,58.13530349731445,56.59025192260742,56.34803771972656,57.708316802978516,54.76365661621094,47.44742202758789,52.31090545654297,54.893653869628906
1834,53.343257904052734,43.537776947021484,59.408851623535156,56.59963607788086,53.45391845703125,59.608585357666016,44.28496551513672,40.7067985534668,55.0821647644043,59.84489059448242
1835,49.4879150390625,53.37553787231445,54.32296371459961,57.88681411743164,49.52164077758789,55.58770751953125,50.090274810791016,45.65760040283203,55.86158752441406,58.30820083618164
1836,54.34219741821289,40.62191390991211,56.471412658691406,56.22970962524414,50.436885833740234,58.488956451416016,59.46302795410156,42.18143844604492,55.559173583984375,55.00119400024414
1837,45.69956588745117,46.351966857910156,52.27640914916992,52.04554748535156,51.64164352416992,58.63865661621094,60.97725296020508,38.720008850097656,56.04359436035156,53.50309753417969
1838,48.80912399291992,49.30818176269531,50.111759185791016,54.27192306518555,55.89325714111328,57.81462860107422,60.09469985961914,45.30498123168945,58.4454345703125,51.25856399536133
1839,46.055362701416016,43.145362854003906,53.17704391479492,57.06195068359375,55.99184799194336,58.63301086425781,59.45552062988281,51.434635162353516,56.13039016723633,50.75912094116211
1840,43.65541458129883,43.41563034057617,50.349300384521484,56.351165771484375,53.36083984375,56.30626678466797,54.122764587402344,49.674278259277344,57.08081817626953,55.012176513671875
1841,45.05272674560547,46.80250549316406,51.95386505126953,56.55295944213867,55.16126251220703,58.059974670410156,53.69306564331055,44.01460647583008,59.56005096435547,57.30541229248047
1842,45.18296813964844,44.763092041015625,57.695045471191406,56.27106857299805,48.823028564453125,55.94059753417969,51.22747802734375,47.25820541381836,56.99518966674805,57.31411361694336
1843,47.251678466796875,47.89162063598633,61.29323196411133,57.30644607543945,50.7380485534668,59.4679069519043,54.592769622802734,50.37522506713867,55.36822509765625,59.64208221435547
1844,42.20307922363281,44.67564392089844,59.833431243896484,54.8689079284668,47.75920486450195,56.68862533569336,52.77342987060547,35.017005920410156,52.958133697509766,57.3663444519043
1845,42.98305130004883,52.76264572143555,56.0174560546875,58.00044631958008,50.27570724487305,55.59701919555664,53.905086517333984,47.42205810546875,55.3337516784668,53.78247833251953
1846,45.01493453979492,49.411468505859375,57.8390998840332,58.97557830810547,38.954803466796875,49.85078430175781,57.75922393798828,40.15227127075195,55.173580169677734,54.8343620300293
1847,45.54521942138672,47.82289505004883,54.37750244140625,54.884525299072266,34.89765930175781,56.457435607910156,60.1160888671875,38.78496170043945,52.571170806884766,52.317176818847656
1848,40.679073333740234,45.0263557434082,55.065208435058594,54.42716598510742,30.73070526123047,56.74396896362305,60.12655258178711,38.25069046020508,52.036739349365234,51.78463363647461
1849,46.91082763671875,43.90105438232422,53.121334075927734,54.96377944946289,24.756803512573242,58.33768844604492,58.53055953979492,37.92564010620117,48.236778259277344,52.675437927246094
1850,50.158267974853516,52.90792465209961,55.57398223876953,53.33323287963867,31.950885772705078,57.55599594116211,57.06093215942383,37.221168518066406,50.17560577392578,52.67416763305664
1851,49.11290740966797,56.329708099365234,59.505767822265625,51.23453903198242,26.540241241455078,57.315467834472656,58.281063079833984,37.28948974609375,45.550323486328125,53.11383819580078
1852,42.76572036743164,54.1798210144043,58.01191711425781,51.72972106933594,25.70124053955078,59.069671630859375,56.46696090698242,30.650728225708008,46.71174621582031,55.17892837524414
1853,47.6306037902832,51.647972106933594,55.1448974609375,58.73984146118164,27.01879119873047,57.483543395996094,51.07990646362305,33.44007873535156,51.94182586669922,53.209529876708984
1854,46.02142333984375,48.52682113647461,56.94392776489258,55.84555435180664,24.982215881347656,56.22080612182617,57.30553436279297,28.6807861328125,52.27251052856445,47.32380676269531
1855,51.858341217041016,47.4430046081543,60.61886978149414,55.99425506591797,29.09976577758789,58.055023193359375,47.449005126953125,31.918201446533203,52.675933837890625,57.179073333740234
1856,51.65499496459961,44.848976135253906,60.12911605834961,60.82994842529297,29.233062744140625,58.635162353515625,53.89583206176758,34.57013702392578,49.97470474243164,56.16084671020508
1857,52.12462615966797,49.37022018432617,60.43594741821289,55.18339157104492,37.91169357299805,56.66678237915039,57.724510192871094,37.90423583984375,54.91808319091797,55.4119758605957
1858,49.226600646972656,53.47456359863281,55.35326385498047,53.592063903808594,25.857162475585938,55.97993469238281,54.4046630859375,34.22393798828125,56.0305061340332,52.88749313354492
1859,50.58542251586914,46.27393341064453,60.75337219238281,56.33710479736328,29.111568450927734,55.77469253540039,53.82476043701172,34.480804443359375,56.91238021850586,60.140769958496094
1860,49.751216888427734,48.96885299682617,60.46867370605469,58.607200622558594,19.431406021118164,54.463863372802734,50.739051818847656,35.31672668457031,51.707435607910156,58.585533142089844
1861,45.864234924316406,46.89563751220703,59.68244934082031,46.71582794189453,25.16170310974121,50.58999252319336,49.55358123779297,32.26291275024414,53.32590103149414,52.370243072509766
1862,55.34535598754883,49.45669937133789,61.93861770629883,46.22769546508789,34.57756805419922,54.4932746887207,41.85370635986328,39.35417556762695,47.761749267578125,59.01654815673828
1863,50.78933334350586,48.44086837768555,58.023372650146484,50.618553161621094,26.43558120727539,54.979888916015625,49.34326171875,31.35933494567871,43.37534713745117,53.68748474121094
1864,51.09273910522461,50.566322326660156,56.92365264892578,45.86069869995117,24.789581298828125,54.44007110595703,50.06175994873047,42.83595275878906,47.54728317260742,55.4345703125
1865,54.03904724121094,49.178035736083984,61.22402572631836,46.528865814208984,28.454137802124023,55.3708610534668,58.18894577026367,49.152488708496094,44.78144454956055,60.4543571472168
1866,53.4520149230957,43.0378532409668,61.36678695678711,50.1799201965332,26.063358306884766,58.13207244873047,55.2349853515625,40.887901306152344,44.206787109375,58.81098175048828
1867,56.365943908691406,47.66292953491211,64.19489288330078,47.70832824707031,26.831567764282227,57.92901611328125,53.927608489990234,48.42097091674805,44.13356399536133,59.24895477294922
1868,48.28023147583008,45.0133056640625,57.787506103515625,46.637359619140625,22.111846923828125,55.0321044921875,56.864166259765625,36.194759368896484,42.966373443603516,51.945648193359375
1869,52.334716796875,46.67882537841797,56.3200798034668,45.98989486694336,22.202991485595703,53.536922454833984,52.725364685058594,45.121315002441406,44.54450225830078,58.06143569946289
1870,53.13252258300781,47.27312469482422,55.78294372558594,45.6036262512207,27.32000160217285,53.203895568847656,53.56903076171875,41.51292419433594,40.65098190307617,56.62190628051758
1871,53.40290069580078,42.691349029541016,59.731319427490234,47.068397521972656,30.952983856201172,58.299800872802734,56.65419006347656,40.2279167175293,39.937435150146484,55.98278045654297
1872,52.215476989746094,47.43933868408203,52.85219955444336,48.854896545410156,25.726566314697266,53.185218811035156,54.96099853515625,25.924930572509766,42.56252670288086,50.13467025756836
1873,50.90253448486328,48.53478240966797,53.362632751464844,44.54438018798828,24.016422271728516,52.026206970214844,51.304893493652344,35.87677001953125,40.978729248046875,55.133445739746094
1874,49.943565368652344,49.5615119934082,54.03701400756836,47.4827766418457,22.946828842163086,53.02458190917969,58.89704513549805,40.01433563232422,35.369873046875,57.26000213623047
1875,50.1656608581543,176.58941650390625,51.1068229675293,43.240047454833984,14.467170715332031,52.876487731933594,45.277339935302734,41.73053741455078,36.880191802978516,56.78879928588867
1876,54.281005859375,2453.078369140625,56.41019821166992,43.97927474975586,21.91862678527832,54.932777404785156,54.33510971069336,45.442893981933594,42.00372314453125,56.454471588134766
1877,56.1479606628418,37.48134231567383,57.78639221191406,42.968326568603516,24.500595092773438,55.57744598388672,52.53923416137695,47.24677276611328,41.64571762084961,60.692928314208984
1878,54.485626220703125,41.16926956176758,58.17584991455078,43.79317092895508,24.4892520904541,55.42013168334961,51.38929748535156,44.500099182128906,41.29004669189453,58.998870849609375
1879,54.434776306152344,39.87025833129883,55.993534088134766,4029334.25,24.271196365356445,58.24739074707031,53.14604949951172,41.5414924621582,40.29207229614258,57.906028747558594
1880,54.9476318359375,42.955963134765625,56.47856903076172,39.57005310058594,29.08600425720215,61.48920822143555,54.032615661621094,46.74538040161133,37.36312484741211,59.45330047607422
1881,52.31279373168945,36.846961975097656,55.69197463989258,40.79734802246094,25.15471649169922,51.986263275146484,54.61445236206055,43.23575210571289,42.576011657714844,58.15239334106445
1882,50.21953201293945,40.15468215942383,54.22964096069336,41.51422882080078,28.613521575927734,49.59468078613281,44.873260498046875,42.66747283935547,40.87930679321289,61.18025588989258
1883,50.89694595336914,35.74679183959961,56.87086868286133,47.59162902832031,30.776165008544922,55.33686065673828,49.400482177734375,43.41447067260742,40.62546157836914,57.210723876953125
1884,45.253265380859375,35.96283721923828,58.79979705810547,50.91431427001953,27.315088272094727,56.724674224853516,56.31747817993164,48.996463775634766,42.42906188964844,62.38566589355469
1885,54.935791015625,38.42738342285156,58.46888732910156,48.677284240722656,17.92521095275879,54.76804733276367,48.278629302978516,52.65838623046875,38.558448791503906,59.27056884765625
1886,52.53644943237305,36.37126922607422,53.97499084472656,46.97099304199219,17.126863479614258,51.145240783691406,51.62751770019531,48.73357009887695,42.545467376708984,55.56663513183594
1887,44.60410690307617,37.274314880371094,53.52521514892578,47.20126724243164,32.10744094848633,51.388465881347656,57.081939697265625,46.877445220947266,42.69532775878906,53.72420120239258
1888,53.946685791015625,36.582923889160156,56.58491897583008,49.713340759277344,35.195552825927734,55.535953521728516,58.222171783447266,41.30097198486328,41.8223991394043,57.17924118041992
1889,54.034324645996094,32.79848098754883,58.96131896972656,47.89567947387695,43.77025604248047,57.789207458496094,45.603424072265625,46.17537307739258,41.18138122558594,56.446372985839844
1890,42.73136520385742,33.001583099365234,55.42665100097656,46.75954055786133,43.02949142456055,53.42084884643555,56.012062072753906,52.92312240600586,37.759700775146484,54.257240295410156
1891,44.685672760009766,31.779403686523438,57.665428161621094,41.655521392822266,45.3629035949707,58.13834762573242,48.53104019165039,53.0341796875,32.166954040527344,59.28010559082031
1892,37.326175689697266,39.660728454589844,56.13098907470703,45.28759765625,42.48789978027344,50.76462173461914,48.67461395263672,47.45126724243164,40.56118392944336,57.40169906616211
1893,40.89236068725586,36.01061248779297,55.75799560546875,49.12759017944336,43.55508804321289,51.75579833984375,59.48867416381836,46.8248176574707,39.16638946533203,55.57444381713867
1894,37.659515380859375,30.47808265686035,51.13427734375,43.91319274902344,42.53993606567383,1844.505615234375,58.775211334228516,37.6208610534668,33.77830123901367,50.01335144042969
1895,37.68528747558594,35.30319595336914,54.86697769165039,46.9454231262207,42.173439025878906,56.44856262207031,57.04335021972656,43.873329162597656,35.57118225097656,52.503746032714844
1896,39.843711853027344,32.622013092041016,54.75094223022461,49.968040466308594,37.576297760009766,55.322967529296875,50.96433639526367,45.574405670166016,70.98600006103516,54.64167022705078
1897,42.60968780517578,34.0088996887207,56.117000579833984,51.46467590332031,38.72386169433594,57.473445892333984,53.12589645385742,38.507652282714844,36.06186294555664,53.85417175292969
1898,41.478694915771484,28.763690948486328,58.74031066894531,47.969966888427734,34.83697509765625,55.303524017333984,52.336219787597656,41.88996887207031,39.59438705444336,58.53124237060547
1899,45.111175537109375,32.79679870605469,60.39427947998047,49.14070129394531,38.92536544799805,60.3370475769043,58.337486267089844,50.7241325378418,50.19949722290039,58.3052978515625
1900,37.83380889892578,31.457651138305664,57.426551818847656,49.07017517089844,42.61771774291992,55.5079460144043,50.71529006958008,50.47652053833008,45.87285614013672,53.83806228637695
1901,39.86479568481445,30.507450103759766,53.358890533447266,47.46432876586914,35.66166687011719,52.60049057006836,50.9221305847168,43.46955108642578,48.585105895996094,45.65336608886719
1902,43.46328353881836,32.60357666015625,61.45140075683594,58.19747543334961,38.10556411743164,54.507850646972656,53.79083251953125,54.914276123046875,49.29494094848633,54.80753707885742
1903,41.026947021484375,30.27635383605957,58.69136047363281,53.79602813720703,38.88434982299805,54.254669189453125,55.770233154296875,47.006317138671875,46.90208435058594,50.90705490112305
1904,42.22446823120117,25.722105026245117,48.50678253173828,56.3048210144043,35.9728889465332,57.292274475097656,53.97937774658203,47.354061126708984,48.17179489135742,56.5740852355957
1905,43.40633010864258,27.079803466796875,51.68962860107422,58.46337890625,38.60111999511719,56.85399627685547,55.886104583740234,51.32509231567383,52.08559036254883,51.557777404785156
1906,43.81781768798828,24.358558654785156,49.12225341796875,53.139503479003906,35.810028076171875,56.65175247192383,59.623443603515625,43.15443801879883,52.32206726074219,52.00510025024414
1907,39.63521957397461,27.58519172668457,50.851158142089844,54.60139846801758,33.26115417480469,56.47488021850586,49.797889709472656,42.680057525634766,52.636009216308594,54.54043960571289
1908,36.32150650024414,31.50970458984375,48.86981964111328,51.935611724853516,38.97736358642578,53.29366683959961,53.31975555419922,36.831241607666016,49.95705032348633,48.61214828491211
1909,40.65107727050781,45.68587875366211,53.47333908081055,54.27304458618164,38.19527053833008,60.22811508178711,52.6807861328125,44.48284912109375,50.11248016357422,59.001182556152344
1910,41.697731018066406,42.4174690246582,51.467552185058594,51.136714935302734,40.38587188720703,55.36160659790039,54.87790298461914,40.41564178466797,54.945919036865234,53.89649200439453
1911,30.849979400634766,34.42770767211914,47.74854278564453,52.15316390991211,37.94644546508789,57.624629974365234,55.78270721435547,37.11844253540039,50.04692077636719,49.729103088378906
1912,40.882781982421875,42.329891204833984,50.999847412109375,57.79201126098633,38.71335220336914,57.766387939453125,56.247398376464844,47.44117736816406,53.69618225097656,50.97966766357422
1913,39.41355514526367,39.009666442871094,47.83740234375,53.11039733886719,37.252559661865234,58.63439178466797,54.534324645996094,41.39241027832031,52.850887298583984,52.25457763671875
1914,43.767555236816406,45.40311050415039,51.29337692260742,56.99334716796875,37.99131774902344,61.30101013183594,55.92538070678711,46.93834686279297,41.427276611328125,57.92815399169922
1915,42.980831146240234,36.82542037963867,50.67304611206055,55.317806243896484,37.73019027709961,61.590110778808594,47.992549896240234,48.58671951293945,52.44854736328125,59.18502426147461
1916,45.563194274902344,32.95429229736328,52.31568145751953,53.41209030151367,39.41896438598633,58.99812698364258,50.5181884765625,49.648521423339844,54.57936477661133,54.22480010986328
1917,43.054439544677734,31.50511932373047,50.052947998046875,53.45389938354492,38.59469985961914,53.35942459106445,55.75621032714844,47.173057556152344,52.31853103637695,54.8079719543457
1918,41.934303283691406,32.82114028930664,53.694820404052734,56.93527603149414,39.579315185546875,56.4689826965332,50.08254623413086,51.45413589477539,52.43792724609375,56.09324264526367
1919,44.490753173828125,35.4027214050293,50.32670211791992,53.518470764160156,38.393558502197266,57.404354095458984,56.93320083618164,51.064170837402344,52.372032165527344,50.744205474853516
1920,41.667724609375,28.587127685546875,51.66701889038086,52.971683502197266,38.0635986328125,55.84975814819336,57.50940704345703,47.36357116699219,48.8231086730957,50.528411865234375
1921,43.783443450927734,44.31204605102539,52.389923095703125,53.21113586425781,40.950714111328125,57.80135726928711,55.855812072753906,42.13172149658203,53.25148010253906,54.46784591674805
1922,46.270111083984375,33.72985076904297,51.6121826171875,51.192996978759766,39.28065872192383,57.774749755859375,53.09779739379883,40.68569564819336,50.35698318481445,59.34401321411133
1923,46.094337463378906,48.81551742553711,52.806640625,54.45222473144531,43.581031799316406,59.775856018066406,60.48617935180664,49.1458625793457,54.67636489868164,62.71332550048828
1924,40.629737854003906,33.054630279541016,53.0350341796875,46.97140884399414,38.109920501708984,52.92585372924805,55.078697204589844,44.51675796508789,50.642494201660156,55.98413848876953
1925,43.91899490356445,37.30757141113281,52.41434097290039,55.024932861328125,42.641292572021484,57.563926696777344,49.91109848022461,44.9289665222168,53.48921585083008,56.36317825317383
1926,44.04541015625,34.67878341674805,53.58430862426758,51.43558883666992,43.689476013183594,55.039119720458984,58.97208786010742,46.802162170410156,54.34284210205078,52.56709289550781
1927,44.21717834472656,41.607139587402344,53.50077438354492,52.0030632019043,46.767372131347656,57.530948638916016,0,49.453102111816406,50.952327728271484,56.110755920410156
1928,46.75812911987305,29.914012908935547,52.013877868652344,53.81743621826172,44.70618438720703,55.029476165771484,0,45.52926254272461,52.25400161743164,58.37500762939453
1929,46.616233825683594,43.160125732421875,48.43282699584961,54.20954895019531,49.787132263183594,57.355224609375,3.9764328002929688,52.54766082763672,55.88480758666992,61.45643997192383
1930,44.36408996582031,31.729196548461914,49.94984817504883,51.559696197509766,47.240943908691406,54.5164680480957,48.7453727722168,48.47861862182617,53.22269058227539,59.20374298095703
1931,47.20536804199219,41.92469024658203,48.249778747558594,55.711326599121094,46.664215087890625,56.91238784790039,54.11643981933594,47.27064514160156,53.51329040527344,58.35593032836914
1932,42.00614547729492,27.818334579467773,47.231868743896484,51.89347457885742,47.999874114990234,52.85874938964844,56.53474807739258,51.35982894897461,55.5859489440918,56.70621109008789
1933,38.171138763427734,26.52345848083496,46.355525970458984,53.218772888183594,45.3348274230957,56.332313537597656,56.72098159790039,42.878456115722656,53.87208557128906,56.208984375
1934,40.740928649902344,33.35947799682617,39.813087463378906,49.63325119018555,46.007328033447266,52.512542724609375,57.65399169921875,41.193599700927734,48.54133987426758,57.647560119628906
1935,39.85733413696289,39.271575927734375,47.38866424560547,52.72876739501953,46.17133712768555,52.18070983886719,53.92509078979492,32.42938995361328,54.79982376098633,56.52687454223633
1936,44.78401184082031,47.68793869018555,48.55694580078125,51.44514465332031,52.060386657714844,59.86634063720703,56.65259552001953,44.702232360839844,56.87129592895508,59.827003479003906
1937,42.415985107421875,30.276304244995117,46.672447204589844,46.95708084106445,45.02473068237305,55.91984558105469,55.04301071166992,45.61183547973633,52.59855270385742,58.037288665771484
1938,43.477561950683594,29.690170288085938,44.31126403808594,43.9173698425293,41.90925598144531,52.14948272705078,50.629600524902344,43.97275924682617,56.17617416381836,58.295352935791016
1939,43.128177642822266,36.12324523925781,46.91276550292969,47.70256423950195,44.447994232177734,54.03943634033203,52.35163879394531,41.70254898071289,55.86201858520508,57.666893005371094
1940,38.682579040527344,33.720218658447266,51.15846633911133,49.02138900756836,45.71370315551758,44.81869888305664,46.25505065917969,46.73134231567383,55.296775817871094,56.00172805786133
1941,41.099456787109375,38.7320556640625,48.41272735595703,44.87163162231445,43.321048736572266,56.494911193847656,49.72745132446289,42.42536544799805,54.64299011230469,56.5079460144043
1942,38.26404571533203,32.752357482910156,46.903812408447266,41.943458557128906,42.93059158325195,53.78783416748047,44.7754020690918,38.41914749145508,54.50407791137695,55.40822219848633
1943,38.222145080566406,42.0333137512207,50.148136138916016,41.79780960083008,46.605716705322266,51.42734146118164,42.0097770690918,41.78658676147461,56.2713508605957,52.470794677734375
1944,0,38.2413330078125,49.588985443115234,44.847747802734375,51.75083541870117,56.71751403808594,46.15394592285156,43.924800872802734,56.90849304199219,58.294071197509766
1945,22.17822265625,51.2479248046875,55.04521942138672,41.46967315673828,50.75568771362305,55.86409378051758,47.6418342590332,48.201602935791016,58.700531005859375,61.001564025878906
1946,34.4636116027832,28.16160774230957,56.50331497192383,43.23995590209961,47.081329345703125,55.0649299621582,54.593482971191406,44.14415740966797,56.5775032043457,58.24991989135742
1947,45.00503921508789,42.510807037353516,55.87053298950195,39.21999740600586,42.42513656616211,56.06195068359375,51.31258773803711,47.17478561401367,54.58365249633789,57.28152847290039
1948,49.092674255371094,35.96086883544922,55.8254508972168,39.592079162597656,49.807159423828125,55.343177795410156,48.74726486206055,40.85251998901367,57.113128662109375,59.206214904785156
1949,45.069271087646484,45.622222900390625,59.58725357055664,42.62820816040039,53.455841064453125,56.11233901977539,56.26018142700195,47.774879455566406,56.79509353637695,60.59461212158203
1950,44.727264404296875,51.08995056152344,55.86598205566406,38.82352066040039,48.29523468017578,56.816978454589844,56.12541580200195,48.17131423950195,55.84906768798828,57.11887741088867
1951,42.128944396972656,37.178009033203125,57.914039611816406,41.96464157104492,43.670536041259766,53.88359832763672,55.766353607177734,45.32217788696289,56.791744232177734,983.6043701171875
1952,47.522972106933594,47.79689407348633,58.75973129272461,42.256858825683594,43.983787536621094,56.642127990722656,54.02436065673828,42.48755645751953,58.44902801513672,56.1356201171875
1953,46.344486236572266,53.92073059082031,57.585906982421875,36.92511749267578,42.7243766784668,57.95572280883789,53.33903503417969,44.29574203491211,54.88876724243164,54.614402770996094
1954,46.1518440246582,45.12140655517578,51.789676666259766,34.06984329223633,39.3450813293457,53.81898880004883,55.57868957519531,42.846683502197266,55.2844123840332,56.607574462890625
1955,48.530555725097656,46.98571014404297,54.689823150634766,34.96577835083008,45.96531295776367,55.628173828125,55.90171432495117,45.01727294921875,60.805606842041016,56.174560546875
1956,48.37430191040039,47.94208526611328,56.32451248168945,37.69959259033203,41.920135498046875,55.68897247314453,55.239681243896484,45.57463455200195,59.604549407958984,59.335426330566406
1957,45.682640075683594,44.701114654541016,55.339080810546875,30.702852249145508,38.56043243408203,53.13447570800781,50.9044075012207,40.42825698852539,54.1747932434082,55.01963424682617
1958,48.018367767333984,46.33719253540039,54.32582473754883,38.55827331542969,43.06687545776367,54.66938018798828,57.49330520629883,40.706974029541016,59.75175476074219,53.07646560668945
1959,47.878883361816406,44.038604736328125,55.50758361816406,38.52496337890625,43.093929290771484,49.05189895629883,53.14482116699219,29.341445922851562,57.593040466308594,60.938873291015625
1960,45.77312088012695,47.10570526123047,47.1551628112793,32.9040641784668,41.785057067871094,53.38174057006836,53.746337890625,19.477933883666992,53.279640197753906,57.75421142578125
1961,45.50431442260742,48.15306091308594,54.9316291809082,32.68231964111328,39.86326217651367,53.92570495605469,55.998680114746094,36.10200119018555,58.52110290527344,56.9384880065918
1962,44.76545333862305,54.287349700927734,56.52180862426758,35.68644714355469,38.48157501220703,59.8504524230957,45.48357009887695,48.59832000732422,60.41191101074219,53.85638427734375
1963,47.848758697509766,54.10725402832031,58.23176956176758,39.28241729736328,42.501487731933594,57.032047271728516,47.07585906982422,45.57560729980469,60.000118255615234,54.912662506103516
1964,34.88298416137695,49.812164306640625,58.117286682128906,33.40718078613281,40.07635498046875,55.2640380859375,50.73769760131836,42.91510772705078,56.22345733642578,59.535091400146484
1965,50.798744201660156,55.34381866455078,62.42821502685547,34.593814849853516,44.32219696044922,55.05025100708008,1810.768798828125,40.28041076660156,61.54459762573242,63.304508209228516
1966,48.67607879638672,49.539894104003906,55.54214859008789,33.508827209472656,46.55161666870117,54.24020004272461,59.267398834228516,45.075050354003906,57.86233139038086,55.42285919189453
1967,46.213584899902344,48.133934020996094,55.43470764160156,37.84416198730469,48.40125274658203,55.16156005859375,61.767791748046875,40.914852142333984,55.94506072998047,55.45504379272461
1968,44.85810852050781,52.45435333251953,60.58726119995117,35.717376708984375,47.27885055541992,56.57194137573242,57.09975814819336,46.83285903930664,61.98750686645508,60.559871673583984
1969,47.64159393310547,52.36174392700195,59.324947357177734,36.78605270385742,47.183345794677734,55.679935455322266,58.11153030395508,47.80370330810547,61.44921112060547,59.348114013671875
1970,43.895599365234375,53.618534088134766,53.56570816040039,31.085617065429688,36.802730560302734,55.46198654174805,48.955142974853516,24.792957305908203,60.8290901184082,57.79230499267578
1971,47.995338439941406,51.598594665527344,55.98736572265625,0,47.17354965209961,55.656150817871094,57.2110710144043,22.799686431884766,61.60105895996094,61.130821228027344
1972,52.77898406982422,54.255332946777344,49.68281936645508,0,39.79899597167969,58.09683609008789,60.5900764465332,33.46757125854492,63.75130081176758,53.943782806396484
1973,42.812015533447266,45.95988845825195,43.53766632080078,0,36.45451736450195,54.924171447753906,60.432289123535156,46.31065368652344,56.28166580200195,57.29347229003906
1974,42.852874755859375,48.652793884277344,48.3040885925293,33.21393585205078,38.127357482910156,54.78335952758789,53.44489288330078,44.56111145019531,59.021766662597656,50.31867980957031
1975,50.94368362426758,53.233978271484375,50.47138595581055,0.14733701944351196,45.54893493652344,55.365535736083984,56.19614028930664,59.15486526489258,60.58311080932617,62.522705078125
1976,48.13979721069336,48.790950775146484,53.88363265991211,0.7824423909187317,44.798213958740234,50.10225296020508,64.92700958251953,58.559207916259766,53.03675079345703,59.17881393432617
1977,53.19698715209961,51.995521545410156,58.13393020629883,38.851287841796875,52.6562385559082,56.188167572021484,58.57798767089844,58.30265808105469,56.02967071533203,61.03403854370117
1978,54.09194564819336,53.37404251098633,59.40914535522461,35.51961135864258,48.7761116027832,60.33420181274414,58.35993576049805,55.960044860839844,62.21434783935547,57.55992126464844
1979,52.19355773925781,51.54269790649414,55.035301208496094,32.89007568359375,44.2554817199707,15641.9609375,58.00191879272461,54.43831253051758,56.34320831298828,57.89767074584961
1980,48.263832092285156,47.00778579711914,53.39751434326172,35.67362976074219,49.27151870727539,56.606597900390625,59.403316497802734,52.717857360839844,59.78277587890625,50.58443069458008
1981,52.12449264526367,51.801292419433594,55.56401824951172,34.12150192260742,55.41422653198242,56.68496322631836,56.683143615722656,58.35554122924805,57.73198318481445,54.7917594909668
1982,52.080963134765625,49.59714126586914,56.4701042175293,35.11135482788086,43.04802703857422,55.24424362182617,54.748756408691406,54.3139762878418,56.45685577392578,59.81792449951172
1983,50.657718658447266,53.12902069091797,55.325775146484375,29.809385299682617,45.77884292602539,58.073486328125,63.547760009765625,53.930782318115234,54.64937210083008,58.57505416870117
1984,53.43846130371094,54.79880142211914,58.34043884277344,39.00021743774414,53.24470138549805,57.399993896484375,59.40808868408203,38.55542755126953,56.974876403808594,59.22113800048828
1985,50.392940521240234,50.60902404785156,55.31135940551758,31.79237937927246,51.714759826660156,55.578125,60.882694244384766,37.72431945800781,55.617218017578125,54.898353576660156
1986,51.51477813720703,72.02098846435547,60.43974304199219,39.89104080200195,53.72734451293945,59.416622161865234,59.867820739746094,41.87351989746094,56.70261764526367,60.3610725402832
1987,52.227542877197266,47.715476989746094,60.5389518737793,34.172645568847656,59.53371810913086,56.7310905456543,58.211421966552734,43.42517852783203,57.771087646484375,20.468597412109375
1988,49.29712677001953,51.51197814941406,51.67160415649414,41.162025451660156,50.765445709228516,54.93165969848633,63.53786849975586,43.06167984008789,54.38671875,51.48798370361328
1989,50.38994598388672,50.766387939453125,56.08723449707031,40.44889831542969,41.698692321777344,52.6964225769043,55.073822021484375,35.58971405029297,50.2828254699707,53.42405319213867
1990,54.2430419921875,51.07520294189453,54.567100524902344,40.15510177612305,49.776432037353516,56.947227478027344,54.881412506103516,41.542198181152344,53.59389877319336,50.97932434082031
1991,51.99161911010742,53.22489929199219,60.19611740112305,37.468570709228516,52.1390380859375,58.605003356933594,61.39329528808594,45.32140350341797,56.83180236816406,56.32613754272461
1992,50.9968376159668,53.38881301879883,57.7486457824707,47.28935623168945,50.28226089477539,58.852638244628906,66.03071594238281,47.79905319213867,56.876739501953125,57.87443542480469
1993,50.38332748413086,49.548973083496094,57.840084075927734,51.92675018310547,58.454200744628906,54.99442672729492,66.6642837524414,38.970191955566406,52.83565902709961,48.72297668457031
1994,50.49750518798828,50.643985748291016,55.34181594848633,49.7760009765625,50.09185028076172,54.973175048828125,62.16120910644531,39.8038215637207,54.41886901855469,52.0245361328125
1995,54.27454376220703,52.40009689331055,52.357147216796875,52.148651123046875,49.624141693115234,57.09083938598633,66.2728042602539,47.848575592041016,57.9181022644043,53.00811004638672
1996,54.00605010986328,53.01181411743164,56.771907806396484,44.04877853393555,47.20606231689453,56.54262924194336,59.89280319213867,44.53192138671875,54.11314010620117,44.751556396484375
1997,47.155879974365234,49.82460021972656,56.583961486816406,48.36551284790039,49.56880569458008,55.80692672729492,58.89430618286133,42.83613586425781,49.614227294921875,41.62641525268555
1998,51.34157943725586,51.2762451171875,56.45414352416992,53.20203399658203,47.9091911315918,56.99338912963867,56.438663482666016,41.214942932128906,57.88777542114258,54.15945816040039
1999,48.23473358154297,50.93735885620117,52.86602783203125,41.58565902709961,52.92707061767578,55.887351989746094,59.24990463256836,47.53752899169922,51.672603607177734,45.70530319213867
2000,47.13453674316406,49.96287155151367,54.9806022644043,48.00874710083008,43.12786102294922,50.92306900024414,54.70627212524414,41.00647735595703,46.32784652709961,48.32522964477539
2001,46.96674728393555,46.30068588256836,55.69508743286133,43.679161071777344,48.48811721801758,48.352542877197266,49.99924850463867,43.12382888793945,47.85232925415039,49.58488845825195
2002,53.50788879394531,49.192726135253906,54.905921936035156,44.15652084350586,50.058433532714844,51.034847259521484,55.87516784667969,43.21409225463867,59.19845199584961,52.31970977783203
2003,50.53718566894531,44.31399154663086,57.540592193603516,46.259708404541016,49.05735778808594,51.3701057434082,56.842262268066406,43.48286819458008,51.794185638427734,50.648555755615234
2004,47.13133239746094,45.24913787841797,54.485923767089844,48.345008850097656,50.11756134033203,52.63112258911133,52.799530029296875,45.71942901611328,52.83900451660156,51.75582504272461
2005,51.54262924194336,44.28335952758789,54.490928649902344,48.61229705810547,49.1016731262207,52.732704162597656,54.947059631347656,43.2327995300293,57.89094924926758,51.90532684326172
2006,48.8189811706543,44.042152404785156,57.081321716308594,37.793357849121094,50.906494140625,57.03407669067383,49.11493682861328,45.23305130004883,48.66386413574219,50.62168502807617
2007,46.39460372924805,45.166412353515625,59.44676208496094,41.91376495361328,49.61421203613281,53.132625579833984,55.383445739746094,47.242469787597656,52.39106369018555,52.19827651977539
2008,47.20954132080078,47.407875061035156,59.385589599609375,35.5608024597168,43.54752731323242,54.532711029052734,55.22744369506836,47.470157623291016,54.72181701660156,52.53645706176758
2009,47.13117980957031,43.04947280883789,57.752445220947266,39.92744445800781,41.84112548828125,53.40288543701172,58.95497512817383,47.418766021728516,51.94231414794922,53.650726318359375
2010,41.624610900878906,40.5303955078125,52.93059539794922,46.192405700683594,0,50.02683639526367,56.99528121948242,42.80940246582031,47.8397102355957,49.41171646118164
2011,46.707698822021484,39.19914627075195,57.85152816772461,50.95044708251953,38.36023712158203,50.20119094848633,55.58244323730469,42.1404914855957,47.98957443237305,46.89592742919922
2012,43.72246170043945,44.15922164916992,60.81363296508789,51.86154556274414,54.068206787109375,53.65966796875,62.08087921142578,46.78446578979492,52.30904006958008,49.70975112915039
2013,41.0728645324707,34.16218185424805,49.36988067626953,43.638423919677734,46.30977249145508,50.12055587768555,54.19722366333008,41.81570816040039,50.36621856689453,47.14151382446289
2014,44.29998016357422,39.2772102355957,59.401546478271484,55.858856201171875,48.1068115234375,52.532615661621094,54.65566635131836,40.736454010009766,49.85701370239258,47.90224075317383
2015,48.77310562133789,46.244056701660156,58.04578399658203,47.47045135498047,54.572059631347656,54.29505920410156,59.053226470947266,46.70457458496094,58.508670806884766,57.30807876586914
2016,42.21923828125,39.50334167480469,55.068817138671875,43.72233581542969,47.697391510009766,46.403865814208984,52.31789016723633,43.49647521972656,50.80637741088867,51.41421127319336
2017,48.305763244628906,44.79889678955078,59.16826629638672,45.01694869995117,51.81999206542969,50.701271057128906,56.187591552734375,47.3332405090332,55.959781646728516,54.4653434753418
2018,44.748538970947266,41.38928985595703,50.984764099121094,38.2668571472168,52.3029899597168,50.961753845214844,52.28221893310547,40.982749938964844,52.42359924316406,49.66567611694336
2019,44.24749755859375,41.48627853393555,51.45454406738281,48.02552795410156,52.7269401550293,51.13991928100586,53.50222396850586,44.868099212646484,54.71245193481445,52.39301300048828
2020,43.618980407714844,35.17407989501953,58.51252365112305,47.34334945678711,51.21122741699219,49.44227981567383,59.38120651245117,44.06364059448242,52.47029113769531,50.216033935546875
2021,47.286216735839844,38.166786193847656,59.4915771484375,43.29392623901367,48.927101135253906,47.93788528442383,52.087215423583984,38.794151306152344,48.68098449707031,50.521297454833984
2022,54.34706497192383,40.38479995727539,0,47.145835876464844,53.399234771728516,50.59376907348633,55.191375732421875,42.68379592895508,51.95125198364258,50.510101318359375