year,RWDAPA06_,RWDAPA07_,RWDAPA08_,RWDAPA09_,RWDAPA10_,RWDAPA11_,RWDAPA13_,RWDAPA15_,RWDAPA17_,RWDAPA19_
1697,0,0,0,0.49203747510910034
1698,0.5015091896057129,0,0,0.5040578842163086
1699,0.4886922538280487,0,-9999,0.4948439598083496
1700,0.46233445405960083,0,-9999,0.4612477421760559
1701,0.4097771644592285,0,-9999,0.46613645553588867
1702,0.4115896224975586,0,-9999,0.4533386826515198
1703,0.43377548456192017,0,-9999,0.5280749797821045
1704,0.41051191091537476,0,-9999,0.47030678391456604
1705,0.4112338721752167,0,-9999,0.4213431775569916,0,0,0.545078456401825
1706,0.42194363474845886,0,0.4135139584541321,0.4169701337814331,0,0,0.4635065793991089
1707,0.4550102651119232,0,0.44715240597724915,0.4770563840866089,0,0,0.43543151021003723
1708,0.4419858157634735,0,0.39232566952705383,0.4404953718185425,0,0,0.45243513584136963
1709,0.47655874490737915,0,0.4185229539871216,0.47395843267440796,0,0,0.41442736983299255
1710,0.44059452414512634,0,0.4742014408111572,0.4658359885215759,0,0,0.42247241735458374
1711,0.4609559178352356,0,0.49179700016975403,0.4650461971759796,0,0,0.4058590233325958
1712,0.4262927770614624,0,0.4766068756580353,0.42618444561958313,0,0.4869683086872101,0.4303257465362549
1713,0.4656657874584198,0,0.48980969190597534,0.46387985348701477,0,0.5128526091575623,0.4162866473197937
1714,0.5239642262458801,0,0.5726913809776306,0.49062681198120117,0,0.6522984504699707,0.5037562847137451
1715,0.4696860611438751,0,0.5144930481910706,0.48983728885650635,0,0.5302696824073792,0.4684964120388031
1716,0.4262393116950989,0,0.49948227405548096,0.43546274304389954,0,0.5289065837860107,0.4809311628341675
1717,0.49124324321746826,0,0.5045089721679688,0.4826948344707489,0,0.5730151534080505,0.4367305338382721
1718,0.46086767315864563,0,0.5120093822479248,0.44556543231010437,0,0.49673083424568176,0.4352610111236572
1719,0.4720696806907654,0,0.4857763946056366,0.480368047952652,0,0.5212249159812927,0.4643566906452179
1720,0.48781049251556396,0,0.5023139119148254,0.44910502433776855,0,0.49411389231681824,0.4663982093334198
1721,0.4520449936389923,0,0.5742834210395813,0,0,0.5178474187850952,0.4069206118583679,0,0.6288162469863892
1722,0.5022841095924377,0,0.5661378502845764,0.5520682334899902,0,0.5008832812309265,0.4339253008365631,0,0.4490378797054291
1723,0.47186192870140076,0,0.697171688079834,0.493892103433609,0,0.4857409596443176,0.47687363624572754,0,0.446709007024765
1724,0.5324819684028625,0,0.408966064453125,0.5193683505058289,0,0.5302945375442505,0.7119193077087402,0,0.4408791959285736
1725,0.4850153625011444,0.5191046595573425,0.5881452560424805,0.5513768792152405,0,0.5435086488723755,0.448843389749527,0,0.47714024782180786
1726,0.5028998851776123,0.5277503132820129,0.5513623356819153,0.5164507031440735,0,0.5519972443580627,0.48539575934410095,0,0.48176589608192444
1727,0.4657273292541504,0.5061806440353394,0.45151594281196594,0.47913026809692383,0,0.48764747381210327,0.4751027226448059,0,0.5051296949386597
1728,0.483477383852005,0.49655184149742126,0.41090086102485657,0.4846706688404083,0,0.49372345209121704,0.472893625497818,0,0.4760778844356537
1729,0.4942744970321655,0.48839834332466125,0.4573635160923004,0,0,0.49398529529571533,0.5124741792678833,0.5304946899414062,0.46893835067749023
1730,0.48983582854270935,0.4825614392757416,0.48071035742759705,0.37326520681381226,0,0.49717146158218384,0.4635593891143799,0.4992603659629822,0.4218473434448242
1731,0,0.5369749069213867,0.45118921995162964,0.4108569324016571,0,0.501133143901825,0.5283693671226501,0.511076807975769,0.4361373484134674
1732,0.5455132722854614,0.45838454365730286,0.4475366771221161,0.3601311445236206,0,0.5384630560874939,0.44991636276245117,0.5234053134918213,0.4575487971305847
1733,0.5992206335067749,0.4600546061992645,0.44697290658950806,0.36534154415130615,0,0.5138420462608337,0.43745383620262146,0.5458270907402039,0.4913978576660156
1734,0.5949636101722717,0,0.46443477272987366,0.3709650933742523,0,0.5355087518692017,0.4558243155479431,0.455596387386322,0.45850521326065063
1735,0.4686436057090759,0.5142199397087097,0.42363783717155457,0.3745889365673065,0,0.48340100049972534,0.42707890272140503,0.460695743560791,0.46147873997688293
1736,0.4840266704559326,0.48070234060287476,0.438924103975296,0.40405622124671936,0,0.5016255378723145,0.48740044236183167,0.4788575768470764,0.45154303312301636
1737,0.5175889730453491,0.5460896492004395,0.4428599774837494,0.4240764081478119,0,0.5236902832984924,0.4772985577583313,0.46215277910232544,0.4829462468624115
1738,0.5172077417373657,0.48361510038375854,0.4545922875404358,0.43745294213294983,0,0.5350587964057922,0.47319838404655457,0.44418928027153015,0.46650806069374084,0.38987410068511963
1739,0.46251213550567627,0.43749743700027466,0.42000308632850647,0.4238828122615814,0.49602195620536804,0.47954821586608887,0.49279695749282837,0.4403255879878998,0.42494845390319824,0.3996829688549042
1740,0.48522013425827026,0.4485609233379364,0.43746671080589294,0.43478357791900635,0.4890151023864746,0.4709620475769043,0.4623812139034271,0.45601359009742737,0.4203665256500244,0.39816683530807495
1741,0.5025944709777832,0.5710489153862,0.43480876088142395,0.44617560505867004,0.4883461892604828,0.4841298758983612,0.4642558693885803,0.4685063362121582,0.4231659770011902,0.40466707944869995
1742,0.513920783996582,0.47132086753845215,0.4253327250480652,0.4316653311252594,0.45828568935394287,0.42145970463752747,0.469738632440567,0.44396883249282837,0.38570505380630493,0.4171140789985657
1743,0.5252887010574341,0.44270801544189453,0.4100409150123596,0.6727586388587952,0.4682364761829376,0.4153387248516083,0.4765964150428772,0.4504922926425934,0.38124653697013855,0.41536957025527954
1744,0.5045853853225708,0.4533064067363739,0.46329614520072937,0.49691876769065857,0.460448294878006,0.4471034109592438,0.4454823434352875,0.45579636096954346,0.4899432957172394,0.40981972217559814
1745,0.5002691745758057,0.46315500140190125,0.43170303106307983,0.5153072476387024,0.47139009833335876,0.3816789388656616,0.41462382674217224,0.4564332962036133,0.44556790590286255,0.39090317487716675
1746,0.5082331299781799,0.447328120470047,0.43392205238342285,0.48287099599838257,0.4472505450248718,0.3855026066303253,0.4294074773788452,0.4411923885345459,0.46303069591522217,0.4033658504486084
1747,0.5328714847564697,0.5816512703895569,0.48097434639930725,0.516971230506897,0.4701277017593384,0.40824949741363525,0.47368961572647095,0.44026267528533936,0.4545194208621979,0.4013865888118744
1748,0.5260370373725891,0.5340537428855896,0.574990451335907,0.5378556251525879,0.45840734243392944,0.39630553126335144,0.43498456478118896,0.4369787871837616,0.42519184947013855,0.3941853642463684
1749,0.4993124008178711,0.4650602340698242,0.431569367647171,0.4918671250343323,0.4484730660915375,0.3885480463504791,0.49421972036361694,0.43979349732398987,0.43769264221191406,0.37740373611450195
1750,0.5137230753898621,0.4667775630950928,0.4361523985862732,0.5022216439247131,0.4639805257320404,0.39232560992240906,0.478829950094223,0.4134795665740967,0.4839250445365906,0.405254989862442
1751,0.4831511676311493,0.5108630061149597,0.4138132333755493,0.5029593706130981,0.4474031925201416,0.5348294377326965,0.5070520043373108,0.43802541494369507,0.49655529856681824,0.4098860025405884
1752,0.5252707600593567,0.4830383360385895,0.4700368046760559,0.4973902106285095,0.4580010771751404,0.517076849937439,0.47392168641090393,0.43907925486564636,0.5125163793563843,0.4003579616546631
1753,0.5020633339881897,0.481694757938385,0.43407854437828064,0.42179858684539795,0.4197712540626526,0.5144538879394531,0.41876599192619324,0.44087445735931396,0.5114994645118713,0.4160152077674866
1754,0.6270133256912231,0.4295201897621155,0.4390347898006439,0.3877163231372833,0.4103635549545288,0.5346731543540955,0.41486164927482605,0.4294082522392273,0.4424479007720947,0.42599958181381226
1755,0.5243495106697083,0,0.451434463262558,0.4528764486312866,0.4249736964702606,0.5380711555480957,0.4598906338214874,0.4425966739654541,0,0.4314587712287903
1756,0.47652339935302734,0,0.4727497100830078,0.44437071681022644,0,0.4402444064617157,0.3833869695663452,0.47157567739486694,0,0.4178222417831421
1757,0.44397640228271484,0.48479336500167847,0.46715837717056274,0,0.41767987608909607,0.4932954013347626,0.4065712094306946,0.4663375914096832,0.5291025042533875,0.43155917525291443
1758,0.4741824269294739,0.5227342844009399,0.49359509348869324,0.56367427110672,0.47691407799720764,0.43347519636154175,0.4063274562358856,0.4875260591506958,0.48673033714294434,0.4391404092311859
1759,0.4667084813117981,0.5262160897254944,0.4766751229763031,0.49140241742134094,0.4361949861049652,0.4904748797416687,0.42737600207328796,0.45987340807914734,0.4343993365764618,0.4261242747306824
1760,0.481193870306015,0.5414197444915771,0.4724951684474945,0.5206078290939331,0.44352632761001587,0.43684491515159607,0.4293467700481415,0.44868218898773193,0.5121713876724243,0.40359175205230713
1761,0.4751722812652588,0.5249441862106323,0.4654179811477661,0.5091146230697632,0.422850102186203,0.4245186150074005,0.45179158449172974,0.44135111570358276,0.45543932914733887,0.4267256259918213
1762,0.4655418395996094,0.5514870285987854,0.44676104187965393,0.5383248329162598,0.4350135326385498,0.4992193877696991,0.44893690943717957,0.44635143876075745,0.4563755989074707,0.41596272587776184
1763,0.4965318739414215,0.6180911660194397,0.46172264218330383,0.4722971022129059,0.4193898141384125,-999,0.44369980692863464,0.45607078075408936,0.4443625211715698,0.4186684787273407
1764,0.5010194182395935,0.6022881865501404,0.4727412462234497,0.5253763198852539,0.427876353263855,0.43762582540512085,0.44687727093696594,0.4585929811000824,0.5900590419769287,0.4341507852077484
1765,0.45308902859687805,0.64103764295578,0.5143489837646484,0.5382038950920105,0.42002594470977783,0.4425768256187439,0.42233556509017944,0.4285356402397156,0.5252382159233093,0.44830480217933655
1766,0.5072546601295471,0.6399393081665039,0.5149222612380981,0.5229797959327698,0.4312930703163147,0.4630613625049591,0.4213985800743103,0.46610382199287415,0.4504026770591736,0.43441107869148254
1767,0.48656001687049866,0.5895074605941772,0.49529144167900085,0.511294424533844,0.4378516376018524,0.46496281027793884,0.47020861506462097,0.45096391439437866,0.4441521465778351,0.43804073333740234
1768,0.4257727265357971,0.47910425066947937,0.42436251044273376,0.5684030055999756,0.4602107107639313,0.4222874045372009,0.4290495812892914,0.45591452717781067,0.4477968215942383,0.42750975489616394
1769,0.5132805109024048,0.4959394037723541,0.5436546802520752,0.5391316413879395,0.45553305745124817,0.5541961193084717,0.5070289969444275,0.46415945887565613,0.4686996340751648,0.4076196551322937
1770,0.4805794954299927,0.5948008298873901,0.5066349506378174,0.522122323513031,0.4219827950000763,0.518830418586731,0.41725531220436096,0.4514736831188202,0.4299156963825226,0.42491114139556885
1771,0.4849977195262909,0,0.5538680553436279,0.554641842842102,0.43405890464782715,0.5320878028869629,0.418296217918396,0.43685945868492126,0.4041702449321747,0.4171667993068695
1772,0.4366620182991028,0,0.5218279957771301,0.48948585987091064,0.489712119102478,0.45505818724632263,0.5028584003448486,0.41363903880119324,0.4475444555282593,0.3974263072013855
1773,0.4948536455631256,0,0.5594214797019958,0.4918099343776703,0.4418758749961853,0.4884554147720337,0.40384984016418457,0.44696640968322754,0.4566425085067749,0.44078609347343445
1774,0.47168102860450745,0.4704606831073761,0.5209746956825256,0.5423093438148499,0.4335985481739044,0.4648536443710327,0.4324039816856384,0.4398321807384491,0.4400946795940399,0.4327307641506195
1775,0.46727755665779114,0.5783899426460266,0.5255506038665771,0.535547137260437,0.4266277253627777,0.48950421810150146,0.483369916677475,0.42785030603408813,0.41151905059814453,0.4169646203517914
1776,0.5009262561798096,0.5435425639152527,0.506157398223877,0.49224787950515747,-9999,0.49501466751098633,0.41698482632637024,0.44711625576019287,0.43970510363578796,0.41953256726264954
1777,0.48156216740608215,0.5850630402565002,0.5144324898719788,0.48520374298095703,-9999,0.49301958084106445,0.44357365369796753,0.46932825446128845,0.4186013638973236,0.46116095781326294
1778,0.46261629462242126,0.6086938381195068,0.4378125071525574,0.4953353703022003,-9999,0.49178728461265564,0.40099114179611206,0.4380331337451935,0.4440368711948395,0.4218355119228363
1779,0.43806779384613037,0.5659374594688416,0.4176497161388397,0.5011352300643921,-9999,0.49682363867759705,0.4280822277069092,0.43478453159332275,0.4365710914134979,0.438476026058197
1780,0.4493519961833954,0.6009259223937988,0.4144411087036133,0.49384501576423645,-9999,0.503423273563385,0.408105731010437,0.4482424259185791,0.4234277009963989,0.46546003222465515
1781,0.4063987135887146,0.5989646315574646,0.4345833361148834,0.49769648909568787,-9999,0.48390185832977295,0.45643678307533264,0.4597921371459961,0.4297073483467102,0.46101558208465576
1782,0.4165319800376892,0.5397306084632874,0.443622350692749,0.502773642539978,-9999,0.46030479669570923,0.4757455885410309,0.4420357346534729,0.4309579133987427,0.44545477628707886
1783,0.3811628818511963,0.43788066506385803,0.4062655568122864,0.4528346359729767,-9999,0.4280822277069092,0.47349298000335693,0.4225624203681946,0.43861618638038635,0.45310384035110474
1784,0.4008537232875824,0.5551340579986572,0.43544360995292664,0.5200304388999939,-9999,0.46049168705940247,0.4391278028488159,0.5562254190444946,0.4148865044116974,0.43852296471595764
1785,0.407754510641098,0.4810176193714142,0.4126167893409729,0.48564690351486206,-9999,0.48272374272346497,0.38332828879356384,0.4492477774620056,0.40809887647628784,0.48272228240966797
1786,0.4092824161052704,0.5065539479255676,0.46789225935935974,0.5086451172828674,-9999,0.5304692387580872,0.43661126494407654,0.4899384379386902,0.39822763204574585,0.44501468539237976
1787,0.42334696650505066,0.4942430853843689,0.43858540058135986,0.4972626864910126,-9999,0.5484803915023804,0.4621545672416687,0.4773971736431122,0.4118017852306366,0.41220372915267944
1788,0.41511595249176025,0.5107526779174805,0.4594661593437195,0.5121103525161743,-9999,0.5360326170921326,0.44608455896377563,0.47574582695961,0.40268674492836,0.4470532238483429
1789,0.41401126980781555,0.563875138759613,0.4595562219619751,0.5162551999092102,-9999,0.4779638350009918,0.4012448191642761,0.49832725524902344,0.47370362281799316,0.4904541075229645
1790,0.38461220264434814,0.5274484753608704,0.4147256910800934,0.49323680996894836,-9999,0.5236974358558655,0.5134742259979248,0.5939387679100037,0.5120598077774048,0.45532292127609253
1791,0.45218831300735474,0.4812614321708679,0.4397386610507965,0.5068363547325134,-9999,0.5013040900230408,0.44351592659950256,0.46419814229011536,0.4200858175754547,0.4312932789325714
1792,0.4349762201309204,0.4796614348888397,0.41698771715164185,0.4843580424785614,-9999,0.4929545521736145,0.44640031456947327,0.5066779255867004,0.48491814732551575,0.5132899284362793
1793,0.45877671241760254,0.49170342087745667,0.4417905807495117,0.4847681224346161,-9999,0.5489124655723572,0.4302489459514618,0.49288150668144226,0.44256454706192017,0.46178287267684937
1794,0.4555773437023163,0.566997230052948,0.4776056110858917,0.4817107021808624,-9999,0.5456094741821289,0.4609487056732178,0.48484164476394653,0.42654168605804443,0.46677178144454956
1795,0.44651347398757935,0.6556833982467651,0.47486838698387146,0.4876796007156372,-9999,0.567063570022583,0.4241493046283722,0.4421728849411011,0.4357580244541168,0.48953038454055786
1796,0.39942821860313416,0.48818299174308777,0.454345703125,0.49311134219169617,-9999,0.49384257197380066,0.48841622471809387,0.5503808856010437,0.44929325580596924,0.4560454785823822
1797,0.4373486638069153,0.48348870873451233,0.4147622883319855,0.45459529757499695,-9999,0.46919071674346924,0.4389471709728241,0.519171416759491,0.4744046926498413,0.44860079884529114
1798,0.43511763215065,0.543816328048706,0.4927550256252289,0.47466444969177246,-9999,0.5122503042221069,0.4747154414653778,0.5948063135147095,0.4158470034599304,0.44151970744132996
1799,0.45027798414230347,0.5032444000244141,0.4276759624481201,0.46334755420684814,-9999,0.5021682381629944,0.4567766785621643,0.5396144390106201,0.4310806393623352,0.44627416133880615
1800,0.3828297257423401,0.4734673500061035,0.4120733141899109,0.4449271857738495,-9999,0.4789789021015167,0.37424588203430176,0.5120404958724976,0.4629071056842804,0.44551777839660645
1801,0.4634834825992584,0.5266522169113159,0.5079019069671631,0.47032415866851807,-9999,0.5294753909111023,0.4384201467037201,0.5225326418876648,0.4415404796600342,0.47385895252227783
1802,0.40982598066329956,0.483956515789032,0.4379948079586029,0.4603678584098816,-9999,0.4948887228965759,0.41583389043807983,0.6067219376564026,0.4153444468975067,0.43810173869132996
1803,0.4707542955875397,0.4488399922847748,0.5268023610115051,0.4807245433330536,-9999,0.5194644331932068,0.43150001764297485,0.532757043838501,0.4544266164302826,0.503226637840271
1804,0.43848031759262085,0.3362042307853699,0.5007807612419128,0.4603053033351898,-9999,0.5191752314567566,0.44067755341529846,0.5998808145523071,0.4270142912864685,0.4811314046382904
1805,0.46024736762046814,0.3448677361011505,0.44079098105430603,0.43393510580062866,-9999,0.5047147870063782,0.4724533259868622,0.5096431374549866,0.5106019377708435,0.4703826308250427
1806,0.4457899332046509,0.370524525642395,0.455574631690979,0.4939907491207123,-9999,0.5322102308273315,0.4158812165260315,0.5073074102401733,0.4881996214389801,0.5090120434761047
1807,0.4509185552597046,0.3534186780452728,0.3886004686355591,0.4799138903617859,-9999,0.483734667301178,0.4701196849346161,0.556291937828064,0.49838700890541077,0.4904669225215912
1808,0.4278309941291809,0.36254793405532837,0.45116469264030457,0.5093461275100708,-9999,0.47941848635673523,0.5084591507911682,0.5312754511833191,0.4897901117801666,0.4777887761592865
1809,0.46048951148986816,0.39094042778015137,0.4446888864040375,0.4733397960662842,-9999,0.45868971943855286,0.4554879367351532,0.4913335144519806,0.4824788570404053,0.48276251554489136
1810,0.42910462617874146,0.42187070846557617,0.41641542315483093,0.4510394036769867,-9999,0.4330291748046875,0.46533942222595215,0.6546270251274109,0.4620719254016876,0.49562522768974304
1811,0.4593120217323303,0.4260912537574768,0.45652928948402405,0.5062453150749207,-9999,0.4547460675239563,0.47995641827583313,0.5224100947380066,0.4368799030780792,0.4911907911300659
1812,0.394349068403244,0.4356681704521179,0.3897291421890259,0.4138419032096863,-9999,0.411278635263443,0.4280242621898651,0.5684189796447754,0.41109415888786316,0.44529294967651367
1813,0.40634557604789734,0.44030997157096863,0.4269307851791382,0.4930824637413025,-9999,0.42084380984306335,0.43033111095428467,0.5201886296272278,0.45507198572158813,0.5046741962432861
1814,0.42490315437316895,0.4166170358657837,0.4292544722557068,0.45493730902671814,-9999,0.4084053933620453,0.41383397579193115,0.5061149597167969,0.40901392698287964,0.4930720925331116
1815,0.43260321021080017,0.40739983320236206,0.45892494916915894,0.46220049262046814,-9999,0.4191109836101532,0.41384395956993103,0.5179218649864197,0.4646517336368561,0.49458256363868713
1816,0.441117525100708,0.44816073775291443,0.435963898897171,0.4533197283744812,-9999,0.3995591402053833,0.4005293548107147,0.478267103433609,0.4405902922153473,0.5376299023628235
1817,0.45009031891822815,0.4768597185611725,0.47173622250556946,0.47251781821250916,-9999,0.41450345516204834,0.4722779095172882,0.5017128586769104,0.4270258843898773,0.5096105933189392
1818,0.4630991220474243,0.4317511022090912,0.4528496563434601,0.4794823229312897,-9999,0.38688379526138306,0.40157148241996765,0.4814872145652771,0.44238191843032837,0.514613926410675
1819,0.3947736918926239,0.400594562292099,0.47329217195510864,0.41920241713523865,-9999,0.36777427792549133,0.47215595841407776,0.4722527861595154,0.4204365611076355,0.4790409505367279
1820,0.43754786252975464,0.43704310059547424,0.4739322066307068,0.4633868336677551,-9999,0.3991752564907074,0.4611523747444153,0.4862392842769623,0.43559885025024414,0.5210816264152527
1821,0.45910975337028503,0.5331313014030457,0.46053987741470337,0.481686532497406,-9999,0.37668177485466003,0.41255128383636475,0.47323939204216003,0.4121350944042206,0.502327561378479
1822,0.41678085923194885,0.41703343391418457,0.43327102065086365,0.4576418101787567,-9999,0.39946815371513367,0.4635121822357178,0.5815522074699402,0.4680962562561035,0.4900713264942169
1823,0.4025786817073822,0.4349741041660309,0.4553528428077698,0.4360823333263397,-9999,0.3749919533729553,0.45867276191711426,0.5647799372673035,0.4085131585597992,0.4750555455684662
1824,0.4566042423248291,0.42059585452079773,0.4269305467605591,0.48912468552589417,-9999,0.3653475046157837,0.43931105732917786,0.5648781061172485,0.4247732162475586,0.455107718706131
1825,0.48094677925109863,0.4519995450973511,0.4025081694126129,0.4761582314968109,-9999,0.3656972050666809,0.4356157183647156,0.46440842747688293,0.42595165967941284,0.4608527421951294
1826,0.3885098993778229,0,0.48096567392349243,0.44939860701560974,-9999,0.4794534146785736,0.420207679271698,0.5263260006904602,0.42058783769607544,0.4738842248916626
1827,0.41187584400177,0,0.5424684286117554,0.5113112926483154,-9999,0.4487009048461914,0.42905575037002563,0.5491071343421936,0.42454254627227783,0.46725529432296753
1828,0.43037426471710205,0,0.4744669497013092,0.5128831267356873,-9999,0.37619897723197937,0.42475682497024536,0.6250793933868408,0.42555001378059387,0.4901702105998993
1829,0.4174349904060364,0.4049554765224457,0.42711684107780457,0.47976428270339966,-9999,0.38206547498703003,0.4453352093696594,0.4852077066898346,0.4258386492729187,0.47998324036598206
1830,0.4177088439464569,0.42256513237953186,0.44532638788223267,0.4740200340747833,-9999,0.3871934413909912,0.4662247598171234,0.5014187097549438,0.4260462522506714,0.48549893498420715
1831,0,0.5045894384384155,0.4693416655063629,0.5505868792533875,-9999,0.3786703944206238,0.5059268474578857,0.5202423930168152,0.464302122592926,0.5259010791778564
1832,0.6126314997673035,0.4974469542503357,0.4679136574268341,0.47354385256767273,-9999,0.4078895151615143,0.4305480122566223,0.4546210467815399,0.43290677666664124,0.4971786439418793
1833,0.47367218136787415,0.3779677152633667,0.4396246373653412,0.44746434688568115,-9999,0.4172970652580261,0.4749653935432434,0.49396389722824097,0.47722291946411133,0.44523945450782776
1834,0.4540623724460602,0.47203028202056885,0.4074418544769287,0.4285662770271301,-9999,0.37381547689437866,0.5531754493713379,0.5768327713012695,0.44400498270988464,0.4178454279899597
1835,0.4865102469921112,0.40711474418640137,0.4513653814792633,0.4401269853115082,-9999,0.403364360332489,0.48419421911239624,0.5299123525619507,0.42633435130119324,0.4316032826900482
1836,0.45366260409355164,0.46618109941482544,0.4175206124782562,0.40672099590301514,-9999,0.39881280064582825,0.42811766266822815,0.570440411567688,0.4384321868419647,0.4486181437969208
1837,0.5081621408462524,0.4746226966381073,0.4516524076461792,0.4792878329753876,-9999,0.3847801089286804,0.41117826104164124,0.5093448758125305,0.4188263714313507,0.4767719507217407
1838,0.4848841428756714,0.4727931618690491,0.47603508830070496,0.4689394235610962,-9999,0.391710102558136,0.3982143700122833,0.5133361220359802,0.4100451171398163,0.49879559874534607
1839,0.5089583396911621,0.5045126080513,0.4561401605606079,0.4526481330394745,-9999,0.4103320837020874,0.40347573161125183,0.4741363525390625,0.4366404712200165,0.43423575162887573
1840,0.48777878284454346,0.5287427306175232,0.4724142551422119,0.4287310242652893,-9999,0.3636120855808258,0.4533536434173584,0.48539695143699646,0.4343000650405884,0.45087480545043945
1841,0.4939306378364563,0.48526453971862793,0.46772605180740356,0.4592397212982178,-9999,0.3780507445335388,0.4557156264781952,0.5378847718238831,0.4109213054180145,0.440640389919281
1842,0.46744823455810547,0.513248860836029,0.3854343593120575,0.44708704948425293,-9999,0.3664633631706238,0.4602254033088684,0.4744004011154175,0.4318477511405945,0.4328759014606476
1843,0.48630911111831665,0.49335557222366333,0.3881124258041382,0.43778595328330994,-9999,0.370290070772171,0.4767927825450897,0.47372105717658997,0.457976758480072,0.4126928746700287
1844,0.5225761532783508,0.5051751732826233,0.3988107442855835,0.4453670084476471,-9999,0.3879239857196808,0.4173424243927002,0.6179941296577454,0.4658977687358856,0.4545932710170746
1845,0.5051915645599365,0.4704190194606781,0.42542052268981934,0.4380192458629608,-9999,0.3918021321296692,0.4793574810028076,0.5217304229736328,0.4388501048088074,0.44004541635513306
1846,0.4917765259742737,0.4947933852672577,0.3953741490840912,0.43198922276496887,-9999,0.39316925406455994,0.4040086269378662,0.5491185188293457,0.44894707202911377,0.4309079349040985
1847,0.5072425007820129,0.48829883337020874,0.43567126989364624,0.4545746445655823,-9999,0.3711293935775757,0.4146355986595154,0.568894624710083,0.44410356879234314,0.4848249554634094
1848,0.5632342100143433,0.5396807789802551,0.4409428536891937,0.46649742126464844,-9999,0.36320728063583374,0.42356327176094055,0.5872305631637573,0.4018382728099823,0.46056222915649414
1849,0.49559485912323,0.5209133625030518,0.46392807364463806,0.4718240201473236,-9999,0.3526081144809723,0.43571737408638,0.5695621371269226,0.5039198994636536,0.4645501375198364
1850,0.47960466146469116,0.4546257555484772,0.41912221908569336,0.4575997292995453,-9999,0.3469467759132385,0.41835302114486694,0.5921878814697266,0.5020092129707336,0.44591107964515686
1851,0.47788774967193604,0.43239182233810425,0.4050874710083008,0.4865611791610718,-9999,0.3631170690059662,0.39850398898124695,0.5719961524009705,0.524614691734314,0.45383644104003906
1852,0.5496429800987244,0.4558604657649994,0.4146459400653839,0.47570353746414185,-9999,0.3763585388660431,0.46733006834983826,0.583793044090271,0.49048513174057007,0.45906132459640503
1853,0.48469454050064087,0.46427997946739197,0.4095691740512848,0.4369668960571289,-9999,0.3581058979034424,0.46757352352142334,0.5958960056304932,0.45830395817756653,0.46589741110801697
1854,0.5106157660484314,0.5195301175117493,0.39872339367866516,0.4470280408859253,-9999,0.3771553039550781,0.41958606243133545,0.608069658279419,0.4597678482532501,0.4871850907802582
1855,0.46807658672332764,0.5367207527160645,0.3944653868675232,0.42252475023269653,-9999,0.37296590209007263,0.5176525712013245,0.627307116985321,0.45241573452949524,0.4498787224292755
1856,0.4705416262149811,0.5007373094558716,0.3868877589702606,0.40741193294525146,-9999,0.38757315278053284,0.43058669567108154,0.6060352325439453,0.49222618341445923,0.4399828016757965
1857,0.43863406777381897,0.45965659618377686,0.38913244009017944,0.44384679198265076,-9999,0.3864474892616272,0.43157100677490234,0.5656467080116272,0.4463624358177185,0.4415070712566376
1858,0.4935294985771179,0.4357033669948578,0.39149191975593567,0.47048571705818176,-9999,0.370612770318985,0.45042896270751953,0.5667162537574768,0.4274141788482666,0.4334087073802948
1859,0.45487940311431885,0.5010069608688354,0.3651290535926819,0.4293907880783081,-9999,0.3900465965270996,0.4828936457633972,0.5733949542045593,0.42161229252815247,0.3961030840873718
1860,0.4783667325973511,0.5024834871292114,0.3910866975784302,0.4392453730106354,-9999,0.4254235327243805,0.47803136706352234,0.5644844174385071,0.4532354474067688,0.43593308329582214
1861,0.48453208804130554,0.5192585587501526,0.365341454744339,0.48721805214881897,-9999,0.41160911321640015,0.48520493507385254,0.5637459754943848,0.45889389514923096,0.4235028922557831
1862,0.4308949410915375,0.5025900602340698,0.37796756625175476,0.48114052414894104,-9999,0.4043880105018616,0.5511955618858337,0.5588090419769287,0.5035929083824158,0.4028058350086212
1863,0.48115530610084534,0.47200605273246765,0.38519415259361267,0.49709102511405945,-9999,0.388196736574173,0.4761418402194977,0.620772659778595,0.5204053521156311,0.45276036858558655
1864,0.4894428849220276,0.4785960912704468,0.38388222455978394,0.5232664942741394,-9999,0.36556023359298706,0.4547012150287628,0.5316354632377625,0.478922963142395,0.4378550350666046
1865,0.45324715971946716,0.4712773263454437,0.3444438874721527,0.5032830834388733,-9999,0.33800244331359863,0.42401301860809326,0.5298113226890564,0.512654185295105,0.38814181089401245
1866,0.44644948840141296,0.5564984679222107,0.37118953466415405,0.4433351159095764,-9999,0.36606794595718384,0.43738028407096863,0.5689335465431213,0.5152799487113953,0.412418007850647
1867,0.429431289434433,0.5244684219360352,0.3547368049621582,0.46985378861427307,-9999,0.3561405837535858,0.4574524462223053,0.5167747139930725,0.5072724223136902,0.3916701674461365
1868,0.4629572033882141,0.5192909240722656,0.3600594401359558,0.4898151159286499,-9999,0.3705480098724365,0.4421151578426361,0.5710158348083496,0.5109785795211792,0.42057836055755615
1869,0.46099919080734253,0.52782142162323,0.33906424045562744,0.49788832664489746,-9999,0.3638400435447693,0.4488077759742737,0.5309634208679199,0.4973108470439911,0.40783360600471497
1870,0.45279359817504883,0.5097980499267578,0.36885136365890503,0.5142701268196106,-9999,0.371868371963501,0.478026419878006,0.5207569003105164,0.5305608510971069,0.4048267602920532
1871,0.42933389544487,0.5276708602905273,0.35354769229888916,0.47177740931510925,-9999,0.3322884440422058,0.440216600894928,0.5667394995689392,0.5331735014915466,0.40446099638938904
1872,0.48516950011253357,0.4934087097644806,0.4709821939468384,0.4900014400482178,-9999,0.35155439376831055,0.4470576047897339,0.6638690829277039,0.5112173557281494,0.44751009345054626
1873,0.45774737000465393,0.4922563135623932,0.47278285026550293,0.45152026414871216,-9999,0.348446786403656,0.4412725269794464,0.5889365673065186,0.5223395228385925,0.4210566580295563
1874,0.47726330161094666,0.49754205346107483,0.44355058670043945,0.48410066962242126,-9999,0.3707779049873352,0.4095856547355652,0.5896293520927429,0.5207208395004272,0.4194277226924896
1875,0.45332634449005127,0.44823622703552246,0.4831128418445587,0.531842052936554,-9999,0.362678587436676,0.5396920442581177,0.5530034899711609,0.5584675073623657,0.42818352580070496
1876,0.4267950654029846,0.47283485531806946,0.42720261216163635,0.4824348986148834,-9999,0.3302840292453766,0.45474016666412354,0.5127558708190918,0.5153325200080872,0.3995082676410675
1877,0.4205913543701172,0.5879757404327393,0.4106330871582031,0.5198439955711365,-9999,0.32793328166007996,0.4687986373901367,0.5386586785316467,0.5181871652603149,0.38295623660087585
1878,0.45197784900665283,0.5734595060348511,0.42490071058273315,0.48052844405174255,-9999,0.3596804738044739,0.42443814873695374,0.4953330457210541,0.5120761394500732,0.3879224956035614
1879,0.4642826318740845,0.5233866572380066,0.4391062557697296,0.4559398591518402,-9999,0.36155053973197937,0.45348799228668213,0.5076418519020081,0.5186018943786621,0.3924511671066284
1880,0.4417433440685272,0.5272109508514404,0.44289910793304443,0.4652746319770813,-9999,0.33759963512420654,0.44576120376586914,0.5330216288566589,0.5408782958984375,0.3753618597984314
1881,0.4584212899208069,0.5812414288520813,0.44793856143951416,0.5121568441390991,-9999,0.3536127805709839,0.44914597272872925,0.5438730716705322,0.5294199585914612,0.4127643406391144
1882,0.4564782381057739,0.5222440958023071,0.4406501352787018,0.5192254781723022,-9999,0.3702547252178192,0.5305420160293579,0.5574984550476074,0.5195295214653015,0.3694969415664673
1883,0.4872601330280304,0.5957245230674744,0.4191737473011017,0.453665167093277,-9999,0.36431577801704407,0.4574260413646698,0.5180612206459045,0.5105454921722412,0.40489545464515686
1884,0.5304179787635803,0.5482147336006165,0.406002014875412,0.42132335901260376,-9999,0.3683323562145233,0.4466705620288849,0.5142945051193237,0.5009267926216125,0.3721218407154083
1885,0.443152517080307,0.5237476825714111,0.40751954913139343,0.43204766511917114,-9999,0.3572283387184143,0.5005249977111816,0.46537530422210693,0.5312107801437378,0.38835233449935913
1886,0.4486067295074463,0.5760981440544128,0.4631515145301819,0.49428460001945496,-9999,0.35834062099456787,0.48328983783721924,0.46816009283065796,0.5257105827331543,0.39026781916618347
1887,0.5475594997406006,0.5417295694351196,0.4640989303588867,0.4938433766365051,-9999,0.39326876401901245,0.4163583517074585,0.5375878214836121,0.5144792795181274,0.4335674047470093
1888,0.4475476145744324,0.5704138875007629,0.43305572867393494,0.4916151762008667,-9999,0.3878873288631439,0.44195443391799927,0.5796675086021423,0.5192081928253174,0.4269825220108032
1889,0.454985111951828,0.6424181461334229,0.41343721747398376,0.4416293799877167,-9999,0.3496525287628174,0.5294675230979919,0.4968228042125702,0.5525413751602173,0.42237183451652527
1890,0.551447868347168,0.5594788193702698,0.4454529583454132,0.496040940284729,-9999,0.40149426460266113,0.45117607712745667,0.43532171845436096,0.5759963393211365,0.4468902051448822
1891,0.5269758105278015,0.6183497309684753,0.40005216002464294,0.572050154209137,-9999,0.368176132440567,0.4756215512752533,0.4762363135814667,0.6090540885925293,0.3997650742530823
1892,0.5816583633422852,0.5309510231018066,0.4340358078479767,0.5448006391525269,-9999,0.4023567736148834,0.5280883312225342,0.4707257151603699,0.521435022354126,0.41338101029396057
1893,0.5391387343406677,0.5082023739814758,0.45466360449790955,0.5174837708473206,-9999,0.3864594101905823,0.40867409110069275,0.4338267147541046,0.5245750546455383,0.4369036853313446
1894,0.5476440191268921,0.5695464015007019,0.4647654891014099,0.5362884998321533,-9999,0.38702520728111267,0.42148318886756897,0.4783382713794708,0.6005082130432129,0.48072293400764465
1895,0.5655192136764526,0.5653581023216248,0.43807512521743774,0.5385414361953735,-9999,0.3803035020828247,0.4247480034828186,0.4609575569629669,0.5844176411628723,0.45733392238616943
1896,0.5716176629066467,0.623936116695404,0.44400283694267273,0.5105354189872742,-9999,0.3807137608528137,0.4603530168533325,0.40262866020202637,0.5271558165550232,0.438510000705719
1897,0.5665032267570496,0.5612895488739014,0.4363497495651245,0.4975755512714386,-9999,0.3704773485660553,0.4366315007209778,0.5069345831871033,0.5650961399078369,0.449371337890625
1898,0.5752003192901611,0.5901142954826355,0.39886999130249023,0.5026392936706543,-9999,0.35828301310539246,0.44006112217903137,0.5164974927902222,0.53480064868927,0.4035278856754303
1899,0.5274327993392944,0.5431257486343384,0.3872184455394745,0.47499483823776245,-9999,0.35374268889427185,0.42700499296188354,0.49336308240890503,0.465263307094574,0.4057626724243164
1900,0.5936830043792725,0.5984783172607422,0.42731210589408875,0.4996238350868225,-9999,0.3921012580394745,0.4410618543624878,0.4749285578727722,0.4962570369243622,0.4666559100151062
1901,0.5454561114311218,0.6290639042854309,0.4651099741458893,0.512108564376831,-9999,0.3663429021835327,0.4748094975948334,0.47913822531700134,0.4561717212200165,0.47427138686180115
1902,0.5305461883544922,0.5842137932777405,0.371855229139328,0.43185240030288696,-9999,0.3896428346633911,0.46928733587265015,0.4256133735179901,0.449118435382843,0.40724635124206543
1903,0.558160662651062,0.612001359462738,0.41039717197418213,0.46754175424575806,-9999,0.4026799499988556,0.4325016140937805,0.48341959714889526,0.49172043800354004,0.43982815742492676
1904,0.5454175472259521,0.5742641091346741,0.4645373821258545,0.43572965264320374,-9999,0.3832777142524719,0.4718984067440033,0.49490827322006226,0.4804961383342743,0.41347381472587585
1905,0.540721595287323,0.544542670249939,0.4217734634876251,0.4277067184448242,-9999,0.3570149838924408,0.42374083399772644,0.4282922148704529,0.45257803797721863,0.43696969747543335
1906,0.5224813222885132,0.6606212258338928,0.4735633134841919,0.4503095746040344,-9999,0.37027737498283386,0.41555553674697876,0.5119011998176575,0.46236246824264526,0.4185461401939392
1907,0.5476343035697937,0.6524261236190796,0.45942726731300354,0.4309954345226288,-9999,0.3749360740184784,0.4816133677959442,0.5006296038627625,0.43789324164390564,0.41326799988746643
1908,0.5805484652519226,0.578340470790863,0.48132893443107605,0.4968765377998352,-9999,0.393751323223114,0.4335048794746399,0.5522384643554688,0.44687607884407043,0.4852762222290039
1909,0.5610255002975464,0.5080774426460266,0.421425461769104,0.4282667636871338,-9999,0.3513995409011841,0.44664111733436584,0.5104343891143799,0.47023648023605347,0.4235517978668213
1910,0.5931271910667419,0.574960470199585,0.46261537075042725,0.4752921760082245,-9999,0.39353111386299133,0.4268057346343994,0.5590184330940247,0.4486088752746582,0.45172786712646484
1911,0.6507644057273865,0.6047919392585754,0.488674134016037,0.4858594536781311,-9999,0.36803215742111206,0.407857745885849,0.5344778895378113,0.4743233323097229,0.46613427996635437
1912,0.5494545698165894,0.5582773685455322,0.4288236200809479,0.42985716462135315,-9999,0.37752822041511536,0.4233282804489136,0.4987509846687317,0.4876953661441803,0.44098401069641113
1913,0.563586413860321,0.6131125092506409,0.49692314863204956,0.4598122835159302,-9999,0.364065557718277,0.4335877001285553,0.47134140133857727,0.45885953307151794,0.429314523935318
1914,0.5678402781486511,0.5146725177764893,0.45459505915641785,0.43076661229133606,-9999,0.3439342677593231,0.45306116342544556,0.4882732927799225,0.45199546217918396,0.42856431007385254
1915,0.5423170924186707,0.5930110812187195,0.45588579773902893,0.45068126916885376,-9999,0.3453543484210968,0.4980950951576233,0.48429781198501587,0.45564648509025574,0.41937699913978577
1916,0.5436884164810181,0.6497260928153992,0.42251497507095337,0.4556442201137543,-9999,0.3650825023651123,0.47051385045051575,0.46724650263786316,0.4653143286705017,0.43789446353912354
1917,0.5602202415466309,0.6203517317771912,0.46294113993644714,0.4762846827507019,-9999,0.3847748041152954,0.40336745977401733,0.4774859547615051,0.4894565939903259,0.4429466724395752
1918,0.5322984457015991,0.6211441159248352,0.437845379114151,0.4543757438659668,-9999,0.37591415643692017,0.4402105510234833,0.4729118049144745,0.45628589391708374,0.43074288964271545
1919,0.5595462918281555,0.5939914584159851,0.4819052517414093,0.45864176750183105,-9999,0.35391783714294434,0.4189302325248718,0.41880202293395996,0.4454366862773895,0.44147545099258423
1920,0.5607103109359741,0.6168453693389893,0.45347121357917786,0.46869179606437683,-9999,0.3462200164794922,0.41120702028274536,0.47173458337783813,0.46418893337249756,0.45755937695503235
1921,0.5570927858352661,0.5014961361885071,0.448350191116333,0.4823760688304901,-9999,0.3691040277481079,0.42621737718582153,0.4938967823982239,0.46377241611480713,0.43298235535621643
1922,0.5213850736618042,0.5954084992408752,0.4424986243247986,0.4867821931838989,-9999,0.34773701429367065,0.45026329159736633,0.47670978307724,0.456888884305954,0.38721179962158203
1923,0.5248702764511108,0.48013630509376526,0.42975592613220215,0.4492208957672119,-9999,0.36155810952186584,0.3934705853462219,0.48564040660858154,0.44285452365875244,0.3723549544811249
1924,0.5703442096710205,0.6309636235237122,0.45980900526046753,0.5132134556770325,-9999,0.40254145860671997,0.4019568860530853,0.4514998197555542,0.4570872485637665,0.4007311165332794
1925,0.5404040813446045,0.5530746579170227,0.4442318081855774,0.4385930597782135,-9999,0.3744995594024658,0.4548194408416748,0.4193699061870575,0.45143505930900574,0.3741416931152344
1926,0.5422750115394592,0.5787618160247803,0.4482160210609436,0.4798319935798645,-9999,0.41289475560188293,0.387393593788147,0.492464542388916,0.45125576853752136,0.4149928689002991
1927,0.5388624668121338,0.5250820517539978,0.4140024185180664,0.47389093041419983,-9999,0.37135863304138184,0,0.4573974311351776,0.4594821631908417,0.36453813314437866
1928,0.5305039286613464,0.633154571056366,0.4203982651233673,0.4698529541492462,-9999,0.37689825892448425,0,0.48054543137550354,0.4401146173477173,0.3806266784667969
1929,0.5412450432777405,0.5396362543106079,0.4447520971298218,0.4590265452861786,-9999,0.37361299991607666,-999,0.4376731216907501,0.4154699146747589,0.3858432173728943
1930,0.5354224443435669,0.6367400884628296,0.4352968633174896,0.4687570333480835,-9999,0.38847866654396057,0.4315202534198761,0.4366879165172577,0.4335438907146454,0.3576936721801758
1931,0.5087968111038208,0.5596213340759277,0.44546088576316833,0.4526166617870331,-9999,0.37044358253479004,0.40395158529281616,0.44330406188964844,0.4404670000076294,0.3584452271461487
1932,0.5600150227546692,0.6637759208679199,0.48039719462394714,0.500813901424408,-9999,0.3769835829734802,0.37923213839530945,0.43614301085472107,0.42697426676750183,0.37104740738868713
1933,0.5588985085487366,0.6681932806968689,0.47607070207595825,0.4695725739002228,-9999,0.3875463306903839,0.40389329195022583,0.4799988865852356,0.4245915710926056,0.3758225739002228
1934,0.5544789433479309,0.5893463492393494,0.5312289595603943,0.5047593712806702,-9999,0.3950170874595642,0.36973968148231506,0.4186360239982605,0.450305312871933,0.35177192091941833
1935,0.5684881806373596,0.5805860757827759,0.5170730352401733,0.476357638835907,-9999,0.4194549024105072,0.40285617113113403,0.6028246283531189,0.4265841245651245,0.4091441333293915
1936,0.5119579434394836,0.47340714931488037,0.4364824891090393,0.4688766300678253,-9999,0.36691874265670776,0.357695072889328,0.5034705400466919,0.4222826659679413,0.35598883032798767
1937,0.5231832265853882,0.5947333574295044,0.4704352915287018,0.4879707396030426,-9999,0.3543984293937683,0.3923669159412384,0.4426429867744446,0.4688299298286438,0.36919039487838745
1938,0.5344909429550171,0.6338030099868774,0.5124298930168152,0.5169041752815247,-9999,0.37798383831977844,0.4209599494934082,0.47812339663505554,0.42701438069343567,0.37306272983551025
1939,0.5278180837631226,0.598568856716156,0.48247087001800537,0.4963251054286957,-9999,0.3859652280807495,0.45124495029449463,0.5063917636871338,0.4457857310771942,0.3628041446208954
1940,0.5479423403739929,0.6092034578323364,0.43652310967445374,0.47998034954071045,-9999,0.5116212964057922,0.4996393918991089,0.49012237787246704,0.4118364751338959,0.38909122347831726
1941,0.555489718914032,0.5788176655769348,0.47680360078811646,0.5461347103118896,-9999,0.42312419414520264,0.39365530014038086,0.49857667088508606,0.44819197058677673,0.3882283866405487
1942,0.5817455649375916,0.6347793936729431,0.4859393835067749,0.5393980741500854,-9999,0.44215694069862366,0.4385716915130615,0.5119977593421936,0.46844592690467834,0.3688163161277771
1943,0.5638906955718994,0.5652173161506653,0.4405291974544525,0.5606520175933838,-9999,0.4549996256828308,0.4631006121635437,0.4987681806087494,0.41151338815689087,0.41228705644607544
1944,0,0.5940300822257996,0.4267713129520416,0.5184246897697449,-9999,0.41889917850494385,0.44714459776878357,0.5352089405059814,0.4026108384132385,0.394955039024353
1945,0.7478833794593811,0.46796080470085144,0.4352811872959137,0.5391522645950317,-9999,0.4160676896572113,0.42552894353866577,0.4245476722717285,0.3924068212509155,0.3752978444099426
1946,0.5779621005058289,0.693094789981842,0.4584961533546448,0.5492632985115051,-9999,0.4164538085460663,0.3849600553512573,0.4646807909011841,0.4186185300350189,0.4072096347808838
1947,0.5322922468185425,0.5137012600898743,0.442910760641098,0.5766234993934631,-9999,0.42673298716545105,0.42955517768859863,0.4658028483390808,0.4486295282840729,0.39646458625793457
1948,0.48519688844680786,0.625590980052948,0.43286773562431335,0.5720281004905701,-9999,0.43621712923049927,0.44047877192497253,0.5249385833740234,0.4078478515148163,0.39230436086654663
1949,0.5183913111686707,0.49975380301475525,0.3919583261013031,0.5185102820396423,-9999,0.4144856035709381,0.37028250098228455,0.4904974400997162,0.4038090407848358,0.39418455958366394
1950,0.5213391184806824,0.4617680609226227,0.41687726974487305,0.5702347159385681,-9999,0.42199379205703735,0.35800060629844666,0.4445229768753052,0.416606605052948,0.4106518030166626
1951,0.5683768391609192,0.5808170437812805,0.42126548290252686,0.5169914960861206,-9999,0.4339424669742584,0.33201634883880615,0.49936166405677795,0.4247668981552124,0.42545902729034424
1952,0.48121559619903564,0.4856708347797394,0.4013591706752777,0.5586928129196167,-9999,0.41721826791763306,0.3428862392902374,0.5032476782798767,0.39326944947242737,0.40399810671806335
1953,0.4741867780685425,0.4266042113304138,0.4204515516757965,0.5401908159255981,-9999,0.4140404462814331,0.3487737476825714,0.47218409180641174,0.40129268169403076,0.42614901065826416
1954,0.5109642744064331,0.5108577609062195,0.4603269100189209,0.6051930785179138,-9999,0.435976505279541,0.3558715581893921,0.4618598520755768,0.4227885603904724,0.42590129375457764
1955,0.4942164421081543,0.4851190745830536,0.44834133982658386,0.5519585609436035,-9999,0.4275769293308258,0.3443849980831146,0.4879283010959625,0.3902775049209595,0.4123046100139618
1956,0.48313072323799133,0.5027689337730408,0.41440027952194214,0.5298304557800293,-9999,0.43370547890663147,0.36012691259384155,0.4891369342803955,0.3915872275829315,0.3765850365161896
1957,0.49607205390930176,0.4814116358757019,0.4468630850315094,0.5657731890678406,-9999,0.4418918788433075,0.3268224000930786,0.45443665981292725,0.41926902532577515,0.4064877927303314
1958,0.503288984298706,0.49810436367988586,0.45991286635398865,0.5524713397026062,-9999,0.4396496117115021,0.32970887422561646,0.5417777299880981,0.39755013585090637,0.4367637634277344
1959,0.4935511648654938,0.5102477073669434,0.45119962096214294,0.5768523216247559,-9999,0.47490525245666504,0.31487786769866943,0.579301118850708,0.44168710708618164,0.35484471917152405
1960,0.5272438526153564,0.4792899191379547,0.5433201193809509,0.617868185043335,-9999,0.4239028990268707,0.33734771609306335,0.6678764224052429,0.3965456783771515,0.3757376968860626
1961,0.544224202632904,0.496158242225647,0.4424622356891632,0.5175176858901978,-9999,0.42963942885398865,0.35633260011672974,0.500926673412323,0.40685030817985535,0.38517874479293823
1962,0.495390921831131,0.4555152654647827,0.39823946356773376,0.4938351511955261,-9999,0.38279634714126587,0.3499777317047119,0.4793885052204132,0.396648108959198,0.40796029567718506
1963,0.46870630979537964,0.4677209258079529,0.41680681705474854,0.4613865613937378,-9999,0.4119757413864136,0.37562936544418335,0.45931336283683777,0.3946167826652527,0.39475777745246887
1964,0.5984891653060913,0.475306898355484,0.42184075713157654,0.5757315158843994,-9999,0.41463643312454224,0.36218738555908203,0.40386614203453064,0.39797303080558777,0.3770889937877655
1965,0.473312646150589,0.43462204933166504,0.3808981776237488,0.47858959436416626,-9999,0.4129697382450104,0.31765979528427124,0.5324562191963196,0.3634052574634552,0.404672771692276
1966,0.4907359778881073,0.45858466625213623,0.4222361743450165,0.5320495367050171,-9999,0.43934154510498047,0.36489537358283997,0.4423862397670746,0.40268030762672424,0.40074121952056885
1967,0.5097652077674866,0.5076378583908081,0.44170886278152466,0.5449905395507812,-9999,0.4238114356994629,0.35253632068634033,0.49296972155570984,0.41292089223861694,0.3690616190433502
1968,0.5039986968040466,0.4455222189426422,0.39024290442466736,0.40481460094451904,-9999,0.4236280024051666,0.317111074924469,0.49870383739471436,0.36882221698760986,0.36842554807662964
1969,0.5112890601158142,0.43377193808555603,0.390277624130249,0.4791305959224701,-9999,0.4132213294506073,0.3852669894695282,0.4409082531929016,0.3818143904209137,0.3662269413471222
1970,0.4977174997329712,0.4471494257450104,0.41643741726875305,0.553119421005249,-9999,0.4177800416946411,0.42488405108451843,0.5446435213088989,0.3601124584674835,0.35743218660354614
1971,0.48494860529899597,0.4540858268737793,0.42176011204719543,0,-9999,0.4139048159122467,0.3852260112762451,0.5842164158821106,0.3808068037033081,0.3687795400619507
1972,0.4582488238811493,0.4234972298145294,0.4701506793498993,0,-9999,0.3962225615978241,0.38673022389411926,0.5402559041976929,0.3445758521556854,0.3288964331150055
1973,0.5086589455604553,0.48671993613243103,0.5944506525993347,0,-9999,0.4180236756801605,0.36818069219589233,0.4629824161529541,0.3968302309513092,0.3363170921802521
1974,0.5187174081802368,0.46236321330070496,0.4925069808959961,0.5354904532432556,-9999,0.41786786913871765,0.3864985704421997,0.4183926582336426,0.3829542398452759,0.4020876884460449
1975,0.43233534693717957,0.4499720335006714,0.4600737392902374,0.42860573530197144,-9999,0.41273069381713867,0.33813658356666565,0.3637729585170746,0.3806445598602295,0.33943429589271545
1976,0.4929363429546356,0.48986998200416565,0.44405025243759155,0.5889943242073059,-9999,0.44876593351364136,0.35803788900375366,0.34560060501098633,0.4270934760570526,0.3336302936077118
1977,0.4627598822116852,0.44651371240615845,0.39645352959632874,0.5354601144790649,-9999,0.4064885377883911,0.3529171645641327,0.35868480801582336,0.41399943828582764,0.3354893922805786
1978,0.4403234124183655,0.4292432963848114,0.37945353984832764,0.5639781355857849,-9999,0.39417558908462524,0.378601998090744,0.3864886462688446,0.35855287313461304,0.3738313913345337
1979,0.4594927430152893,0.44548195600509644,0.43146729469299316,0.5613523125648499,-9999,0.39655718207359314,0.3804318308830261,0.3928912878036499,0.38755807280540466,0.35281094908714294
1980,0.4520595073699951,0.4855935275554657,0.4677162766456604,0.5182692408561707,-9999,0.427248477935791,0.3588455319404602,0.4205591380596161,0.4111855626106262,0.3871515691280365
1981,0.4654524624347687,0.4430975615978241,0.40567031502723694,0.5037016868591309,-9999,0.4172825217247009,0.3440469801425934,0.3741501271724701,0.39531636238098145,0.3752499222755432
1982,0.43398576974868774,0.4686874747276306,0.4121975004673004,0.5432857871055603,-9999,0.42819929122924805,0.3756383955478668,0.4136377274990082,0.42134901881217957,0.3489721119403839
1983,0.442510724067688,0.442192941904068,0.40478870272636414,0.46434518694877625,-9999,0.4044182598590851,0.3580953776836395,0.4049433767795563,0.4052608013153076,0.34774643182754517
1984,0.4164215326309204,0.4223474860191345,0.4018176794052124,0.45624110102653503,-9999,0.4123893678188324,0.3805176913738251,0.510682225227356,0.394207626581192,0.37685272097587585
1985,0.4411749243736267,0.4584507942199707,0.443538635969162,0.5324124693870544,-9999,0.4306028187274933,0.33053892850875854,0.5650801658630371,0.37932050228118896,0.3698730170726776
1986,0.4217536151409149,0.4518294036388397,0.38112887740135193,0.5163308382034302,-9999,0.39973539113998413,0.38043370842933655,0.5373391509056091,0.37825098633766174,0.3546122610569
1987,0.46961167454719543,0.5004652142524719,0.3972715437412262,0.5021272301673889,-9999,0.405704140663147,0.4004761874675751,0.5184149146080017,0.4094521999359131,0.4827860891819
1988,0.49089154601097107,0.4446178376674652,0.444750040769577,0.4690313935279846,-9999,0.40715810656547546,0.37594711780548096,0.5317134261131287,0.4045052230358124,0.4196084141731262
1989,0.45137718319892883,0.44618117809295654,0.4159417748451233,0.46949294209480286,-9999,0.4383804202079773,0.40106818079948425,0.5906027555465698,0.43691521883010864,0.40335649251937866
1990,0.436277836561203,0.4720272421836853,0.42867136001586914,0.4493485689163208,-9999,0.4093826115131378,0.3491034507751465,0.5567662119865417,0.4221073091030121,0.4201471507549286
1991,0.42912301421165466,0.4410751760005951,0.38179782032966614,0.5029802918434143,-9999,0.3879780173301697,0.32250258326530457,0.4973345994949341,0.4213590919971466,0.40410128235816956
1992,0.4286942780017853,0.41006341576576233,0.38320931792259216,0.4436943531036377,-9999,0.39261960983276367,0.32118239998817444,0.4846356213092804,0.4062604606151581,0.38196155428886414
1993,0.46806904673576355,0.47444912791252136,0.42434853315353394,0.4321134686470032,-9999,0.4286746084690094,0.3587348163127899,0.5891202092170715,0.45832952857017517,0.4300077557563782
1994,0.4795929491519928,0.4755203127861023,0.4386617839336395,0.45413413643836975,-9999,0.4063165485858917,0.3585234582424164,0.5673734545707703,0.44109001755714417,0.4226280152797699
1995,0.43645551800727844,0.42614930868148804,0.4072181284427643,0.42209264636039734,-9999,0.4018266499042511,0.31498947739601135,0.4796234965324402,0.39987045526504517,0.3956596255302429
1996,0.44716182351112366,0.47026363015174866,0.4175236225128174,0.4639718234539032,-9999,0.41235336661338806,0.36153945326805115,0.5391989946365356,0.45526328682899475,0.4117990732192993
1997,0.44235485792160034,0.46631595492362976,0.4125073254108429,0.44082674384117126,-9999,0.41007286310195923,0.3543732166290283,0.5366949439048767,0.47849515080451965,0.4701067805290222
1998,0.43900153040885925,0.43633127212524414,0.3983614444732666,0.43006059527397156,-9999,0.39263322949409485,0.3395529091358185,0.5704377889633179,0.4172397255897522,0.39068156480789185
1999,0.4599771797657013,0.463651180267334,0.4313723146915436,0.43106067180633545,-9999,0.41055887937545776,0.33574995398521423,0.5070955753326416,0.444255530834198,0.4827924072742462
2000,0.4969654381275177,0.4976530075073242,0.42363211512565613,0.4488371014595032,-9999,0.4505231976509094,0.36610808968544006,0.5452437996864319,0.49067261815071106,0.4561808407306671
2001,0.4738815724849701,0.47251543402671814,0.41976097226142883,0.4540441036224365,-9999,0.46052953600883484,0.37292471528053284,0.5459559559822083,0.4661067724227905,0.46842288970947266
2002,0.4503978490829468,0.454619824886322,0.4323612153530121,0.42987239360809326,-9999,0.4562219977378845,0.3460392653942108,0.5564084649085999,0.3978893756866455,0.43501800298690796
2003,0.4762541353702545,0.48442792892456055,0.431257426738739,0.4334092140197754,-9999,0.42504677176475525,0.3630377948284149,0.5402231216430664,0.44980862736701965,0.4282684028148651
2004,0.47159135341644287,0.4549468159675598,0.43267324566841125,0.46611589193344116,-9999,0.42924928665161133,0.34690219163894653,0.5213424563407898,0.44039490818977356,0.44530045986175537
2005,0.4470720887184143,0.4845331609249115,0.43345382809638977,0.43439823389053345,-9999,0.4364391267299652,0.36223292350769043,0.5584877729415894,0.43217095732688904,0.4301038384437561
2006,0.498987078666687,0.5224810838699341,0.4369702935218811,0.5051255822181702,-9999,0.41099491715431213,0.3735395073890686,0.5280401110649109,0.4944595992565155,0.4504508376121521
2007,0.4899779260158539,0.4794125258922577,0.4025801420211792,0.45182090997695923,-9999,0.4191085398197174,0.3414972424507141,0.505678117275238,0.4724371135234833,0.4261288642883301
2008,0.4840545356273651,0.49511241912841797,0.4093756675720215,0.5141249299049377,-9999,0.4204848110675812,0.35312753915786743,0.5269079804420471,0.45869526267051697,0.40317243337631226
2009,0.48705950379371643,0.4909791946411133,0.4122445285320282,0.45868030190467834,-9999,0.4012441337108612,0.3545565605163574,0.5107161998748779,0.5057350993156433,0.4187413156032562
2010,0.5172976851463318,0.5134466886520386,0.41726958751678467,0.45245248079299927,0,0.42739254236221313,0.33488890528678894,0.5376726388931274,0.5162010788917542,0.44269728660583496
2011,0.48879387974739075,0.5108314752578735,0.418241411447525,0.4053201377391815,0.6253394484519958,0.4412456750869751,0.3850562572479248,0.5757887959480286,0.5237889885902405,0.4576142728328705
2012,0.4889838695526123,0.4744166433811188,0.4049876034259796,0.4517976939678192,0.4587858319282532,0.4207575023174286,0.3387114405632019,0.5182888507843018,0.48128628730773926,0.4511619806289673
2013,0.47535252571105957,0.5295194983482361,0.46689069271087646,0.43044397234916687,0.4771001636981964,0.44474440813064575,0.36899420619010925,0.5503984689712524,0.5008128881454468,0.4413536489009857
2014,0.4821814298629761,0.5417674779891968,0.41220876574516296,0.4148150384426117,0.495245099067688,0.4243011772632599,0.37054386734962463,0.5784184336662292,0.4966200590133667,0.4468010663986206
2015,0.472695529460907,0.5036564469337463,0.4073084592819214,0.4236747920513153,0.44711241126060486,0.4039604961872101,0.3422930836677551,0.5331507921218872,0.4159832298755646,0.3802742660045624
2016,0.4922901690006256,0.4977330267429352,0.4473538398742676,0.4069613218307495,0.48133277893066406,0.4722992479801178,0.39074453711509705,0.5483170747756958,0.4870392382144928,0.4223051369190216
2017,0.48515981435775757,0.508903980255127,0.4187982380390167,0.41686680912971497,0.4725590944290161,0.39553773403167725,0.3449094295501709,0.5497689247131348,0.4658118784427643,0.3949679732322693
2018,0.47394058108329773,0.5597408413887024,0.4617423415184021,0.4549110233783722,0.4749860465526581,0.4617824852466583,0.41418173909187317,0.5630381107330322,0.46577388048171997,0.4151763617992401
2019,0.5221956968307495,0.5313782095909119,0.4535790979862213,0.45829612016677856,0.4446147084236145,0.46692541241645813,0.36689984798431396,0.5732117295265198,0.4839635193347931,0.42132291197776794
2020,0.48460108041763306,0.5032598972320557,0.42775070667266846,0.44811972975730896,0.44347482919692993,0.4675467014312744,0.3650924563407898,0.5436890125274658,0.46806812286376953,0.4362921416759491
2021,0.47757506370544434,0.481591135263443,0.37494632601737976,0.4605426490306854,0.48393818736076355,0.47432512044906616,0.37631934881210327,0.5819345712661743,0.516619086265564,0.43694913387298584
2022,0.39147475361824036,0.4676372706890106,0,0.42087703943252563,0.4227524697780609,0.4410565197467804,0.34064462780952454,0.5406917333602905,0.4792025685310364,0.4179980754852295